timestamp,satellite_id,bus_voltage,battery_temperature,reaction_wheel_speed,sun_sensor_intensity,operating_mode,anomaly_label
2026-01-15T00:00:00Z,SAT-1000,27.986,20.03,1544.2,0.7535,NOMINAL,0
2026-01-15T00:00:10Z,SAT-1001,27.357,20.18,1526.9,0.6145,NOMINAL,0
2026-01-15T00:00:20Z,SAT-1002,28.203,20.22,1520.5,0.6887,NOMINAL,0
2026-01-15T00:00:30Z,SAT-1003,27.335,19.58,1490.0,0.8583,NOMINAL,0
2026-01-15T00:00:40Z,SAT-1004,28.571,20.25,1485.0,0.9896,NOMINAL,0
2026-01-15T00:00:50Z,SAT-1005,27.696,19.95,1518.9,0.9733,NOMINAL,0
2026-01-15T00:01:00Z,SAT-1006,27.871,20.15,1536.7,0.9047,NOMINAL,0
2026-01-15T00:01:10Z,SAT-1000,27.776,19.63,1519.6,0.8318,NOMINAL,0
2026-01-15T00:01:20Z,SAT-1001,27.284,20.18,1743.2,0.8749,SAFE_HOLD,1
2026-01-15T00:01:30Z,SAT-1002,27.351,20.23,1512.8,0.6347,NOMINAL,0
2026-01-15T00:01:40Z,SAT-1003,27.489,20.51,1525.3,0.633,NOMINAL,0
2026-01-15T00:01:50Z,SAT-1004,27.739,20.76,1522.3,0.755,NOMINAL,0
2026-01-15T00:02:00Z,SAT-1005,27.808,20.23,1485.6,0.8029,NOMINAL,0
2026-01-15T00:02:10Z,SAT-1006,28.04,20.22,1471.4,0.8944,NOMINAL,0
2026-01-15T00:02:20Z,SAT-1000,28.369,20.49,1495.7,0.7222,NOMINAL,0
2026-01-15T00:02:30Z,SAT-1001,28.178,20.31,1467.4,0.9402,NOMINAL,0
2026-01-15T00:02:40Z,SAT-1002,27.908,20.12,1485.7,0.6333,NOMINAL,0
2026-01-15T00:02:50Z,SAT-1003,27.685,20.22,1454.8,0.9045,NOMINAL,0
2026-01-15T00:03:00Z,SAT-1004,27.281,20.31,1499.7,0.9199,NOMINAL,0
2026-01-15T00:03:10Z,SAT-1005,27.915,20.13,1513.8,0.9903,NOMINAL,0
2026-01-15T00:03:20Z,SAT-1006,28.4,20.46,1465.7,0.9498,NOMINAL,0
2026-01-15T00:03:30Z,SAT-1000,28.513,20.4,1507.2,0.952,NOMINAL,0
2026-01-15T00:03:40Z,SAT-1001,27.482,20.95,1667.9,0.9287,SAFE_HOLD,1
2026-01-15T00:03:50Z,SAT-1002,28.103,20.59,1558.7,0.7719,NOMINAL,0
2026-01-15T00:04:00Z,SAT-1003,27.918,21.03,1493.3,0.9325,NOMINAL,0
2026-01-15T00:04:10Z,SAT-1004,27.452,20.68,1507.0,0.6371,NOMINAL,0
2026-01-15T00:04:20Z,SAT-1005,28.1,20.49,1492.8,0.81,NOMINAL,0
2026-01-15T00:04:30Z,SAT-1006,27.977,20.46,1532.4,0.6766,NOMINAL,0
2026-01-15T00:04:40Z,SAT-1000,27.76,20.65,1499.9,0.8801,NOMINAL,0
2026-01-15T00:04:50Z,SAT-1001,27.958,20.13,1505.7,0.9591,NOMINAL,0
2026-01-15T00:05:00Z,SAT-1002,28.767,19.75,1498.2,0.7952,STANDBY,0
2026-01-15T00:05:10Z,SAT-1003,28.388,20.1,1449.9,0.7323,NOMINAL,0
2026-01-15T00:05:20Z,SAT-1004,27.731,20.64,1500.7,0.7355,NOMINAL,0
2026-01-15T00:05:30Z,SAT-1005,27.841,20.64,1494.5,0.7884,NOMINAL,0
2026-01-15T00:05:40Z,SAT-1006,28.593,20.36,1492.3,0.8398,NOMINAL,0
2026-01-15T00:05:50Z,SAT-1000,27.885,20.78,1489.1,0.78,NOMINAL,0
2026-01-15T00:06:00Z,SAT-1001,28.881,20.81,1461.4,0.6168,NOMINAL,0
2026-01-15T00:06:10Z,SAT-1002,28.722,20.68,1497.3,0.9979,NOMINAL,0
2026-01-15T00:06:20Z,SAT-1003,26.947,20.85,1469.9,0.8853,NOMINAL,0
2026-01-15T00:06:30Z,SAT-1004,28.234,21.17,1511.6,0.6772,NOMINAL,0
2026-01-15T00:06:40Z,SAT-1005,27.309,20.74,1712.0,0.6564,SAFE_HOLD,1
2026-01-15T00:06:50Z,SAT-1006,28.001,21.07,1480.8,0.8831,NOMINAL,0
2026-01-15T00:07:00Z,SAT-1000,28.083,20.96,1444.7,0.6457,NOMINAL,0
2026-01-15T00:07:10Z,SAT-1001,28.035,20.73,1477.1,0.7254,NOMINAL,0
2026-01-15T00:07:20Z,SAT-1002,28.345,21.05,1499.4,0.7333,STANDBY,0
2026-01-15T00:07:30Z,SAT-1003,27.457,21.37,1482.1,0.9856,NOMINAL,0
2026-01-15T00:07:40Z,SAT-1004,27.658,21.16,1549.9,0.9948,NOMINAL,0
2026-01-15T00:07:50Z,SAT-1005,28.23,21.16,1529.6,0.85,STANDBY,0
2026-01-15T00:08:00Z,SAT-1006,28.343,21.02,1685.9,0.7642,SAFE_HOLD,1
2026-01-15T00:08:10Z,SAT-1000,28.443,20.44,1484.0,0.6712,NOMINAL,0
2026-01-15T00:08:20Z,SAT-1001,28.483,21.3,1491.8,0.728,NOMINAL,0
2026-01-15T00:08:30Z,SAT-1002,28.35,21.48,1493.6,0.7872,NOMINAL,0
2026-01-15T00:08:40Z,SAT-1003,27.818,21.12,1528.7,0.7277,NOMINAL,0
2026-01-15T00:08:50Z,SAT-1004,27.23,20.73,1476.6,0.6006,NOMINAL,0
2026-01-15T00:09:00Z,SAT-1005,28.174,20.99,1508.8,0.9882,NOMINAL,0
2026-01-15T00:09:10Z,SAT-1006,28.176,21.38,1459.7,0.8724,NOMINAL,0
2026-01-15T00:09:20Z,SAT-1000,27.74,21.49,1503.0,0.889,NOMINAL,0
2026-01-15T00:09:30Z,SAT-1001,28.04,20.75,1508.2,0.8873,NOMINAL,0
2026-01-15T00:09:40Z,SAT-1002,27.844,20.99,1471.5,0.6442,NOMINAL,0
2026-01-15T00:09:50Z,SAT-1003,28.261,20.7,1523.2,0.6153,NOMINAL,0
2026-01-15T00:10:00Z,SAT-1004,28.09,21.13,1473.5,0.7412,NOMINAL,0
2026-01-15T00:10:10Z,SAT-1005,27.934,21.11,1475.7,0.7674,NOMINAL,0
2026-01-15T00:10:20Z,SAT-1006,29.182,21.36,1580.0,0.6915,NOMINAL,0
2026-01-15T00:10:30Z,SAT-1000,27.559,21.34,1527.2,0.9196,NOMINAL,0
2026-01-15T00:10:40Z,SAT-1001,28.228,21.45,1496.7,0.8938,STANDBY,0
2026-01-15T00:10:50Z,SAT-1002,28.082,21.07,1508.5,0.7858,NOMINAL,0
2026-01-15T00:11:00Z,SAT-1003,27.531,21.4,1477.0,0.6123,NOMINAL,0
2026-01-15T00:11:10Z,SAT-1004,28.025,21.89,1464.5,0.9734,NOMINAL,0
2026-01-15T00:11:20Z,SAT-1005,28.14,21.83,1499.9,0.9659,NOMINAL,0
2026-01-15T00:11:30Z,SAT-1006,27.975,21.15,1538.9,0.7291,NOMINAL,0
2026-01-15T00:11:40Z,SAT-1000,28.875,21.99,1498.6,0.9033,NOMINAL,0
2026-01-15T00:11:50Z,SAT-1001,27.987,21.05,1476.1,0.6402,NOMINAL,0
2026-01-15T00:12:00Z,SAT-1002,27.17,21.24,1472.1,0.838,NOMINAL,0
2026-01-15T00:12:10Z,SAT-1003,28.146,21.22,1501.7,0.6855,NOMINAL,0
2026-01-15T00:12:20Z,SAT-1004,28.518,21.74,1495.9,0.6952,NOMINAL,0
2026-01-15T00:12:30Z,SAT-1005,27.258,22.04,1474.9,0.6152,STANDBY,0
2026-01-15T00:12:40Z,SAT-1006,27.72,21.45,1450.4,0.869,NOMINAL,0
2026-01-15T00:12:50Z,SAT-1000,28.169,21.21,1501.4,0.6901,NOMINAL,0
2026-01-15T00:13:00Z,SAT-1001,28.24,21.28,1517.0,0.9758,NOMINAL,0
2026-01-15T00:13:10Z,SAT-1002,27.923,21.52,1493.9,0.9297,NOMINAL,0
2026-01-15T00:13:20Z,SAT-1003,27.858,21.86,1483.3,0.9045,NOMINAL,0
2026-01-15T00:13:30Z,SAT-1004,28.078,20.91,1474.5,0.6979,NOMINAL,0
2026-01-15T00:13:40Z,SAT-1005,26.969,21.73,1478.0,0.7953,NOMINAL,0
2026-01-15T00:13:50Z,SAT-1006,28.258,22.09,1472.2,0.685,NOMINAL,0
2026-01-15T00:14:00Z,SAT-1000,27.488,21.62,1506.1,0.8023,NOMINAL,0
2026-01-15T00:14:10Z,SAT-1001,27.834,22.06,1720.7,0.8223,SAFE_HOLD,1
2026-01-15T00:14:20Z,SAT-1002,28.571,22.08,1463.7,0.7964,NOMINAL,0
2026-01-15T00:14:30Z,SAT-1003,27.792,21.6,1498.6,0.9653,NOMINAL,0
2026-01-15T00:14:40Z,SAT-1004,28.541,21.58,1538.3,0.6425,NOMINAL,0
2026-01-15T00:14:50Z,SAT-1005,27.934,21.86,1518.5,0.678,NOMINAL,0
2026-01-15T00:15:00Z,SAT-1006,27.881,21.88,1504.0,0.8209,NOMINAL,0
2026-01-15T00:15:10Z,SAT-1000,28.018,21.8,1540.5,0.7402,NOMINAL,0
2026-01-15T00:15:20Z,SAT-1001,27.959,22.27,1473.9,0.762,NOMINAL,0
2026-01-15T00:15:30Z,SAT-1002,27.717,21.82,1490.4,0.7046,NOMINAL,0
2026-01-15T00:15:40Z,SAT-1003,28.38,22.07,1521.6,0.8712,NOMINAL,0
2026-01-15T00:15:50Z,SAT-1004,28.098,21.95,1463.9,0.7604,NOMINAL,0
2026-01-15T00:16:00Z,SAT-1005,28.094,21.73,1707.2,0.7251,SAFE_HOLD,1
2026-01-15T00:16:10Z,SAT-1006,28.342,22.31,1722.5,0.9117,SAFE_HOLD,1
2026-01-15T00:16:20Z,SAT-1000,27.515,22.1,1496.2,0.9976,NOMINAL,0
2026-01-15T00:16:30Z,SAT-1001,27.689,21.56,1517.4,0.6672,NOMINAL,0
2026-01-15T00:16:40Z,SAT-1002,27.538,19.59,1483.1,0.6442,NOMINAL,0
2026-01-15T00:16:50Z,SAT-1003,27.609,20.18,1529.4,0.8408,NOMINAL,0
2026-01-15T00:17:00Z,SAT-1004,27.046,21.0,1495.0,0.7324,NOMINAL,0
2026-01-15T00:17:10Z,SAT-1005,27.578,19.29,1484.5,0.9614,NOMINAL,0
2026-01-15T00:17:20Z,SAT-1006,27.94,20.02,1460.8,0.8503,NOMINAL,0
2026-01-15T00:17:30Z,SAT-1000,28.391,20.03,1504.6,0.988,NOMINAL,0
2026-01-15T00:17:40Z,SAT-1001,28.217,19.73,1523.3,0.8774,NOMINAL,0
2026-01-15T00:17:50Z,SAT-1002,27.679,20.46,1492.7,0.6626,NOMINAL,0
2026-01-15T00:18:00Z,SAT-1003,28.469,19.88,1548.4,0.7989,NOMINAL,0
2026-01-15T00:18:10Z,SAT-1004,28.088,20.54,1477.6,0.863,NOMINAL,0
2026-01-15T00:18:20Z,SAT-1005,28.011,20.36,1511.9,0.9463,NOMINAL,0
2026-01-15T00:18:30Z,SAT-1006,27.926,20.08,1513.5,0.6368,NOMINAL,0
2026-01-15T00:18:40Z,SAT-1000,27.394,20.1,1446.7,0.6061,NOMINAL,0
2026-01-15T00:18:50Z,SAT-1001,28.061,20.8,1503.7,0.6639,NOMINAL,0
2026-01-15T00:19:00Z,SAT-1002,28.569,20.55,1485.6,0.9934,NOMINAL,0
2026-01-15T00:19:10Z,SAT-1003,28.152,20.48,1516.0,0.8503,NOMINAL,0
2026-01-15T00:19:20Z,SAT-1004,28.019,20.29,1480.1,0.9023,NOMINAL,0
2026-01-15T00:19:30Z,SAT-1005,28.56,20.53,1504.5,0.8637,NOMINAL,0
2026-01-15T00:19:40Z,SAT-1006,28.34,20.85,1474.6,0.8347,NOMINAL,0
2026-01-15T00:19:50Z,SAT-1000,28.292,20.53,1493.2,0.6441,NOMINAL,0
2026-01-15T00:20:00Z,SAT-1001,27.991,19.96,1521.3,0.7025,NOMINAL,0
2026-01-15T00:20:10Z,SAT-1002,28.32,19.99,1515.3,0.7838,NOMINAL,0
2026-01-15T00:20:20Z,SAT-1003,27.926,20.3,1487.0,0.8644,NOMINAL,0
2026-01-15T00:20:30Z,SAT-1004,28.482,20.66,1500.0,0.8297,NOMINAL,0
2026-01-15T00:20:40Z,SAT-1005,28.438,20.77,1490.0,0.7142,NOMINAL,0
2026-01-15T00:20:50Z,SAT-1006,28.063,20.33,1506.0,0.6574,NOMINAL,0
2026-01-15T00:21:00Z,SAT-1000,28.51,20.74,1512.8,0.9561,NOMINAL,0
2026-01-15T00:21:10Z,SAT-1001,27.969,20.86,1461.6,0.9358,NOMINAL,0
2026-01-15T00:21:20Z,SAT-1002,28.547,20.36,1508.0,0.7159,NOMINAL,0
2026-01-15T00:21:30Z,SAT-1003,28.7,20.23,1514.7,0.8521,NOMINAL,0
2026-01-15T00:21:40Z,SAT-1004,28.11,21.19,1501.7,0.7983,NOMINAL,0
2026-01-15T00:21:50Z,SAT-1005,28.382,20.24,1475.0,0.7699,NOMINAL,0
2026-01-15T00:22:00Z,SAT-1006,27.612,20.59,1497.7,0.9423,NOMINAL,0
2026-01-15T00:22:10Z,SAT-1000,27.838,20.48,1491.9,0.7478,NOMINAL,0
2026-01-15T00:22:20Z,SAT-1001,27.815,20.5,1477.3,0.64,NOMINAL,0
2026-01-15T00:22:30Z,SAT-1002,27.667,20.78,1514.1,0.8091,NOMINAL,0
2026-01-15T00:22:40Z,SAT-1003,28.365,20.78,1523.4,0.7408,NOMINAL,0
2026-01-15T00:22:50Z,SAT-1004,27.871,21.03,1514.3,0.6644,NOMINAL,0
2026-01-15T00:23:00Z,SAT-1005,28.286,20.41,1583.4,0.9065,NOMINAL,0
2026-01-15T00:23:10Z,SAT-1006,27.709,21.16,1501.1,0.9147,NOMINAL,0
2026-01-15T00:23:20Z,SAT-1000,27.924,20.98,1543.7,0.8693,NOMINAL,0
2026-01-15T00:23:30Z,SAT-1001,27.844,21.57,1443.2,0.7618,NOMINAL,0
2026-01-15T00:23:40Z,SAT-1002,27.278,20.96,1537.5,0.6093,NOMINAL,0
2026-01-15T00:23:50Z,SAT-1003,28.023,20.96,1675.2,0.6014,SAFE_HOLD,1
2026-01-15T00:24:00Z,SAT-1004,28.116,20.53,1488.4,0.9144,NOMINAL,0
2026-01-15T00:24:10Z,SAT-1005,28.165,21.05,1681.1,0.9077,SAFE_HOLD,1
2026-01-15T00:24:20Z,SAT-1006,28.37,21.27,1467.0,0.8768,STANDBY,0
2026-01-15T00:24:30Z,SAT-1000,27.72,20.94,1506.3,0.9199,NOMINAL,0
2026-01-15T00:24:40Z,SAT-1001,28.601,20.53,1523.4,0.8059,NOMINAL,0
2026-01-15T00:24:50Z,SAT-1002,27.73,20.86,1462.3,0.7785,NOMINAL,0
2026-01-15T00:25:00Z,SAT-1003,28.17,21.38,1700.7,0.7356,SAFE_HOLD,1
2026-01-15T00:25:10Z,SAT-1004,27.485,20.82,1509.2,0.9615,NOMINAL,0
2026-01-15T00:25:20Z,SAT-1005,27.691,21.35,1705.0,0.8875,SAFE_HOLD,1
2026-01-15T00:25:30Z,SAT-1006,28.023,21.45,1518.0,0.8775,NOMINAL,0
2026-01-15T00:25:40Z,SAT-1000,27.959,21.02,1671.4,0.937,SAFE_HOLD,1
2026-01-15T00:25:50Z,SAT-1001,28.215,20.72,1494.8,0.8797,NOMINAL,0
2026-01-15T00:26:00Z,SAT-1002,27.05,21.36,1484.0,0.9419,NOMINAL,0
2026-01-15T00:26:10Z,SAT-1003,28.103,20.71,1671.4,0.7071,SAFE_HOLD,1
2026-01-15T00:26:20Z,SAT-1004,28.083,21.72,1541.3,0.7577,NOMINAL,0
2026-01-15T00:26:30Z,SAT-1005,28.323,21.13,1484.2,0.6268,NOMINAL,0
2026-01-15T00:26:40Z,SAT-1006,28.407,20.9,1515.7,0.7156,NOMINAL,0
2026-01-15T00:26:50Z,SAT-1000,27.998,21.2,1489.9,0.8018,NOMINAL,0
2026-01-15T00:27:00Z,SAT-1001,28.394,21.28,1538.9,0.7774,NOMINAL,0
2026-01-15T00:27:10Z,SAT-1002,28.3,21.8,1465.6,0.768,NOMINAL,0
2026-01-15T00:27:20Z,SAT-1003,28.071,21.47,1514.4,0.9765,NOMINAL,0
2026-01-15T00:27:30Z,SAT-1004,28.379,21.6,1479.8,0.8878,NOMINAL,0
2026-01-15T00:27:40Z,SAT-1005,28.343,21.18,1494.2,0.936,NOMINAL,0
2026-01-15T00:27:50Z,SAT-1006,28.205,20.84,1470.3,0.9685,NOMINAL,0
2026-01-15T00:28:00Z,SAT-1000,28.335,21.04,1527.5,0.6852,NOMINAL,0
2026-01-15T00:28:10Z,SAT-1001,28.254,21.12,1553.1,0.8519,NOMINAL,0
2026-01-15T00:28:20Z,SAT-1002,27.581,21.82,1537.7,0.7398,NOMINAL,0
2026-01-15T00:28:30Z,SAT-1003,27.838,21.2,1512.2,0.7773,NOMINAL,0
2026-01-15T00:28:40Z,SAT-1004,27.523,21.61,1507.4,0.6059,NOMINAL,0
2026-01-15T00:28:50Z,SAT-1005,27.828,20.99,1513.4,0.8637,NOMINAL,0
2026-01-15T00:29:00Z,SAT-1006,27.86,21.5,1465.9,0.9216,NOMINAL,0
2026-01-15T00:29:10Z,SAT-1000,28.076,21.07,1487.4,0.6224,NOMINAL,0
2026-01-15T00:29:20Z,SAT-1001,28.289,21.41,1465.9,0.6067,NOMINAL,0
2026-01-15T00:29:30Z,SAT-1002,27.987,21.69,1493.9,0.8665,NOMINAL,0
2026-01-15T00:29:40Z,SAT-1003,28.425,21.82,1516.3,0.8489,NOMINAL,0
2026-01-15T00:29:50Z,SAT-1004,27.987,21.66,1542.2,0.7614,NOMINAL,0
2026-01-15T00:30:00Z,SAT-1005,29.328,21.46,1545.6,0.9589,NOMINAL,0
2026-01-15T00:30:10Z,SAT-1006,28.164,21.64,1511.7,0.8483,NOMINAL,0
2026-01-15T00:30:20Z,SAT-1000,28.356,21.67,1669.9,0.6978,SAFE_HOLD,1
2026-01-15T00:30:30Z,SAT-1001,28.494,21.75,1501.9,0.6328,NOMINAL,0
2026-01-15T00:30:40Z,SAT-1002,27.733,22.1,1535.0,0.8601,NOMINAL,0
2026-01-15T00:30:50Z,SAT-1003,28.117,21.84,1476.5,0.7257,NOMINAL,0
2026-01-15T00:31:00Z,SAT-1004,28.031,21.51,1492.6,0.9673,NOMINAL,0
2026-01-15T00:31:10Z,SAT-1005,28.39,21.52,1491.6,0.6645,NOMINAL,0
2026-01-15T00:31:20Z,SAT-1006,27.724,21.54,1501.6,0.9366,NOMINAL,0
2026-01-15T00:31:30Z,SAT-1000,28.488,22.14,1527.8,0.6368,NOMINAL,0
2026-01-15T00:31:40Z,SAT-1001,28.09,22.15,1745.2,0.7591,SAFE_HOLD,1
2026-01-15T00:31:50Z,SAT-1002,28.028,21.5,1485.4,0.7241,NOMINAL,0
2026-01-15T00:32:00Z,SAT-1003,28.231,21.39,1465.5,0.6091,NOMINAL,0
2026-01-15T00:32:10Z,SAT-1004,27.246,22.33,1530.6,0.7406,NOMINAL,0
2026-01-15T00:32:20Z,SAT-1005,28.383,22.0,1503.4,0.6152,NOMINAL,0
2026-01-15T00:32:30Z,SAT-1006,27.604,21.21,1498.4,0.7405,NOMINAL,0
2026-01-15T00:32:40Z,SAT-1000,27.32,21.59,1505.1,0.7808,NOMINAL,0
2026-01-15T00:32:50Z,SAT-1001,28.06,21.85,1504.3,0.7878,NOMINAL,0
2026-01-15T00:33:00Z,SAT-1002,28.604,22.3,1467.1,0.7737,NOMINAL,0
2026-01-15T00:33:10Z,SAT-1003,27.997,21.6,1485.7,0.8703,NOMINAL,0
2026-01-15T00:33:20Z,SAT-1004,28.481,19.72,1478.6,0.6847,NOMINAL,0
2026-01-15T00:33:30Z,SAT-1005,28.578,20.24,1491.6,0.639,NOMINAL,0
2026-01-15T00:33:40Z,SAT-1006,27.946,20.0,1565.4,0.9108,NOMINAL,0
2026-01-15T00:33:50Z,SAT-1000,27.613,20.57,1550.6,0.8751,NOMINAL,0
2026-01-15T00:34:00Z,SAT-1001,27.548,19.91,1485.0,0.8298,NOMINAL,0
2026-01-15T00:34:10Z,SAT-1002,28.022,19.85,1453.9,0.8029,NOMINAL,0
2026-01-15T00:34:20Z,SAT-1003,28.033,20.69,1504.8,0.8521,NOMINAL,0
2026-01-15T00:34:30Z,SAT-1004,28.369,20.58,1546.8,0.7712,NOMINAL,0
2026-01-15T00:34:40Z,SAT-1005,27.503,20.37,1504.5,0.6587,NOMINAL,0
2026-01-15T00:34:50Z,SAT-1006,28.147,20.39,1481.5,0.944,NOMINAL,0
2026-01-15T00:35:00Z,SAT-1000,28.068,20.61,1496.5,0.6057,NOMINAL,0
2026-01-15T00:35:10Z,SAT-1001,27.7,20.46,1510.8,0.9266,NOMINAL,0
2026-01-15T00:35:20Z,SAT-1002,27.613,20.4,1442.2,0.644,NOMINAL,0
2026-01-15T00:35:30Z,SAT-1003,28.735,20.45,1475.8,0.847,NOMINAL,0
2026-01-15T00:35:40Z,SAT-1004,27.732,20.53,1546.7,0.9284,NOMINAL,0
2026-01-15T00:35:50Z,SAT-1005,28.381,20.16,1514.1,0.6812,NOMINAL,0
2026-01-15T00:36:00Z,SAT-1006,27.447,20.09,1537.1,0.7984,NOMINAL,0
2026-01-15T00:36:10Z,SAT-1000,27.609,20.19,1499.9,0.7027,NOMINAL,0
2026-01-15T00:36:20Z,SAT-1001,29.129,20.32,1513.6,0.6007,NOMINAL,0
2026-01-15T00:36:30Z,SAT-1002,28.21,21.02,1499.0,0.7373,NOMINAL,0
2026-01-15T00:36:40Z,SAT-1003,27.509,20.75,1532.8,0.7364,NOMINAL,0
2026-01-15T00:36:50Z,SAT-1004,28.089,20.5,1709.7,0.8625,SAFE_HOLD,1
2026-01-15T00:37:00Z,SAT-1005,27.669,20.26,1450.2,0.8716,NOMINAL,0
2026-01-15T00:37:10Z,SAT-1006,28.444,20.23,1478.3,0.895,NOMINAL,0
2026-01-15T00:37:20Z,SAT-1000,28.167,20.23,1524.9,0.7675,NOMINAL,0
2026-01-15T00:37:30Z,SAT-1001,28.614,21.0,1518.8,0.7471,NOMINAL,0
2026-01-15T00:37:40Z,SAT-1002,27.665,20.59,1547.5,0.7621,NOMINAL,0
2026-01-15T00:37:50Z,SAT-1003,27.705,20.4,1476.3,0.6511,NOMINAL,0
2026-01-15T00:38:00Z,SAT-1004,28.637,20.47,1457.4,0.714,NOMINAL,0
2026-01-15T00:38:10Z,SAT-1005,27.65,20.1,1496.1,0.6355,NOMINAL,0
2026-01-15T00:38:20Z,SAT-1006,28.218,19.94,1512.1,0.6227,NOMINAL,0
2026-01-15T00:38:30Z,SAT-1000,27.363,20.66,1523.3,0.6827,NOMINAL,0
2026-01-15T00:38:40Z,SAT-1001,28.28,20.81,1508.4,0.9242,NOMINAL,0
2026-01-15T00:38:50Z,SAT-1002,28.535,20.74,1545.9,0.9891,NOMINAL,0
2026-01-15T00:39:00Z,SAT-1003,28.115,20.89,1507.8,0.8677,NOMINAL,0
2026-01-15T00:39:10Z,SAT-1004,28.021,20.54,1509.9,0.641,NOMINAL,0
2026-01-15T00:39:20Z,SAT-1005,28.444,20.96,1469.8,0.8788,STANDBY,0
2026-01-15T00:39:30Z,SAT-1006,28.217,20.52,1698.2,0.7001,SAFE_HOLD,1
2026-01-15T00:39:40Z,SAT-1000,28.367,20.92,1513.4,0.816,NOMINAL,0
2026-01-15T00:39:50Z,SAT-1001,28.251,20.58,1480.3,0.8175,NOMINAL,0
2026-01-15T00:40:00Z,SAT-1002,27.822,21.35,1525.7,0.8835,NOMINAL,0
2026-01-15T00:40:10Z,SAT-1003,27.626,20.98,1546.2,0.9021,NOMINAL,0
2026-01-15T00:40:20Z,SAT-1004,28.107,20.81,1488.4,0.6765,NOMINAL,0
2026-01-15T00:40:30Z,SAT-1005,28.258,20.97,1517.0,0.9783,NOMINAL,0
2026-01-15T00:40:40Z,SAT-1006,27.726,21.02,1658.0,0.9589,SAFE_HOLD,1
2026-01-15T00:40:50Z,SAT-1000,27.707,20.86,1516.4,0.6853,NOMINAL,0
2026-01-15T00:41:00Z,SAT-1001,27.295,20.36,1507.7,0.755,NOMINAL,0
2026-01-15T00:41:10Z,SAT-1002,28.194,20.43,1500.5,0.6259,NOMINAL,0
2026-01-15T00:41:20Z,SAT-1003,28.243,20.23,1500.0,0.9579,NOMINAL,0
2026-01-15T00:41:30Z,SAT-1004,27.494,20.87,1679.5,0.6285,SAFE_HOLD,1
2026-01-15T00:41:40Z,SAT-1005,28.013,20.82,1483.0,0.6064,NOMINAL,0
2026-01-15T00:41:50Z,SAT-1006,27.96,21.08,1517.9,0.9455,NOMINAL,0
2026-01-15T00:42:00Z,SAT-1000,28.104,20.9,1532.5,0.6926,NOMINAL,0
2026-01-15T00:42:10Z,SAT-1001,28.071,20.94,1464.1,0.8099,NOMINAL,0
2026-01-15T00:42:20Z,SAT-1002,27.384,21.51,1493.1,0.6153,STANDBY,0
2026-01-15T00:42:30Z,SAT-1003,27.929,20.69,1728.2,0.8549,SAFE_HOLD,1
2026-01-15T00:42:40Z,SAT-1004,28.145,20.94,1497.9,0.8637,STANDBY,0
2026-01-15T00:42:50Z,SAT-1005,28.304,20.89,1526.6,0.6917,NOMINAL,0
2026-01-15T00:43:00Z,SAT-1006,28.473,21.89,1554.2,0.8897,NOMINAL,0
2026-01-15T00:43:10Z,SAT-1000,28.282,20.89,1545.2,0.9929,NOMINAL,0
2026-01-15T00:43:20Z,SAT-1001,28.607,21.65,1478.8,0.8568,NOMINAL,0
2026-01-15T00:43:30Z,SAT-1002,28.126,20.85,1470.9,0.725,NOMINAL,0
2026-01-15T00:43:40Z,SAT-1003,27.468,21.46,1454.3,0.7092,STANDBY,0
2026-01-15T00:43:50Z,SAT-1004,27.724,20.91,1478.8,0.927,NOMINAL,0
2026-01-15T00:44:00Z,SAT-1005,27.966,21.37,1546.6,0.9955,NOMINAL,0
2026-01-15T00:44:10Z,SAT-1006,27.595,21.09,1484.8,0.6909,NOMINAL,0
2026-01-15T00:44:20Z,SAT-1000,27.608,21.56,1496.9,0.8457,NOMINAL,0
2026-01-15T00:44:30Z,SAT-1001,27.085,21.86,1525.7,0.9289,NOMINAL,0
2026-01-15T00:44:40Z,SAT-1002,27.603,21.79,1470.5,0.624,NOMINAL,0
2026-01-15T00:44:50Z,SAT-1003,27.768,21.06,1522.5,0.6856,NOMINAL,0
2026-01-15T00:45:00Z,SAT-1004,27.599,21.24,1494.1,0.9732,NOMINAL,0
2026-01-15T00:45:10Z,SAT-1005,28.213,21.45,1536.8,0.9359,NOMINAL,0
2026-01-15T00:45:20Z,SAT-1006,28.399,21.53,1486.8,0.8045,NOMINAL,0
2026-01-15T00:45:30Z,SAT-1000,27.946,21.33,1443.7,0.6355,NOMINAL,0
2026-01-15T00:45:40Z,SAT-1001,28.464,21.77,1527.4,0.7711,NOMINAL,0
2026-01-15T00:45:50Z,SAT-1002,27.96,21.44,1531.3,0.7096,NOMINAL,0
2026-01-15T00:46:00Z,SAT-1003,27.248,21.38,1483.5,0.8992,NOMINAL,0
2026-01-15T00:46:10Z,SAT-1004,28.036,21.1,1527.4,0.6741,NOMINAL,0
2026-01-15T00:46:20Z,SAT-1005,28.237,21.53,1573.5,0.7554,NOMINAL,0
2026-01-15T00:46:30Z,SAT-1006,28.128,21.48,1481.7,0.9096,NOMINAL,0
2026-01-15T00:46:40Z,SAT-1000,28.685,21.3,1521.9,0.8396,NOMINAL,0
2026-01-15T00:46:50Z,SAT-1001,28.331,21.25,1502.6,0.8713,NOMINAL,0
2026-01-15T00:47:00Z,SAT-1002,27.29,21.33,1495.2,0.6651,NOMINAL,0
2026-01-15T00:47:10Z,SAT-1003,28.358,21.67,1464.6,0.8259,NOMINAL,0
2026-01-15T00:47:20Z,SAT-1004,27.693,22.09,1498.5,0.7732,NOMINAL,0
2026-01-15T00:47:30Z,SAT-1005,28.012,22.08,1537.1,0.7401,NOMINAL,0
2026-01-15T00:47:40Z,SAT-1006,27.946,21.48,1472.8,0.7595,NOMINAL,0
2026-01-15T00:47:50Z,SAT-1000,28.033,21.78,1503.1,0.9146,NOMINAL,0
2026-01-15T00:48:00Z,SAT-1001,27.275,21.63,1502.4,0.8514,NOMINAL,0
2026-01-15T00:48:10Z,SAT-1002,27.136,21.41,1559.2,0.8012,NOMINAL,0
2026-01-15T00:48:20Z,SAT-1003,27.524,21.68,1495.7,0.8881,NOMINAL,0
2026-01-15T00:48:30Z,SAT-1004,27.384,21.6,1695.5,0.6017,SAFE_HOLD,1
2026-01-15T00:48:40Z,SAT-1005,28.217,21.78,1496.1,0.7456,NOMINAL,0
2026-01-15T00:48:50Z,SAT-1006,28.235,21.83,1500.3,0.9786,NOMINAL,0
2026-01-15T00:49:00Z,SAT-1000,27.95,21.51,1538.2,0.7062,NOMINAL,0
2026-01-15T00:49:10Z,SAT-1001,27.751,22.1,1742.2,0.8796,SAFE_HOLD,1
2026-01-15T00:49:20Z,SAT-1002,28.062,22.17,1537.5,0.6166,NOMINAL,0
2026-01-15T00:49:30Z,SAT-1003,28.156,21.93,1486.4,0.664,NOMINAL,0
2026-01-15T00:49:40Z,SAT-1004,27.575,22.47,1518.0,0.867,NOMINAL,0
2026-01-15T00:49:50Z,SAT-1005,27.811,22.14,1524.8,0.6337,NOMINAL,0
2026-01-15T00:50:00Z,SAT-1006,27.551,20.62,1518.0,0.9864,NOMINAL,0
2026-01-15T00:50:10Z,SAT-1000,28.031,19.31,1706.1,0.9705,SAFE_HOLD,1
2026-01-15T00:50:20Z,SAT-1001,27.804,19.84,1495.0,0.6859,NOMINAL,0
2026-01-15T00:50:30Z,SAT-1002,28.195,19.97,1530.1,0.7065,NOMINAL,0
2026-01-15T00:50:40Z,SAT-1003,28.16,19.39,1529.7,0.8674,NOMINAL,0
2026-01-15T00:50:50Z,SAT-1004,27.828,20.53,1479.3,0.8854,NOMINAL,0
2026-01-15T00:51:00Z,SAT-1005,27.764,20.05,1462.6,0.8205,NOMINAL,0
2026-01-15T00:51:10Z,SAT-1006,27.839,19.99,1492.4,0.669,NOMINAL,0
2026-01-15T00:51:20Z,SAT-1000,27.744,20.32,1509.1,0.9427,NOMINAL,0
2026-01-15T00:51:30Z,SAT-1001,27.674,20.29,1521.7,0.9244,NOMINAL,0
2026-01-15T00:51:40Z,SAT-1002,28.722,19.87,1548.8,0.8429,NOMINAL,0
2026-01-15T00:51:50Z,SAT-1003,27.881,19.94,1478.6,0.8414,NOMINAL,0
2026-01-15T00:52:00Z,SAT-1004,27.324,20.34,1505.5,0.9687,NOMINAL,0
2026-01-15T00:52:10Z,SAT-1005,27.955,20.48,1526.9,0.9594,NOMINAL,0
2026-01-15T00:52:20Z,SAT-1006,28.439,20.75,1531.2,0.7718,STANDBY,0
2026-01-15T00:52:30Z,SAT-1000,28.041,20.35,1452.2,0.7663,NOMINAL,0
2026-01-15T00:52:40Z,SAT-1001,27.485,20.21,1510.0,0.9758,NOMINAL,0
2026-01-15T00:52:50Z,SAT-1002,28.167,20.06,1504.2,0.8481,NOMINAL,0
2026-01-15T00:53:00Z,SAT-1003,27.93,20.19,1488.7,0.7971,NOMINAL,0
2026-01-15T00:53:10Z,SAT-1004,28.806,20.03,1502.2,0.9411,NOMINAL,0
2026-01-15T00:53:20Z,SAT-1005,28.24,20.13,1503.6,0.733,NOMINAL,0
2026-01-15T00:53:30Z,SAT-1006,27.981,20.52,1478.0,0.6748,NOMINAL,0
2026-01-15T00:53:40Z,SAT-1000,27.902,20.45,1463.0,0.9946,NOMINAL,0
2026-01-15T00:53:50Z,SAT-1001,28.36,19.77,1494.9,0.7916,NOMINAL,0
2026-01-15T00:54:00Z,SAT-1002,28.898,20.91,1487.0,0.7854,NOMINAL,0
2026-01-15T00:54:10Z,SAT-1003,28.083,20.94,1535.6,0.7662,STANDBY,0
2026-01-15T00:54:20Z,SAT-1004,28.081,20.59,1520.6,0.7418,NOMINAL,0
2026-01-15T00:54:30Z,SAT-1005,27.906,19.93,1482.0,0.9352,NOMINAL,0
2026-01-15T00:54:40Z,SAT-1006,28.431,20.58,1465.7,0.6844,NOMINAL,0
2026-01-15T00:54:50Z,SAT-1000,28.041,20.64,1518.1,0.803,NOMINAL,0
2026-01-15T00:55:00Z,SAT-1001,28.242,20.53,1504.5,0.6732,STANDBY,0
2026-01-15T00:55:10Z,SAT-1002,27.109,20.22,1503.5,0.8086,NOMINAL,0
2026-01-15T00:55:20Z,SAT-1003,29.034,20.52,1460.9,0.6865,NOMINAL,0
2026-01-15T00:55:30Z,SAT-1004,28.255,20.74,1446.3,0.6448,NOMINAL,0
2026-01-15T00:55:40Z,SAT-1005,27.76,20.46,1550.9,0.808,STANDBY,0
2026-01-15T00:55:50Z,SAT-1006,28.204,20.54,1525.6,0.6043,NOMINAL,0
2026-01-15T00:56:00Z,SAT-1000,27.666,20.22,1514.7,0.8803,NOMINAL,0
2026-01-15T00:56:10Z,SAT-1001,27.274,20.55,1460.0,0.7809,NOMINAL,0
2026-01-15T00:56:20Z,SAT-1002,27.962,20.99,1520.4,0.9931,NOMINAL,0
2026-01-15T00:56:30Z,SAT-1003,28.492,20.67,1527.5,0.7399,NOMINAL,0
2026-01-15T00:56:40Z,SAT-1004,27.728,20.98,1483.6,0.6904,NOMINAL,0
2026-01-15T00:56:50Z,SAT-1005,28.397,20.84,1484.0,0.6136,NOMINAL,0
2026-01-15T00:57:00Z,SAT-1006,28.306,20.82,1501.9,0.9558,NOMINAL,0
2026-01-15T00:57:10Z,SAT-1000,27.785,21.07,1492.7,0.835,NOMINAL,0
2026-01-15T00:57:20Z,SAT-1001,27.638,21.01,1437.8,0.7565,NOMINAL,0
2026-01-15T00:57:30Z,SAT-1002,27.611,20.81,1473.7,0.7079,NOMINAL,0
2026-01-15T00:57:40Z,SAT-1003,27.833,21.23,1475.2,0.6188,NOMINAL,0
2026-01-15T00:57:50Z,SAT-1004,28.852,20.61,1502.3,0.6421,NOMINAL,0
2026-01-15T00:58:00Z,SAT-1005,28.656,21.16,1552.0,0.8616,NOMINAL,0
2026-01-15T00:58:10Z,SAT-1006,28.353,21.22,1444.6,0.8515,NOMINAL,0
2026-01-15T00:58:20Z,SAT-1000,27.728,21.05,1469.7,0.6264,NOMINAL,0
2026-01-15T00:58:30Z,SAT-1001,27.748,21.57,1501.6,0.9077,NOMINAL,0
2026-01-15T00:58:40Z,SAT-1002,27.561,20.79,1507.2,0.9477,NOMINAL,0
2026-01-15T00:58:50Z,SAT-1003,27.607,21.19,1462.3,0.8822,NOMINAL,0
2026-01-15T00:59:00Z,SAT-1004,27.986,21.17,1527.0,0.9131,NOMINAL,0
2026-01-15T00:59:10Z,SAT-1005,27.838,21.0,1473.1,0.691,NOMINAL,0
2026-01-15T00:59:20Z,SAT-1006,27.39,21.25,1476.5,0.7665,NOMINAL,0
2026-01-15T00:59:30Z,SAT-1000,27.798,20.91,1477.3,0.7209,NOMINAL,0
2026-01-15T00:59:40Z,SAT-1001,27.972,21.22,1500.4,0.8234,NOMINAL,0
2026-01-15T00:59:50Z,SAT-1002,27.488,21.52,1442.4,0.8461,NOMINAL,0
2026-01-15T01:00:00Z,SAT-1003,27.759,21.17,1499.6,0.862,NOMINAL,0
2026-01-15T01:00:10Z,SAT-1004,28.291,21.11,1455.3,0.6421,NOMINAL,0
2026-01-15T01:00:20Z,SAT-1005,28.628,21.69,1529.9,0.6798,NOMINAL,0
2026-01-15T01:00:30Z,SAT-1006,27.474,21.59,1522.6,0.9547,NOMINAL,0
2026-01-15T01:00:40Z,SAT-1000,28.533,20.99,1526.5,0.8897,NOMINAL,0
2026-01-15T01:00:50Z,SAT-1001,28.312,20.99,1492.4,0.7403,NOMINAL,0
2026-01-15T01:01:00Z,SAT-1002,27.679,21.19,1469.9,0.8702,NOMINAL,0
2026-01-15T01:01:10Z,SAT-1003,28.479,21.92,1535.3,0.943,NOMINAL,0
2026-01-15T01:01:20Z,SAT-1004,27.85,21.79,1498.7,0.7142,NOMINAL,0
2026-01-15T01:01:30Z,SAT-1005,27.734,21.11,1523.9,0.9566,NOMINAL,0
2026-01-15T01:01:40Z,SAT-1006,28.352,21.33,1473.8,0.6495,NOMINAL,0
2026-01-15T01:01:50Z,SAT-1000,28.296,21.46,1535.6,0.9135,NOMINAL,0
2026-01-15T01:02:00Z,SAT-1001,28.524,21.03,1527.7,0.8041,STANDBY,0
2026-01-15T01:02:10Z,SAT-1002,27.265,21.52,1467.8,0.8037,NOMINAL,0
2026-01-15T01:02:20Z,SAT-1003,27.735,21.75,1565.6,0.7676,NOMINAL,0
2026-01-15T01:02:30Z,SAT-1004,28.776,21.49,1497.7,0.6732,NOMINAL,0
2026-01-15T01:02:40Z,SAT-1005,27.705,21.83,1509.0,0.6032,NOMINAL,0
2026-01-15T01:02:50Z,SAT-1006,27.667,21.9,1472.7,0.909,NOMINAL,0
2026-01-15T01:03:00Z,SAT-1000,27.443,21.14,1527.2,0.7777,NOMINAL,0
2026-01-15T01:03:10Z,SAT-1001,27.489,21.87,1525.6,0.9353,NOMINAL,0
2026-01-15T01:03:20Z,SAT-1002,28.226,21.16,1537.6,0.7353,NOMINAL,0
2026-01-15T01:03:30Z,SAT-1003,28.474,22.1,1488.7,0.8114,NOMINAL,0
2026-01-15T01:03:40Z,SAT-1004,28.634,21.29,1497.1,0.6487,NOMINAL,0
2026-01-15T01:03:50Z,SAT-1005,27.716,22.22,1525.9,0.7682,NOMINAL,0
2026-01-15T01:04:00Z,SAT-1006,27.656,21.87,1520.8,0.728,NOMINAL,0
2026-01-15T01:04:10Z,SAT-1000,28.219,21.86,1476.3,0.8014,NOMINAL,0
2026-01-15T01:04:20Z,SAT-1001,27.875,21.78,1488.2,0.9585,NOMINAL,0
2026-01-15T01:04:30Z,SAT-1002,29.37,21.96,1532.5,0.6504,NOMINAL,0
2026-01-15T01:04:40Z,SAT-1003,28.069,22.16,1467.2,0.9705,NOMINAL,0
2026-01-15T01:04:50Z,SAT-1004,28.37,21.0,1517.7,0.7862,NOMINAL,0
2026-01-15T01:05:00Z,SAT-1005,28.07,21.34,1486.6,0.9037,NOMINAL,0
2026-01-15T01:05:10Z,SAT-1006,28.561,21.89,1489.7,0.6703,NOMINAL,0
2026-01-15T01:05:20Z,SAT-1000,28.123,21.99,1546.4,0.8202,NOMINAL,0
2026-01-15T01:05:30Z,SAT-1001,27.767,22.31,1471.8,0.6942,NOMINAL,0
2026-01-15T01:05:40Z,SAT-1002,28.727,22.12,1541.1,0.9986,NOMINAL,0
2026-01-15T01:05:50Z,SAT-1003,28.092,22.26,1470.7,0.9244,NOMINAL,0
2026-01-15T01:06:00Z,SAT-1004,28.022,21.88,1499.3,0.7645,NOMINAL,0
2026-01-15T01:06:10Z,SAT-1005,28.131,21.62,1456.5,0.8308,NOMINAL,0
2026-01-15T01:06:20Z,SAT-1006,28.5,22.24,1508.0,0.7275,NOMINAL,0
2026-01-15T01:06:30Z,SAT-1000,27.187,22.64,1511.9,0.8711,NOMINAL,0
2026-01-15T01:06:40Z,SAT-1001,27.218,19.82,1660.5,0.9868,SAFE_HOLD,1
2026-01-15T01:06:50Z,SAT-1002,27.771,19.9,1502.1,0.6657,NOMINAL,0
2026-01-15T01:07:00Z,SAT-1003,27.958,20.2,1543.5,0.6811,NOMINAL,0
2026-01-15T01:07:10Z,SAT-1004,28.33,20.15,1455.7,0.7615,NOMINAL,0
2026-01-15T01:07:20Z,SAT-1005,28.37,20.44,1691.1,0.6202,SAFE_HOLD,1
2026-01-15T01:07:30Z,SAT-1006,27.608,19.37,1518.4,0.7726,STANDBY,0
2026-01-15T01:07:40Z,SAT-1000,27.852,20.05,1464.8,0.7411,NOMINAL,0
2026-01-15T01:07:50Z,SAT-1001,27.854,20.17,1522.3,0.7033,NOMINAL,0
2026-01-15T01:08:00Z,SAT-1002,28.562,20.64,1505.4,0.6468,NOMINAL,0
2026-01-15T01:08:10Z,SAT-1003,28.283,20.01,1473.8,0.8826,NOMINAL,0
2026-01-15T01:08:20Z,SAT-1004,27.866,20.1,1523.4,0.816,NOMINAL,0
2026-01-15T01:08:30Z,SAT-1005,28.146,19.96,1449.5,0.8535,NOMINAL,0
2026-01-15T01:08:40Z,SAT-1006,28.412,20.09,1518.1,0.9037,STANDBY,0
2026-01-15T01:08:50Z,SAT-1000,28.308,20.05,1483.2,0.6043,NOMINAL,0
2026-01-15T01:09:00Z,SAT-1001,27.785,20.01,1514.8,0.7617,NOMINAL,0
2026-01-15T01:09:10Z,SAT-1002,27.919,20.14,1519.2,0.9224,NOMINAL,0
2026-01-15T01:09:20Z,SAT-1003,27.472,20.42,1494.0,0.8636,NOMINAL,0
2026-01-15T01:09:30Z,SAT-1004,27.802,19.95,1528.0,0.6605,NOMINAL,0
2026-01-15T01:09:40Z,SAT-1005,28.094,20.08,1495.1,0.6682,NOMINAL,0
2026-01-15T01:09:50Z,SAT-1006,28.237,20.15,1464.2,0.6762,NOMINAL,0
2026-01-15T01:10:00Z,SAT-1000,27.605,20.47,1498.7,0.6853,NOMINAL,0
2026-01-15T01:10:10Z,SAT-1001,28.287,21.09,1518.8,0.6681,STANDBY,0
2026-01-15T01:10:20Z,SAT-1002,27.911,20.24,1480.1,0.9861,NOMINAL,0
2026-01-15T01:10:30Z,SAT-1003,28.235,20.75,1547.4,0.8352,NOMINAL,0
2026-01-15T01:10:40Z,SAT-1004,28.628,20.64,1533.7,0.8679,NOMINAL,0
2026-01-15T01:10:50Z,SAT-1005,28.134,19.89,1447.6,0.6828,NOMINAL,0
2026-01-15T01:11:00Z,SAT-1006,28.915,20.3,1470.3,0.9289,NOMINAL,0
2026-01-15T01:11:10Z,SAT-1000,27.917,20.31,1499.7,0.7411,NOMINAL,0
2026-01-15T01:11:20Z,SAT-1001,28.148,20.03,1494.0,0.8295,NOMINAL,0
2026-01-15T01:11:30Z,SAT-1002,27.794,20.56,1479.3,0.6328,NOMINAL,0
2026-01-15T01:11:40Z,SAT-1003,28.331,20.37,1489.8,0.7388,NOMINAL,0
2026-01-15T01:11:50Z,SAT-1004,27.406,20.34,1499.2,0.7405,NOMINAL,0
2026-01-15T01:12:00Z,SAT-1005,27.7,20.46,1496.5,0.7238,NOMINAL,0
2026-01-15T01:12:10Z,SAT-1006,27.676,20.92,1535.7,0.9199,NOMINAL,0
2026-01-15T01:12:20Z,SAT-1000,28.022,20.53,1506.2,0.9603,NOMINAL,0
2026-01-15T01:12:30Z,SAT-1001,27.58,20.33,1453.2,0.9348,NOMINAL,0
2026-01-15T01:12:40Z,SAT-1002,27.105,20.7,1440.0,0.7197,NOMINAL,0
2026-01-15T01:12:50Z,SAT-1003,27.105,20.13,1486.4,0.8171,NOMINAL,0
2026-01-15T01:13:00Z,SAT-1004,27.827,21.06,1491.2,0.6125,NOMINAL,0
2026-01-15T01:13:10Z,SAT-1005,27.671,21.36,1482.5,0.8642,NOMINAL,0
2026-01-15T01:13:20Z,SAT-1006,28.483,21.01,1503.0,0.7886,NOMINAL,0
2026-01-15T01:13:30Z,SAT-1000,27.473,20.77,1485.2,0.8575,NOMINAL,0
2026-01-15T01:13:40Z,SAT-1001,28.306,20.71,1504.7,0.6533,NOMINAL,0
2026-01-15T01:13:50Z,SAT-1002,27.858,20.34,1491.8,0.8596,NOMINAL,0
2026-01-15T01:14:00Z,SAT-1003,27.569,21.41,1513.5,0.9726,NOMINAL,0
2026-01-15T01:14:10Z,SAT-1004,27.815,20.67,1742.1,0.9928,SAFE_HOLD,1
2026-01-15T01:14:20Z,SAT-1005,27.995,20.87,1503.6,0.7142,NOMINAL,0
2026-01-15T01:14:30Z,SAT-1006,27.745,20.57,1513.4,0.6167,NOMINAL,0
2026-01-15T01:14:40Z,SAT-1000,27.157,20.93,1548.0,0.6358,NOMINAL,0
2026-01-15T01:14:50Z,SAT-1001,28.356,20.95,1497.5,0.8074,NOMINAL,0
2026-01-15T01:15:00Z,SAT-1002,27.941,21.06,1528.3,0.8133,NOMINAL,0
2026-01-15T01:15:10Z,SAT-1003,27.748,20.65,1484.5,0.7427,NOMINAL,0
2026-01-15T01:15:20Z,SAT-1004,27.86,21.22,1545.7,0.9467,NOMINAL,0
2026-01-15T01:15:30Z,SAT-1005,28.167,20.91,1456.6,0.754,NOMINAL,0
2026-01-15T01:15:40Z,SAT-1006,28.473,21.18,1472.1,0.9412,NOMINAL,0
2026-01-15T01:15:50Z,SAT-1000,28.231,21.27,1485.3,0.7304,STANDBY,0
2026-01-15T01:16:00Z,SAT-1001,27.928,21.15,1517.3,0.976,NOMINAL,0
2026-01-15T01:16:10Z,SAT-1002,27.404,21.47,1493.3,0.8194,NOMINAL,0
2026-01-15T01:16:20Z,SAT-1003,28.456,21.21,1481.6,0.9586,NOMINAL,0
2026-01-15T01:16:30Z,SAT-1004,27.542,21.36,1545.8,0.7662,NOMINAL,0
2026-01-15T01:16:40Z,SAT-1005,27.831,21.38,1504.5,0.9352,NOMINAL,0
2026-01-15T01:16:50Z,SAT-1006,28.13,21.32,1498.3,0.8271,NOMINAL,0
2026-01-15T01:17:00Z,SAT-1000,28.167,20.57,1498.9,0.7353,NOMINAL,0
2026-01-15T01:17:10Z,SAT-1001,28.241,21.29,1513.8,0.9921,NOMINAL,0
2026-01-15T01:17:20Z,SAT-1002,27.757,21.7,1496.5,0.748,NOMINAL,0
2026-01-15T01:17:30Z,SAT-1003,27.749,21.0,1498.5,0.7169,NOMINAL,0
2026-01-15T01:17:40Z,SAT-1004,28.109,21.23,1513.8,0.9846,NOMINAL,0
2026-01-15T01:17:50Z,SAT-1005,28.337,21.44,1527.4,0.6777,NOMINAL,0
2026-01-15T01:18:00Z,SAT-1006,27.536,21.61,1516.7,0.678,NOMINAL,0
2026-01-15T01:18:10Z,SAT-1000,28.008,21.64,1516.2,0.7595,NOMINAL,0
2026-01-15T01:18:20Z,SAT-1001,28.398,21.64,1520.9,0.9999,NOMINAL,0
2026-01-15T01:18:30Z,SAT-1002,27.272,20.85,1495.1,0.8978,NOMINAL,0
2026-01-15T01:18:40Z,SAT-1003,28.241,22.02,1496.7,0.6226,NOMINAL,0
2026-01-15T01:18:50Z,SAT-1004,27.786,21.38,1512.8,0.6073,NOMINAL,0
2026-01-15T01:19:00Z,SAT-1005,27.796,21.44,1530.3,0.9179,NOMINAL,0
2026-01-15T01:19:10Z,SAT-1006,28.184,20.85,1537.7,0.857,NOMINAL,0
2026-01-15T01:19:20Z,SAT-1000,27.775,21.65,1498.4,0.9776,NOMINAL,0
2026-01-15T01:19:30Z,SAT-1001,27.761,21.25,1473.5,0.8872,NOMINAL,0
2026-01-15T01:19:40Z,SAT-1002,27.787,21.81,1520.3,0.8734,NOMINAL,0
2026-01-15T01:19:50Z,SAT-1003,27.929,21.55,1482.0,0.786,NOMINAL,0
2026-01-15T01:20:00Z,SAT-1004,27.907,22.27,1482.0,0.7967,NOMINAL,0
2026-01-15T01:20:10Z,SAT-1005,27.564,21.55,1489.5,0.8624,NOMINAL,0
2026-01-15T01:20:20Z,SAT-1006,28.022,21.91,1506.2,0.8229,NOMINAL,0
2026-01-15T01:20:30Z,SAT-1000,27.984,21.5,1531.0,0.9843,NOMINAL,0
2026-01-15T01:20:40Z,SAT-1001,27.86,21.76,1442.5,0.9368,NOMINAL,0
2026-01-15T01:20:50Z,SAT-1002,27.635,21.71,1723.3,0.9056,SAFE_HOLD,1
2026-01-15T01:21:00Z,SAT-1003,28.3,21.38,1488.6,0.6204,NOMINAL,0
2026-01-15T01:21:10Z,SAT-1004,28.731,21.89,1492.4,0.8944,NOMINAL,0
2026-01-15T01:21:20Z,SAT-1005,27.768,21.7,1465.0,0.8169,NOMINAL,0
2026-01-15T01:21:30Z,SAT-1006,27.678,21.7,1495.3,0.9679,NOMINAL,0
2026-01-15T01:21:40Z,SAT-1000,28.203,22.04,1499.6,0.9934,NOMINAL,0
2026-01-15T01:21:50Z,SAT-1001,28.06,21.87,1469.9,0.67,NOMINAL,0
2026-01-15T01:22:00Z,SAT-1002,28.004,21.53,1488.6,0.7223,NOMINAL,0
2026-01-15T01:22:10Z,SAT-1003,28.46,21.69,1720.5,0.9392,SAFE_HOLD,1
2026-01-15T01:22:20Z,SAT-1004,28.141,22.3,1534.4,0.6625,NOMINAL,0
2026-01-15T01:22:30Z,SAT-1005,27.935,22.13,1535.8,0.7013,NOMINAL,0
2026-01-15T01:22:40Z,SAT-1006,27.31,21.81,1540.7,0.6439,NOMINAL,0
2026-01-15T01:22:50Z,SAT-1000,27.254,22.66,1494.4,0.6015,NOMINAL,0
2026-01-15T01:23:00Z,SAT-1001,28.008,21.78,1493.0,0.7352,NOMINAL,0
2026-01-15T01:23:10Z,SAT-1002,28.028,22.06,1539.8,0.6767,NOMINAL,0
2026-01-15T01:23:20Z,SAT-1003,28.229,20.08,1734.5,0.938,SAFE_HOLD,1
2026-01-15T01:23:30Z,SAT-1004,27.825,19.86,1499.9,0.9231,NOMINAL,0
2026-01-15T01:23:40Z,SAT-1005,28.027,20.11,1506.5,0.8379,NOMINAL,0
2026-01-15T01:23:50Z,SAT-1006,27.682,20.52,1527.3,0.8089,NOMINAL,0
2026-01-15T01:24:00Z,SAT-1000,28.273,20.51,1484.9,0.653,NOMINAL,0
2026-01-15T01:24:10Z,SAT-1001,27.121,19.69,1522.3,0.9244,NOMINAL,0
2026-01-15T01:24:20Z,SAT-1002,27.684,20.62,1511.7,0.704,NOMINAL,0
2026-01-15T01:24:30Z,SAT-1003,27.706,20.16,1499.1,0.8517,STANDBY,0
2026-01-15T01:24:40Z,SAT-1004,27.932,20.27,1705.7,0.9623,SAFE_HOLD,1
2026-01-15T01:24:50Z,SAT-1005,27.74,20.3,1507.9,0.8481,NOMINAL,0
2026-01-15T01:25:00Z,SAT-1006,28.081,20.39,1488.6,0.9811,NOMINAL,0
2026-01-15T01:25:10Z,SAT-1000,28.208,20.52,1450.9,0.9224,NOMINAL,0
2026-01-15T01:25:20Z,SAT-1001,28.768,19.77,1474.8,0.6224,NOMINAL,0
2026-01-15T01:25:30Z,SAT-1002,27.673,20.23,1485.2,0.6907,NOMINAL,0
2026-01-15T01:25:40Z,SAT-1003,27.948,20.25,1474.9,0.7818,NOMINAL,0
2026-01-15T01:25:50Z,SAT-1004,27.68,20.01,1492.7,0.9096,NOMINAL,0
2026-01-15T01:26:00Z,SAT-1005,28.165,20.5,1507.7,0.8004,NOMINAL,0
2026-01-15T01:26:10Z,SAT-1006,28.325,19.85,1490.1,0.8886,NOMINAL,0
2026-01-15T01:26:20Z,SAT-1000,27.907,19.8,1512.8,0.6517,NOMINAL,0
2026-01-15T01:26:30Z,SAT-1001,27.609,20.39,1467.0,0.744,STANDBY,0
2026-01-15T01:26:40Z,SAT-1002,27.865,20.06,1517.5,0.6859,NOMINAL,0
2026-01-15T01:26:50Z,SAT-1003,27.829,20.59,1557.7,0.678,NOMINAL,0
2026-01-15T01:27:00Z,SAT-1004,28.266,20.95,1475.8,0.9401,NOMINAL,0
2026-01-15T01:27:10Z,SAT-1005,27.724,20.37,1511.5,0.7146,NOMINAL,0
2026-01-15T01:27:20Z,SAT-1006,27.818,20.21,1502.0,0.603,NOMINAL,0
2026-01-15T01:27:30Z,SAT-1000,27.806,20.89,1475.4,0.8019,NOMINAL,0
2026-01-15T01:27:40Z,SAT-1001,27.306,20.44,1461.3,0.8976,NOMINAL,0
2026-01-15T01:27:50Z,SAT-1002,27.695,20.66,1492.8,0.7378,NOMINAL,0
2026-01-15T01:28:00Z,SAT-1003,28.228,20.59,1479.9,0.7871,NOMINAL,0
2026-01-15T01:28:10Z,SAT-1004,28.215,20.88,1484.5,0.9221,NOMINAL,0
2026-01-15T01:28:20Z,SAT-1005,28.407,20.65,1531.7,0.9629,NOMINAL,0
2026-01-15T01:28:30Z,SAT-1006,27.682,20.54,1481.1,0.8048,NOMINAL,0
2026-01-15T01:28:40Z,SAT-1000,27.998,20.62,1470.2,0.7478,NOMINAL,0
2026-01-15T01:28:50Z,SAT-1001,27.907,20.79,1488.9,0.9741,NOMINAL,0
2026-01-15T01:29:00Z,SAT-1002,28.078,20.64,1501.4,0.9368,NOMINAL,0
2026-01-15T01:29:10Z,SAT-1003,27.754,20.47,1483.5,0.7837,NOMINAL,0
2026-01-15T01:29:20Z,SAT-1004,27.584,20.83,1527.8,0.9223,NOMINAL,0
2026-01-15T01:29:30Z,SAT-1005,28.277,20.93,1502.3,0.9885,NOMINAL,0
2026-01-15T01:29:40Z,SAT-1006,27.775,20.39,1486.5,0.8473,NOMINAL,0
2026-01-15T01:29:50Z,SAT-1000,27.599,21.1,1479.9,0.7538,NOMINAL,0
2026-01-15T01:30:00Z,SAT-1001,28.502,21.25,1514.9,0.8405,NOMINAL,0
2026-01-15T01:30:10Z,SAT-1002,28.246,20.89,1501.2,0.6195,NOMINAL,0
2026-01-15T01:30:20Z,SAT-1003,28.581,20.91,1531.3,0.8736,NOMINAL,0
2026-01-15T01:30:30Z,SAT-1004,27.63,20.75,1515.1,0.9498,NOMINAL,0
2026-01-15T01:30:40Z,SAT-1005,28.348,20.81,1510.7,0.9205,STANDBY,0
2026-01-15T01:30:50Z,SAT-1006,28.035,20.54,1467.9,0.9466,NOMINAL,0
2026-01-15T01:31:00Z,SAT-1000,27.915,21.08,1465.5,0.9737,NOMINAL,0
2026-01-15T01:31:10Z,SAT-1001,28.203,20.24,1448.6,0.9977,NOMINAL,0
2026-01-15T01:31:20Z,SAT-1002,28.176,21.33,1481.8,0.6969,NOMINAL,0
2026-01-15T01:31:30Z,SAT-1003,27.825,20.97,1492.1,0.7005,NOMINAL,0
2026-01-15T01:31:40Z,SAT-1004,28.558,21.12,1475.2,0.9601,NOMINAL,0
2026-01-15T01:31:50Z,SAT-1005,27.572,21.33,1468.8,0.6233,NOMINAL,0
2026-01-15T01:32:00Z,SAT-1006,28.593,21.13,1492.0,0.7237,NOMINAL,0
2026-01-15T01:32:10Z,SAT-1000,28.21,21.42,1487.5,0.9516,NOMINAL,0
2026-01-15T01:32:20Z,SAT-1001,28.333,20.98,1464.1,0.9134,NOMINAL,0
2026-01-15T01:32:30Z,SAT-1002,28.032,20.74,1499.1,0.6157,NOMINAL,0
2026-01-15T01:32:40Z,SAT-1003,27.744,21.64,1530.5,0.8176,NOMINAL,0
2026-01-15T01:32:50Z,SAT-1004,27.764,21.5,1527.6,0.9853,NOMINAL,0
2026-01-15T01:33:00Z,SAT-1005,27.295,21.72,1527.8,0.89,NOMINAL,0
2026-01-15T01:33:10Z,SAT-1006,27.408,21.1,1514.8,0.9588,NOMINAL,0
2026-01-15T01:33:20Z,SAT-1000,28.49,21.56,1488.3,0.6221,NOMINAL,0
2026-01-15T01:33:30Z,SAT-1001,27.682,21.1,1511.2,0.7401,NOMINAL,0
2026-01-15T01:33:40Z,SAT-1002,27.996,20.96,1724.5,0.6888,SAFE_HOLD,1
2026-01-15T01:33:50Z,SAT-1003,28.162,21.21,1522.1,0.7113,NOMINAL,0
2026-01-15T01:34:00Z,SAT-1004,28.11,21.92,1491.1,0.6351,NOMINAL,0
2026-01-15T01:34:10Z,SAT-1005,28.425,21.59,1525.6,0.7737,STANDBY,0
2026-01-15T01:34:20Z,SAT-1006,27.332,21.73,1482.2,0.892,NOMINAL,0
2026-01-15T01:34:30Z,SAT-1000,28.007,20.89,1488.9,0.6985,NOMINAL,0
2026-01-15T01:34:40Z,SAT-1001,27.431,21.53,1503.0,0.9511,NOMINAL,0
2026-01-15T01:34:50Z,SAT-1002,28.03,21.06,1509.4,0.6288,STANDBY,0
2026-01-15T01:35:00Z,SAT-1003,28.091,22.0,1536.8,0.6394,NOMINAL,0
2026-01-15T01:35:10Z,SAT-1004,28.193,21.39,1511.2,0.7663,NOMINAL,0
2026-01-15T01:35:20Z,SAT-1005,27.907,21.48,1518.4,0.9521,NOMINAL,0
2026-01-15T01:35:30Z,SAT-1006,28.606,21.52,1486.2,0.9297,STANDBY,0
2026-01-15T01:35:40Z,SAT-1000,27.723,21.61,1485.4,0.6443,NOMINAL,0
2026-01-15T01:35:50Z,SAT-1001,27.692,21.45,1497.5,0.8992,NOMINAL,0
2026-01-15T01:36:00Z,SAT-1002,27.356,21.76,1519.7,0.8528,NOMINAL,0
2026-01-15T01:36:10Z,SAT-1003,28.349,21.36,1516.2,0.9859,NOMINAL,0
2026-01-15T01:36:20Z,SAT-1004,27.577,21.62,1473.8,0.8678,NOMINAL,0
2026-01-15T01:36:30Z,SAT-1005,28.467,21.71,1485.9,0.7734,NOMINAL,0
2026-01-15T01:36:40Z,SAT-1006,27.946,21.18,1493.6,0.8276,NOMINAL,0
2026-01-15T01:36:50Z,SAT-1000,27.733,21.4,1510.4,0.7734,NOMINAL,0
2026-01-15T01:37:00Z,SAT-1001,27.968,21.72,1543.7,0.9119,NOMINAL,0
2026-01-15T01:37:10Z,SAT-1002,28.516,21.79,1512.2,0.8598,NOMINAL,0
2026-01-15T01:37:20Z,SAT-1003,27.725,21.78,1471.3,0.617,NOMINAL,0
2026-01-15T01:37:30Z,SAT-1004,28.084,21.62,1488.4,0.6502,NOMINAL,0
2026-01-15T01:37:40Z,SAT-1005,27.089,21.5,1535.3,0.6049,NOMINAL,0
2026-01-15T01:37:50Z,SAT-1006,27.753,22.09,1515.1,0.701,NOMINAL,0
2026-01-15T01:38:00Z,SAT-1000,28.075,22.08,1517.9,0.6848,NOMINAL,0
2026-01-15T01:38:10Z,SAT-1001,27.984,21.72,1507.2,0.6154,NOMINAL,0
2026-01-15T01:38:20Z,SAT-1002,28.134,21.52,1543.7,0.6076,NOMINAL,0
2026-01-15T01:38:30Z,SAT-1003,28.299,21.67,1518.0,0.8128,NOMINAL,0
2026-01-15T01:38:40Z,SAT-1004,27.751,21.75,1467.6,0.8102,NOMINAL,0
2026-01-15T01:38:50Z,SAT-1005,28.728,21.9,1499.5,0.8339,NOMINAL,0
2026-01-15T01:39:00Z,SAT-1006,28.638,22.26,1478.5,0.9394,STANDBY,0
2026-01-15T01:39:10Z,SAT-1000,28.327,21.87,1546.2,0.7648,NOMINAL,0
2026-01-15T01:39:20Z,SAT-1001,27.845,21.58,1522.9,0.9151,NOMINAL,0
2026-01-15T01:39:30Z,SAT-1002,28.18,21.77,1495.7,0.8714,NOMINAL,0
2026-01-15T01:39:40Z,SAT-1003,27.75,22.65,1507.3,0.7772,NOMINAL,0
2026-01-15T01:39:50Z,SAT-1004,27.254,21.83,1517.5,0.9529,NOMINAL,0
2026-01-15T01:40:00Z,SAT-1005,28.581,19.43,1492.9,0.649,NOMINAL,0
2026-01-15T01:40:10Z,SAT-1006,27.775,19.61,1549.4,0.9637,NOMINAL,0
2026-01-15T01:40:20Z,SAT-1000,27.968,20.3,1535.2,0.6552,NOMINAL,0
2026-01-15T01:40:30Z,SAT-1001,28.506,20.38,1542.6,0.8249,NOMINAL,0
2026-01-15T01:40:40Z,SAT-1002,27.725,20.02,1542.4,0.9893,NOMINAL,0
2026-01-15T01:40:50Z,SAT-1003,27.941,20.1,1462.7,0.831,NOMINAL,0
2026-01-15T01:41:00Z,SAT-1004,28.219,19.86,1506.6,0.6346,NOMINAL,0
2026-01-15T01:41:10Z,SAT-1005,28.1,20.53,1486.5,0.649,NOMINAL,0
2026-01-15T01:41:20Z,SAT-1006,27.994,20.67,1459.4,0.6875,STANDBY,0
2026-01-15T01:41:30Z,SAT-1000,28.176,20.65,1495.6,0.7222,NOMINAL,0
2026-01-15T01:41:40Z,SAT-1001,28.159,20.27,1465.6,0.9586,NOMINAL,0
2026-01-15T01:41:50Z,SAT-1002,27.694,20.29,1501.9,0.918,NOMINAL,0
2026-01-15T01:42:00Z,SAT-1003,28.926,20.61,1518.4,0.699,NOMINAL,0
2026-01-15T01:42:10Z,SAT-1004,28.08,20.67,1487.9,0.7387,NOMINAL,0
2026-01-15T01:42:20Z,SAT-1005,28.203,20.45,1479.6,0.9841,NOMINAL,0
2026-01-15T01:42:30Z,SAT-1006,28.034,20.49,1522.7,0.7447,NOMINAL,0
2026-01-15T01:42:40Z,SAT-1000,27.859,20.21,1729.7,0.6228,SAFE_HOLD,1
2026-01-15T01:42:50Z,SAT-1001,28.121,20.51,1509.5,0.7964,NOMINAL,0
2026-01-15T01:43:00Z,SAT-1002,27.869,19.75,1503.6,0.6955,NOMINAL,0
2026-01-15T01:43:10Z,SAT-1003,27.625,20.25,1490.5,0.8374,NOMINAL,0
2026-01-15T01:43:20Z,SAT-1004,27.914,20.42,1490.5,0.9013,NOMINAL,0
2026-01-15T01:43:30Z,SAT-1005,28.338,20.5,1507.3,0.9995,NOMINAL,0
2026-01-15T01:43:40Z,SAT-1006,28.185,20.16,1471.3,0.6023,NOMINAL,0
2026-01-15T01:43:50Z,SAT-1000,28.494,20.54,1523.4,0.7086,NOMINAL,0
2026-01-15T01:44:00Z,SAT-1001,28.294,20.95,1535.4,0.7504,NOMINAL,0
2026-01-15T01:44:10Z,SAT-1002,28.059,20.27,1470.9,0.8781,NOMINAL,0
2026-01-15T01:44:20Z,SAT-1003,27.493,20.15,1459.5,0.8332,NOMINAL,0
2026-01-15T01:44:30Z,SAT-1004,28.052,19.97,1517.4,0.837,NOMINAL,0
2026-01-15T01:44:40Z,SAT-1005,28.574,20.3,1480.5,0.8295,NOMINAL,0
2026-01-15T01:44:50Z,SAT-1006,28.37,20.52,1505.5,0.6403,NOMINAL,0
2026-01-15T01:45:00Z,SAT-1000,29.038,20.99,1514.0,0.6045,NOMINAL,0
2026-01-15T01:45:10Z,SAT-1001,27.613,20.84,1473.3,0.9571,NOMINAL,0
2026-01-15T01:45:20Z,SAT-1002,28.63,20.71,1483.6,0.6018,NOMINAL,0
2026-01-15T01:45:30Z,SAT-1003,27.94,20.51,1702.1,0.8746,SAFE_HOLD,1
2026-01-15T01:45:40Z,SAT-1004,28.625,21.16,1502.4,0.8184,NOMINAL,0
2026-01-15T01:45:50Z,SAT-1005,27.963,20.36,1493.0,0.9999,NOMINAL,0
2026-01-15T01:46:00Z,SAT-1006,28.044,20.92,1541.1,0.6613,STANDBY,0
2026-01-15T01:46:10Z,SAT-1000,28.582,20.87,1719.2,0.7498,SAFE_HOLD,1
2026-01-15T01:46:20Z,SAT-1001,27.604,20.47,1494.8,0.8408,NOMINAL,0
2026-01-15T01:46:30Z,SAT-1002,28.073,21.37,1489.8,0.8515,NOMINAL,0
2026-01-15T01:46:40Z,SAT-1003,27.894,20.89,1519.2,0.8545,NOMINAL,0
2026-01-15T01:46:50Z,SAT-1004,28.029,21.08,1527.9,0.8852,NOMINAL,0
2026-01-15T01:47:00Z,SAT-1005,27.572,21.19,1467.7,0.7273,NOMINAL,0
2026-01-15T01:47:10Z,SAT-1006,27.217,20.64,1514.1,0.6078,STANDBY,0
2026-01-15T01:47:20Z,SAT-1000,27.878,21.05,1511.9,0.9247,NOMINAL,0
2026-01-15T01:47:30Z,SAT-1001,27.913,20.88,1519.6,0.7753,NOMINAL,0
2026-01-15T01:47:40Z,SAT-1002,28.113,20.86,1506.1,0.8753,NOMINAL,0
2026-01-15T01:47:50Z,SAT-1003,28.256,20.63,1492.7,0.7652,NOMINAL,0
2026-01-15T01:48:00Z,SAT-1004,28.457,20.71,1503.8,0.9941,NOMINAL,0
2026-01-15T01:48:10Z,SAT-1005,27.948,21.16,1482.7,0.6065,NOMINAL,0
2026-01-15T01:48:20Z,SAT-1006,28.051,20.74,1494.6,0.8454,NOMINAL,0
2026-01-15T01:48:30Z,SAT-1000,27.385,21.35,1510.8,0.8539,NOMINAL,0
2026-01-15T01:48:40Z,SAT-1001,28.789,20.82,1489.1,0.9934,NOMINAL,0
2026-01-15T01:48:50Z,SAT-1002,28.24,20.72,1691.4,0.9007,SAFE_HOLD,1
2026-01-15T01:49:00Z,SAT-1003,28.463,20.87,1487.6,0.7772,NOMINAL,0
2026-01-15T01:49:10Z,SAT-1004,28.791,20.63,1493.9,0.897,NOMINAL,0
2026-01-15T01:49:20Z,SAT-1005,27.837,20.95,1504.7,0.6882,NOMINAL,0
2026-01-15T01:49:30Z,SAT-1006,27.987,21.53,1531.2,0.9658,NOMINAL,0
2026-01-15T01:49:40Z,SAT-1000,27.765,21.63,1474.2,0.9859,NOMINAL,0
2026-01-15T01:49:50Z,SAT-1001,28.082,21.39,1525.5,0.8433,NOMINAL,0
2026-01-15T01:50:00Z,SAT-1002,28.151,21.4,1473.9,0.9425,NOMINAL,0
2026-01-15T01:50:10Z,SAT-1003,28.238,20.97,1515.1,0.9061,NOMINAL,0
2026-01-15T01:50:20Z,SAT-1004,27.641,20.88,1522.3,0.8426,NOMINAL,0
2026-01-15T01:50:30Z,SAT-1005,28.025,21.34,1564.2,0.6617,STANDBY,0
2026-01-15T01:50:40Z,SAT-1006,28.003,21.38,1717.5,0.8699,SAFE_HOLD,1
2026-01-15T01:50:50Z,SAT-1000,27.497,21.28,1472.0,0.8137,NOMINAL,0
2026-01-15T01:51:00Z,SAT-1001,27.802,21.32,1502.7,0.9397,NOMINAL,0
2026-01-15T01:51:10Z,SAT-1002,28.278,21.69,1516.6,0.9571,NOMINAL,0
2026-01-15T01:51:20Z,SAT-1003,28.045,21.21,1495.7,0.6393,NOMINAL,0
2026-01-15T01:51:30Z,SAT-1004,28.022,21.66,1459.4,0.6272,NOMINAL,0
2026-01-15T01:51:40Z,SAT-1005,28.494,21.6,1511.8,0.9296,NOMINAL,0
2026-01-15T01:51:50Z,SAT-1006,28.437,21.44,1513.9,0.7863,NOMINAL,0
2026-01-15T01:52:00Z,SAT-1000,28.703,21.17,1519.0,0.7172,NOMINAL,0
2026-01-15T01:52:10Z,SAT-1001,27.325,21.8,1492.1,0.7584,NOMINAL,0
2026-01-15T01:52:20Z,SAT-1002,28.687,21.3,1518.5,0.7293,NOMINAL,0
2026-01-15T01:52:30Z,SAT-1003,28.072,21.16,1499.6,0.954,NOMINAL,0
2026-01-15T01:52:40Z,SAT-1004,27.612,21.24,1511.4,0.8639,NOMINAL,0
2026-01-15T01:52:50Z,SAT-1005,28.285,21.6,1480.3,0.8078,NOMINAL,0
2026-01-15T01:53:00Z,SAT-1006,27.974,21.03,1457.1,0.7307,NOMINAL,0
2026-01-15T01:53:10Z,SAT-1000,27.698,21.15,1463.7,0.6071,NOMINAL,0
2026-01-15T01:53:20Z,SAT-1001,28.048,21.75,1493.5,0.8636,NOMINAL,0
2026-01-15T01:53:30Z,SAT-1002,27.884,22.01,1510.6,0.9093,NOMINAL,0
2026-01-15T01:53:40Z,SAT-1003,28.767,22.14,1490.6,0.762,NOMINAL,0
2026-01-15T01:53:50Z,SAT-1004,28.439,22.13,1500.9,0.7731,NOMINAL,0
2026-01-15T01:54:00Z,SAT-1005,28.319,21.35,1503.3,0.9864,NOMINAL,0
2026-01-15T01:54:10Z,SAT-1006,28.22,21.42,1479.1,0.7062,NOMINAL,0
2026-01-15T01:54:20Z,SAT-1000,27.98,21.84,1515.2,0.8346,NOMINAL,0
2026-01-15T01:54:30Z,SAT-1001,28.264,22.04,1493.5,0.6703,NOMINAL,0
2026-01-15T01:54:40Z,SAT-1002,27.775,21.31,1504.2,0.6192,NOMINAL,0
2026-01-15T01:54:50Z,SAT-1003,27.694,21.75,1522.8,0.6165,NOMINAL,0
2026-01-15T01:55:00Z,SAT-1004,27.653,22.14,1481.2,0.7508,NOMINAL,0
2026-01-15T01:55:10Z,SAT-1005,27.776,22.2,1489.0,0.7797,NOMINAL,0
2026-01-15T01:55:20Z,SAT-1006,28.847,22.41,1510.4,0.6458,NOMINAL,0
2026-01-15T01:55:30Z,SAT-1000,27.99,21.58,1505.4,0.6528,NOMINAL,0
2026-01-15T01:55:40Z,SAT-1001,28.03,21.94,1513.4,0.7136,NOMINAL,0
2026-01-15T01:55:50Z,SAT-1002,28.334,21.78,1563.5,0.6467,NOMINAL,0
2026-01-15T01:56:00Z,SAT-1003,27.463,22.42,1458.0,0.9034,NOMINAL,0
2026-01-15T01:56:10Z,SAT-1004,27.701,21.6,1513.1,0.8412,NOMINAL,0
2026-01-15T01:56:20Z,SAT-1005,28.584,21.85,1478.2,0.9367,NOMINAL,0
2026-01-15T01:56:30Z,SAT-1006,28.464,21.72,1459.9,0.7655,NOMINAL,0
2026-01-15T01:56:40Z,SAT-1000,27.689,20.1,1503.7,0.9314,NOMINAL,0
2026-01-15T01:56:50Z,SAT-1001,28.042,19.99,1466.7,0.9659,NOMINAL,0
2026-01-15T01:57:00Z,SAT-1002,28.617,20.27,1509.5,0.9409,NOMINAL,0
2026-01-15T01:57:10Z,SAT-1003,28.203,20.14,1460.5,0.723,NOMINAL,0
2026-01-15T01:57:20Z,SAT-1004,27.436,20.3,1523.8,0.6203,NOMINAL,0
2026-01-15T01:57:30Z,SAT-1005,28.676,19.94,1502.4,0.6737,NOMINAL,0
2026-01-15T01:57:40Z,SAT-1006,27.968,20.15,1490.1,0.6581,NOMINAL,0
2026-01-15T01:57:50Z,SAT-1000,28.615,20.24,1478.3,0.8263,NOMINAL,0
2026-01-15T01:58:00Z,SAT-1001,28.632,19.99,1472.3,0.6043,NOMINAL,0
2026-01-15T01:58:10Z,SAT-1002,27.504,20.41,1527.1,0.7216,NOMINAL,0
2026-01-15T01:58:20Z,SAT-1003,27.672,20.07,1452.7,0.6309,NOMINAL,0
2026-01-15T01:58:30Z,SAT-1004,28.312,20.39,1514.5,0.7745,STANDBY,0
2026-01-15T01:58:40Z,SAT-1005,27.727,20.09,1488.6,0.794,NOMINAL,0
2026-01-15T01:58:50Z,SAT-1006,27.675,20.45,1486.3,0.7385,NOMINAL,0
2026-01-15T01:59:00Z,SAT-1000,28.03,20.01,1512.7,0.9047,NOMINAL,0
2026-01-15T01:59:10Z,SAT-1001,28.076,20.83,1766.4,0.9373,SAFE_HOLD,1
2026-01-15T01:59:20Z,SAT-1002,27.647,20.95,1480.2,0.7405,NOMINAL,0
2026-01-15T01:59:30Z,SAT-1003,27.57,20.25,1495.5,0.7719,NOMINAL,0
2026-01-15T01:59:40Z,SAT-1004,28.073,19.97,1518.6,0.8508,NOMINAL,0
2026-01-15T01:59:50Z,SAT-1005,28.341,20.39,1507.0,0.9306,NOMINAL,0
2026-01-15T02:00:00Z,SAT-1006,28.167,20.58,1469.5,0.8403,NOMINAL,0
2026-01-15T02:00:10Z,SAT-1000,28.552,20.26,1519.7,0.7887,NOMINAL,0
2026-01-15T02:00:20Z,SAT-1001,28.08,20.22,1506.1,0.732,NOMINAL,0
2026-01-15T02:00:30Z,SAT-1002,27.779,20.09,1460.6,0.9874,NOMINAL,0
2026-01-15T02:00:40Z,SAT-1003,27.853,19.96,1537.0,0.701,NOMINAL,0
2026-01-15T02:00:50Z,SAT-1004,27.894,20.64,1509.3,0.7993,NOMINAL,0
2026-01-15T02:01:00Z,SAT-1005,27.876,20.52,1485.9,0.9181,NOMINAL,0
2026-01-15T02:01:10Z,SAT-1006,28.392,20.46,1452.1,0.9349,NOMINAL,0
2026-01-15T02:01:20Z,SAT-1000,28.212,21.01,1501.3,0.998,NOMINAL,0
2026-01-15T02:01:30Z,SAT-1001,27.97,20.69,1496.5,0.7224,NOMINAL,0
2026-01-15T02:01:40Z,SAT-1002,28.148,20.36,1494.5,0.6504,NOMINAL,0
2026-01-15T02:01:50Z,SAT-1003,27.089,20.54,1529.9,0.9857,NOMINAL,0
2026-01-15T02:02:00Z,SAT-1004,28.416,20.73,1460.8,0.7475,NOMINAL,0
2026-01-15T02:02:10Z,SAT-1005,27.92,20.19,1485.6,0.978,NOMINAL,0
2026-01-15T02:02:20Z,SAT-1006,28.386,20.85,1495.0,0.7246,NOMINAL,0
2026-01-15T02:02:30Z,SAT-1000,28.397,20.25,1455.4,0.9931,NOMINAL,0
2026-01-15T02:02:40Z,SAT-1001,27.525,20.86,1489.7,0.7279,NOMINAL,0
2026-01-15T02:02:50Z,SAT-1002,28.121,21.29,1487.4,0.882,NOMINAL,0
2026-01-15T02:03:00Z,SAT-1003,27.776,20.71,1526.4,0.6522,NOMINAL,0
2026-01-15T02:03:10Z,SAT-1004,28.131,20.64,1493.0,0.6644,NOMINAL,0
2026-01-15T02:03:20Z,SAT-1005,27.674,21.06,1471.8,0.9546,NOMINAL,0
2026-01-15T02:03:30Z,SAT-1006,28.246,20.28,1480.6,0.8975,NOMINAL,0
2026-01-15T02:03:40Z,SAT-1000,29.062,20.83,1537.9,0.9734,NOMINAL,0
2026-01-15T02:03:50Z,SAT-1001,27.95,21.26,1503.3,0.6915,STANDBY,0
2026-01-15T02:04:00Z,SAT-1002,28.218,20.92,1459.9,0.8687,NOMINAL,0
2026-01-15T02:04:10Z,SAT-1003,28.611,21.28,1684.5,0.9555,SAFE_HOLD,1
2026-01-15T02:04:20Z,SAT-1004,27.97,20.97,1532.0,0.7966,NOMINAL,0
2026-01-15T02:04:30Z,SAT-1005,28.742,21.3,1496.5,0.7708,NOMINAL,0
2026-01-15T02:04:40Z,SAT-1006,27.923,21.42,1502.1,0.8162,NOMINAL,0
2026-01-15T02:04:50Z,SAT-1000,28.392,21.04,1504.5,0.6436,NOMINAL,0
2026-01-15T02:05:00Z,SAT-1001,28.239,21.02,1516.4,0.6474,NOMINAL,0
2026-01-15T02:05:10Z,SAT-1002,26.584,20.86,1489.6,0.6912,STANDBY,0
2026-01-15T02:05:20Z,SAT-1003,27.968,21.68,1525.8,0.7868,NOMINAL,0
2026-01-15T02:05:30Z,SAT-1004,28.924,20.9,1463.1,0.6259,NOMINAL,0
2026-01-15T02:05:40Z,SAT-1005,28.536,21.42,1502.6,0.7011,NOMINAL,0
2026-01-15T02:05:50Z,SAT-1006,28.271,21.24,1491.9,0.7913,NOMINAL,0
2026-01-15T02:06:00Z,SAT-1000,27.582,21.3,1478.1,0.9656,NOMINAL,0
2026-01-15T02:06:10Z,SAT-1001,27.823,21.06,1483.3,0.8932,NOMINAL,0
2026-01-15T02:06:20Z,SAT-1002,28.489,21.36,1498.0,0.98,NOMINAL,0
2026-01-15T02:06:30Z,SAT-1003,28.249,20.81,1688.2,0.8058,SAFE_HOLD,1
2026-01-15T02:06:40Z,SAT-1004,28.213,21.45,1533.7,0.8597,NOMINAL,0
2026-01-15T02:06:50Z,SAT-1005,28.19,21.12,1480.1,0.7376,NOMINAL,0
2026-01-15T02:07:00Z,SAT-1006,27.436,21.26,1542.2,0.6047,NOMINAL,0
2026-01-15T02:07:10Z,SAT-1000,27.973,21.21,1450.8,0.8047,NOMINAL,0
2026-01-15T02:07:20Z,SAT-1001,27.762,21.45,1477.9,0.7418,NOMINAL,0
2026-01-15T02:07:30Z,SAT-1002,28.239,21.1,1489.4,0.9468,NOMINAL,0
2026-01-15T02:07:40Z,SAT-1003,28.487,20.91,1517.0,0.8749,NOMINAL,0
2026-01-15T02:07:50Z,SAT-1004,27.601,21.31,1550.1,0.9307,NOMINAL,0
2026-01-15T02:08:00Z,SAT-1005,28.225,21.38,1454.3,0.7932,NOMINAL,0
2026-01-15T02:08:10Z,SAT-1006,27.572,21.96,1513.0,0.7332,NOMINAL,0
2026-01-15T02:08:20Z,SAT-1000,28.126,21.6,1541.5,0.6234,NOMINAL,0
2026-01-15T02:08:30Z,SAT-1001,28.628,21.66,1511.0,0.6713,NOMINAL,0
2026-01-15T02:08:40Z,SAT-1002,27.886,21.16,1478.3,0.678,STANDBY,0
2026-01-15T02:08:50Z,SAT-1003,28.087,21.41,1724.0,0.9053,SAFE_HOLD,1
2026-01-15T02:09:00Z,SAT-1004,28.964,21.82,1501.1,0.8637,NOMINAL,0
2026-01-15T02:09:10Z,SAT-1005,28.184,21.48,1481.0,0.6402,NOMINAL,0
2026-01-15T02:09:20Z,SAT-1006,27.758,21.48,1518.0,0.9893,NOMINAL,0
2026-01-15T02:09:30Z,SAT-1000,27.928,22.45,1507.2,0.8241,NOMINAL,0
2026-01-15T02:09:40Z,SAT-1001,27.282,21.28,1508.0,0.903,NOMINAL,0
2026-01-15T02:09:50Z,SAT-1002,28.147,21.31,1510.1,0.7613,NOMINAL,0
2026-01-15T02:10:00Z,SAT-1003,27.99,21.02,1501.0,0.6323,NOMINAL,0
2026-01-15T02:10:10Z,SAT-1004,28.18,21.57,1464.5,0.7079,NOMINAL,0
2026-01-15T02:10:20Z,SAT-1005,28.784,21.58,1482.1,0.6816,NOMINAL,0
2026-01-15T02:10:30Z,SAT-1006,27.768,21.7,1478.8,0.7588,NOMINAL,0
2026-01-15T02:10:40Z,SAT-1000,28.5,21.58,1528.7,0.8074,NOMINAL,0
2026-01-15T02:10:50Z,SAT-1001,28.139,21.71,1508.5,0.8188,NOMINAL,0
2026-01-15T02:11:00Z,SAT-1002,27.764,21.78,1490.4,0.9696,NOMINAL,0
2026-01-15T02:11:10Z,SAT-1003,28.814,22.11,1511.5,0.7152,STANDBY,0
2026-01-15T02:11:20Z,SAT-1004,28.276,21.67,1482.9,0.8419,NOMINAL,0
2026-01-15T02:11:30Z,SAT-1005,28.266,21.91,1508.8,0.8651,NOMINAL,0
2026-01-15T02:11:40Z,SAT-1006,28.044,21.94,1531.5,0.8064,NOMINAL,0
2026-01-15T02:11:50Z,SAT-1000,29.099,21.78,1454.3,0.8771,NOMINAL,0
2026-01-15T02:12:00Z,SAT-1001,27.785,22.28,1515.4,0.6203,NOMINAL,0
2026-01-15T02:12:10Z,SAT-1002,27.601,21.98,1506.3,0.6783,NOMINAL,0
2026-01-15T02:12:20Z,SAT-1003,27.929,21.7,1504.9,0.9013,NOMINAL,0
2026-01-15T02:12:30Z,SAT-1004,27.794,22.31,1452.3,0.6717,NOMINAL,0
2026-01-15T02:12:40Z,SAT-1005,28.424,22.03,1489.8,0.7548,NOMINAL,0
2026-01-15T02:12:50Z,SAT-1006,28.415,21.65,1423.0,0.7978,NOMINAL,0
2026-01-15T02:13:00Z,SAT-1000,27.946,22.37,1495.9,0.963,NOMINAL,0
2026-01-15T02:13:10Z,SAT-1001,27.744,21.6,1508.0,0.9203,STANDBY,0
2026-01-15T02:13:20Z,SAT-1002,28.647,19.67,1504.3,0.8373,NOMINAL,0
2026-01-15T02:13:30Z,SAT-1003,27.805,19.67,1499.6,0.8899,NOMINAL,0
2026-01-15T02:13:40Z,SAT-1004,28.411,20.1,1486.8,0.6744,NOMINAL,0
2026-01-15T02:13:50Z,SAT-1005,27.982,19.83,1499.2,0.792,NOMINAL,0
2026-01-15T02:14:00Z,SAT-1006,29.284,19.75,1470.5,0.6651,STANDBY,0
2026-01-15T02:14:10Z,SAT-1000,27.579,20.41,1532.0,0.8741,NOMINAL,0
2026-01-15T02:14:20Z,SAT-1001,27.838,20.34,1492.2,0.7186,NOMINAL,0
2026-01-15T02:14:30Z,SAT-1002,27.788,20.33,1517.1,0.8566,NOMINAL,0
2026-01-15T02:14:40Z,SAT-1003,28.602,20.03,1469.4,0.8695,NOMINAL,0
2026-01-15T02:14:50Z,SAT-1004,28.487,19.91,1483.9,0.9404,NOMINAL,0
2026-01-15T02:15:00Z,SAT-1005,27.824,20.65,1466.1,0.9463,NOMINAL,0
2026-01-15T02:15:10Z,SAT-1006,27.423,20.19,1493.0,0.8861,STANDBY,0
2026-01-15T02:15:20Z,SAT-1000,27.999,20.1,1707.3,0.7076,SAFE_HOLD,1
2026-01-15T02:15:30Z,SAT-1001,28.066,20.31,1472.9,0.6986,NOMINAL,0
2026-01-15T02:15:40Z,SAT-1002,27.655,20.53,1493.9,0.7659,NOMINAL,0
2026-01-15T02:15:50Z,SAT-1003,27.517,19.89,1476.9,0.9157,NOMINAL,0
2026-01-15T02:16:00Z,SAT-1004,28.628,20.54,1462.9,0.6153,NOMINAL,0
2026-01-15T02:16:10Z,SAT-1005,28.448,20.24,1433.0,0.7628,NOMINAL,0
2026-01-15T02:16:20Z,SAT-1006,27.998,20.26,1512.3,0.9778,STANDBY,0
2026-01-15T02:16:30Z,SAT-1000,27.398,20.8,1485.5,0.9163,NOMINAL,0
2026-01-15T02:16:40Z,SAT-1001,27.624,20.42,1509.2,0.7762,NOMINAL,0
2026-01-15T02:16:50Z,SAT-1002,27.719,19.79,1508.6,0.8548,NOMINAL,0
2026-01-15T02:17:00Z,SAT-1003,27.697,20.31,1500.6,0.6091,NOMINAL,0
2026-01-15T02:17:10Z,SAT-1004,28.046,20.58,1535.4,0.9799,NOMINAL,0
2026-01-15T02:17:20Z,SAT-1005,27.208,20.38,1464.2,0.9922,NOMINAL,0
2026-01-15T02:17:30Z,SAT-1006,27.851,20.33,1514.4,0.7055,NOMINAL,0
2026-01-15T02:17:40Z,SAT-1000,27.457,20.63,1462.2,0.7521,NOMINAL,0
2026-01-15T02:17:50Z,SAT-1001,27.09,20.21,1524.9,0.7491,NOMINAL,0
2026-01-15T02:18:00Z,SAT-1002,27.371,20.04,1531.6,0.7755,NOMINAL,0
2026-01-15T02:18:10Z,SAT-1003,27.909,20.49,1714.6,0.917,SAFE_HOLD,1
2026-01-15T02:18:20Z,SAT-1004,27.606,20.69,1525.2,0.8187,NOMINAL,0
2026-01-15T02:18:30Z,SAT-1005,28.377,19.92,1467.1,0.8664,NOMINAL,0
2026-01-15T02:18:40Z,SAT-1006,28.093,20.62,1485.2,0.93,NOMINAL,0
2026-01-15T02:18:50Z,SAT-1000,28.505,20.55,1492.6,0.882,STANDBY,0
2026-01-15T02:19:00Z,SAT-1001,27.735,21.04,1535.2,0.7251,STANDBY,0
2026-01-15T02:19:10Z,SAT-1002,28.235,20.42,1471.1,0.9603,NOMINAL,0
2026-01-15T02:19:20Z,SAT-1003,27.577,20.97,1515.0,0.6535,NOMINAL,0
2026-01-15T02:19:30Z,SAT-1004,28.487,20.98,1491.0,0.886,NOMINAL,0
2026-01-15T02:19:40Z,SAT-1005,28.614,20.25,1504.3,0.7668,NOMINAL,0
2026-01-15T02:19:50Z,SAT-1006,27.621,21.02,1467.9,0.7942,NOMINAL,0
2026-01-15T02:20:00Z,SAT-1000,27.83,21.43,1514.7,0.9857,NOMINAL,0
2026-01-15T02:20:10Z,SAT-1001,28.138,20.73,1500.5,0.8954,NOMINAL,0
2026-01-15T02:20:20Z,SAT-1002,28.458,20.83,1454.2,0.6931,NOMINAL,0
2026-01-15T02:20:30Z,SAT-1003,27.657,21.01,1512.0,0.926,NOMINAL,0
2026-01-15T02:20:40Z,SAT-1004,28.278,20.73,1526.5,0.6494,NOMINAL,0
2026-01-15T02:20:50Z,SAT-1005,27.994,20.93,1494.6,0.8696,NOMINAL,0
2026-01-15T02:21:00Z,SAT-1006,27.753,21.26,1487.9,0.9148,STANDBY,0
2026-01-15T02:21:10Z,SAT-1000,28.34,20.61,1477.5,0.7475,NOMINAL,0
2026-01-15T02:21:20Z,SAT-1001,27.311,21.26,1447.1,0.6028,NOMINAL,0
2026-01-15T02:21:30Z,SAT-1002,27.371,20.56,1481.0,0.677,NOMINAL,0
2026-01-15T02:21:40Z,SAT-1003,28.698,21.2,1674.5,0.911,SAFE_HOLD,1
2026-01-15T02:21:50Z,SAT-1004,27.953,20.73,1536.3,0.8895,NOMINAL,0
2026-01-15T02:22:00Z,SAT-1005,27.998,21.13,1514.6,0.6414,NOMINAL,0
2026-01-15T02:22:10Z,SAT-1006,27.69,20.72,1522.3,0.6322,NOMINAL,0
2026-01-15T02:22:20Z,SAT-1000,27.752,21.1,1480.2,0.9056,NOMINAL,0
2026-01-15T02:22:30Z,SAT-1001,28.553,20.85,1516.1,0.7414,NOMINAL,0
2026-01-15T02:22:40Z,SAT-1002,28.53,21.07,1467.2,0.9552,NOMINAL,0
2026-01-15T02:22:50Z,SAT-1003,27.473,20.46,1515.3,0.7575,NOMINAL,0
2026-01-15T02:23:00Z,SAT-1004,27.667,20.99,1482.2,0.7572,NOMINAL,0
2026-01-15T02:23:10Z,SAT-1005,28.1,21.1,1507.8,0.849,NOMINAL,0
2026-01-15T02:23:20Z,SAT-1006,28.001,21.41,1529.8,0.9604,NOMINAL,0
2026-01-15T02:23:30Z,SAT-1000,28.124,21.27,1474.3,0.8497,NOMINAL,0
2026-01-15T02:23:40Z,SAT-1001,27.856,20.86,1495.1,0.8083,NOMINAL,0
2026-01-15T02:23:50Z,SAT-1002,28.002,20.98,1504.3,0.9407,NOMINAL,0
2026-01-15T02:24:00Z,SAT-1003,27.948,21.71,1492.6,0.7543,NOMINAL,0
2026-01-15T02:24:10Z,SAT-1004,28.326,21.38,1492.8,0.9685,NOMINAL,0
2026-01-15T02:24:20Z,SAT-1005,28.495,21.61,1510.5,0.8896,NOMINAL,0
2026-01-15T02:24:30Z,SAT-1006,27.989,21.05,1515.7,0.65,NOMINAL,0
2026-01-15T02:24:40Z,SAT-1000,27.467,21.59,1480.9,0.7195,NOMINAL,0
2026-01-15T02:24:50Z,SAT-1001,28.212,21.48,1487.3,0.8645,NOMINAL,0
2026-01-15T02:25:00Z,SAT-1002,28.76,21.22,1506.4,0.9182,NOMINAL,0
2026-01-15T02:25:10Z,SAT-1003,28.103,21.44,1482.4,0.9855,NOMINAL,0
2026-01-15T02:25:20Z,SAT-1004,28.273,21.42,1533.7,0.9428,NOMINAL,0
2026-01-15T02:25:30Z,SAT-1005,27.897,21.06,1705.1,0.9766,SAFE_HOLD,1
2026-01-15T02:25:40Z,SAT-1006,27.702,20.82,1480.0,0.6937,NOMINAL,0
2026-01-15T02:25:50Z,SAT-1000,28.436,21.87,1526.6,0.6976,NOMINAL,0
2026-01-15T02:26:00Z,SAT-1001,27.829,21.4,1477.8,0.6808,NOMINAL,0
2026-01-15T02:26:10Z,SAT-1002,28.121,21.74,1496.1,0.6064,NOMINAL,0
2026-01-15T02:26:20Z,SAT-1003,28.832,20.77,1524.2,0.7399,NOMINAL,0
2026-01-15T02:26:30Z,SAT-1004,28.116,21.46,1464.6,0.9341,NOMINAL,0
2026-01-15T02:26:40Z,SAT-1005,27.436,21.54,1440.9,0.6783,NOMINAL,0
2026-01-15T02:26:50Z,SAT-1006,28.047,21.53,1543.5,0.7253,NOMINAL,0
2026-01-15T02:27:00Z,SAT-1000,27.013,21.46,1498.7,0.6798,NOMINAL,0
2026-01-15T02:27:10Z,SAT-1001,27.645,21.64,1447.4,0.7072,NOMINAL,0
2026-01-15T02:27:20Z,SAT-1002,27.734,21.46,1502.4,0.628,STANDBY,0
2026-01-15T02:27:30Z,SAT-1003,28.582,21.47,1527.9,0.7017,NOMINAL,0
2026-01-15T02:27:40Z,SAT-1004,28.297,21.94,1528.5,0.9598,NOMINAL,0
2026-01-15T02:27:50Z,SAT-1005,27.898,21.82,1540.9,0.9585,NOMINAL,0
2026-01-15T02:28:00Z,SAT-1006,28.722,21.75,1520.1,0.6955,STANDBY,0
2026-01-15T02:28:10Z,SAT-1000,27.672,21.2,1483.7,0.9032,NOMINAL,0
2026-01-15T02:28:20Z,SAT-1001,28.36,21.79,1499.9,0.7991,NOMINAL,0
2026-01-15T02:28:30Z,SAT-1002,27.902,21.57,1502.7,0.6471,NOMINAL,0
2026-01-15T02:28:40Z,SAT-1003,28.231,22.07,1491.4,0.9582,NOMINAL,0
2026-01-15T02:28:50Z,SAT-1004,27.796,21.62,1464.6,0.8064,NOMINAL,0
2026-01-15T02:29:00Z,SAT-1005,28.406,21.7,1514.2,0.9745,NOMINAL,0
2026-01-15T02:29:10Z,SAT-1006,27.755,21.76,1516.7,0.6392,NOMINAL,0
2026-01-15T02:29:20Z,SAT-1000,27.639,22.4,1487.1,0.8163,NOMINAL,0
2026-01-15T02:29:30Z,SAT-1001,27.75,21.79,1492.0,0.9012,STANDBY,0
2026-01-15T02:29:40Z,SAT-1002,27.991,21.75,1501.8,0.778,NOMINAL,0
2026-01-15T02:29:50Z,SAT-1003,28.43,21.74,1525.1,0.7595,NOMINAL,0
2026-01-15T02:30:00Z,SAT-1004,27.613,20.22,1473.3,0.9669,STANDBY,0
2026-01-15T02:30:10Z,SAT-1005,28.329,19.84,1441.3,0.7515,NOMINAL,0
2026-01-15T02:30:20Z,SAT-1006,27.72,19.88,1464.8,0.9659,NOMINAL,0
2026-01-15T02:30:30Z,SAT-1000,28.193,20.22,1541.5,0.915,STANDBY,0
2026-01-15T02:30:40Z,SAT-1001,28.521,20.26,1465.2,0.6842,NOMINAL,0
2026-01-15T02:30:50Z,SAT-1002,27.796,19.91,1503.4,0.9742,NOMINAL,0
2026-01-15T02:31:00Z,SAT-1003,28.32,20.21,1478.0,0.8798,NOMINAL,0
2026-01-15T02:31:10Z,SAT-1004,27.722,20.2,1483.3,0.6625,NOMINAL,0
2026-01-15T02:31:20Z,SAT-1005,28.387,20.24,1530.3,0.6277,NOMINAL,0
2026-01-15T02:31:30Z,SAT-1006,27.87,20.61,1478.7,0.783,NOMINAL,0
2026-01-15T02:31:40Z,SAT-1000,27.778,20.16,1478.5,0.781,NOMINAL,0
2026-01-15T02:31:50Z,SAT-1001,27.512,20.49,1530.7,0.8237,NOMINAL,0
2026-01-15T02:32:00Z,SAT-1002,28.015,19.79,1497.2,0.8578,NOMINAL,0
2026-01-15T02:32:10Z,SAT-1003,28.365,20.45,1523.7,0.8858,NOMINAL,0
2026-01-15T02:32:20Z,SAT-1004,27.839,20.61,1547.2,0.6076,NOMINAL,0
2026-01-15T02:32:30Z,SAT-1005,28.172,20.16,1481.0,0.8309,NOMINAL,0
2026-01-15T02:32:40Z,SAT-1006,27.955,20.74,1725.5,0.9015,SAFE_HOLD,1
2026-01-15T02:32:50Z,SAT-1000,28.107,20.22,1494.2,0.6205,NOMINAL,0
2026-01-15T02:33:00Z,SAT-1001,27.879,20.15,1486.8,0.9324,NOMINAL,0
2026-01-15T02:33:10Z,SAT-1002,28.492,20.17,1510.1,0.7414,NOMINAL,0
2026-01-15T02:33:20Z,SAT-1003,28.037,20.44,1550.4,0.8661,NOMINAL,0
2026-01-15T02:33:30Z,SAT-1004,27.274,20.53,1496.3,0.862,NOMINAL,0
2026-01-15T02:33:40Z,SAT-1005,28.841,20.31,1524.7,0.7423,NOMINAL,0
2026-01-15T02:33:50Z,SAT-1006,28.792,20.23,1496.7,0.9014,STANDBY,0
2026-01-15T02:34:00Z,SAT-1000,28.585,20.42,1532.1,0.7299,NOMINAL,0
2026-01-15T02:34:10Z,SAT-1001,28.138,20.96,1510.9,0.8875,NOMINAL,0
2026-01-15T02:34:20Z,SAT-1002,28.389,19.97,1531.0,0.9716,NOMINAL,0
2026-01-15T02:34:30Z,SAT-1003,27.671,20.68,1512.9,0.7995,NOMINAL,0
2026-01-15T02:34:40Z,SAT-1004,27.502,20.25,1504.3,0.7191,NOMINAL,0
2026-01-15T02:34:50Z,SAT-1005,27.827,20.38,1484.9,0.6567,NOMINAL,0
2026-01-15T02:35:00Z,SAT-1006,28.172,20.69,1485.3,0.6771,NOMINAL,0
2026-01-15T02:35:10Z,SAT-1000,27.748,20.72,1491.5,0.8553,NOMINAL,0
2026-01-15T02:35:20Z,SAT-1001,27.893,20.97,1451.7,0.8977,NOMINAL,0
2026-01-15T02:35:30Z,SAT-1002,28.129,20.27,1520.6,0.7597,NOMINAL,0
2026-01-15T02:35:40Z,SAT-1003,28.465,19.72,1510.1,0.6548,NOMINAL,0
2026-01-15T02:35:50Z,SAT-1004,27.903,20.29,1521.6,0.6295,NOMINAL,0
2026-01-15T02:36:00Z,SAT-1005,28.629,21.01,1492.9,0.924,NOMINAL,0
2026-01-15T02:36:10Z,SAT-1006,28.579,20.54,1541.1,0.9412,NOMINAL,0
2026-01-15T02:36:20Z,SAT-1000,27.77,21.31,1465.3,0.602,NOMINAL,0
2026-01-15T02:36:30Z,SAT-1001,27.62,20.86,1491.0,0.9925,NOMINAL,0
2026-01-15T02:36:40Z,SAT-1002,27.107,20.75,1498.9,0.8818,NOMINAL,0
2026-01-15T02:36:50Z,SAT-1003,27.548,20.71,1497.0,0.8876,NOMINAL,0
2026-01-15T02:37:00Z,SAT-1004,28.164,20.56,1520.1,0.8166,NOMINAL,0
2026-01-15T02:37:10Z,SAT-1005,27.964,20.8,1506.9,0.8838,NOMINAL,0
2026-01-15T02:37:20Z,SAT-1006,28.404,20.7,1508.1,0.8351,NOMINAL,0
2026-01-15T02:37:30Z,SAT-1000,27.921,20.86,1499.3,0.798,NOMINAL,0
2026-01-15T02:37:40Z,SAT-1001,27.947,21.33,1522.5,0.9907,NOMINAL,0
2026-01-15T02:37:50Z,SAT-1002,28.143,20.9,1487.7,0.6135,NOMINAL,0
2026-01-15T02:38:00Z,SAT-1003,28.231,21.1,1508.9,0.6747,NOMINAL,0
2026-01-15T02:38:10Z,SAT-1004,27.723,21.09,1484.7,0.8578,NOMINAL,0
2026-01-15T02:38:20Z,SAT-1005,28.325,21.25,1511.9,0.7471,NOMINAL,0
2026-01-15T02:38:30Z,SAT-1006,27.988,21.01,1534.8,0.9967,NOMINAL,0
2026-01-15T02:38:40Z,SAT-1000,27.698,21.15,1480.2,0.6791,NOMINAL,0
2026-01-15T02:38:50Z,SAT-1001,27.476,20.88,1508.6,0.9949,NOMINAL,0
2026-01-15T02:39:00Z,SAT-1002,28.03,20.87,1706.8,0.8148,SAFE_HOLD,1
2026-01-15T02:39:10Z,SAT-1003,28.71,20.99,1521.8,0.9443,NOMINAL,0
2026-01-15T02:39:20Z,SAT-1004,27.265,21.43,1488.6,0.909,NOMINAL,0
2026-01-15T02:39:30Z,SAT-1005,28.132,21.28,1552.7,0.9015,NOMINAL,0
2026-01-15T02:39:40Z,SAT-1006,27.688,21.53,1506.4,0.66,NOMINAL,0
2026-01-15T02:39:50Z,SAT-1000,27.955,21.23,1520.8,0.8199,NOMINAL,0
2026-01-15T02:40:00Z,SAT-1001,28.238,21.37,1525.4,0.6219,NOMINAL,0
2026-01-15T02:40:10Z,SAT-1002,28.251,21.32,1519.5,0.9758,NOMINAL,0
2026-01-15T02:40:20Z,SAT-1003,27.938,20.72,1471.1,0.955,STANDBY,0
2026-01-15T02:40:30Z,SAT-1004,27.323,21.52,1463.6,0.9932,NOMINAL,0
2026-01-15T02:40:40Z,SAT-1005,27.846,21.13,1493.4,0.885,NOMINAL,0
2026-01-15T02:40:50Z,SAT-1006,29.063,20.91,1542.4,0.8569,NOMINAL,0
2026-01-15T02:41:00Z,SAT-1000,28.217,21.4,1523.2,0.7009,NOMINAL,0
2026-01-15T02:41:10Z,SAT-1001,28.37,21.55,1497.4,0.6698,NOMINAL,0
2026-01-15T02:41:20Z,SAT-1002,28.525,21.52,1483.0,0.7087,STANDBY,0
2026-01-15T02:41:30Z,SAT-1003,27.378,21.27,1505.2,0.9633,NOMINAL,0
2026-01-15T02:41:40Z,SAT-1004,27.644,21.46,1489.7,0.6061,NOMINAL,0
2026-01-15T02:41:50Z,SAT-1005,27.143,21.48,1487.4,0.8308,NOMINAL,0
2026-01-15T02:42:00Z,SAT-1006,27.676,21.47,1500.8,0.6559,NOMINAL,0
2026-01-15T02:42:10Z,SAT-1000,27.884,21.21,1520.6,0.8202,NOMINAL,0
2026-01-15T02:42:20Z,SAT-1001,27.975,21.95,1465.0,0.8677,STANDBY,0
2026-01-15T02:42:30Z,SAT-1002,28.603,21.57,1512.9,0.8366,NOMINAL,0
2026-01-15T02:42:40Z,SAT-1003,27.458,21.87,1527.1,0.6231,NOMINAL,0
2026-01-15T02:42:50Z,SAT-1004,28.747,21.46,1465.6,0.8482,NOMINAL,0
2026-01-15T02:43:00Z,SAT-1005,27.828,21.79,1501.4,0.939,NOMINAL,0
2026-01-15T02:43:10Z,SAT-1006,28.042,21.57,1526.7,0.9018,NOMINAL,0
2026-01-15T02:43:20Z,SAT-1000,28.159,21.36,1503.6,0.6948,NOMINAL,0
2026-01-15T02:43:30Z,SAT-1001,27.651,21.5,1497.4,0.9597,NOMINAL,0
2026-01-15T02:43:40Z,SAT-1002,27.296,21.41,1474.7,0.7574,NOMINAL,0
2026-01-15T02:43:50Z,SAT-1003,27.286,21.51,1498.8,0.612,NOMINAL,0
2026-01-15T02:44:00Z,SAT-1004,27.917,21.9,1541.6,0.6704,NOMINAL,0
2026-01-15T02:44:10Z,SAT-1005,27.939,21.02,1529.0,0.8647,NOMINAL,0
2026-01-15T02:44:20Z,SAT-1006,28.044,22.16,1522.0,0.8352,NOMINAL,0
2026-01-15T02:44:30Z,SAT-1000,28.325,21.96,1510.5,0.6863,NOMINAL,0
2026-01-15T02:44:40Z,SAT-1001,28.537,21.98,1505.2,0.858,NOMINAL,0
2026-01-15T02:44:50Z,SAT-1002,27.784,21.81,1511.3,0.7977,NOMINAL,0
2026-01-15T02:45:00Z,SAT-1003,28.321,21.58,1492.2,0.6927,NOMINAL,0
2026-01-15T02:45:10Z,SAT-1004,28.799,22.03,1459.2,0.9154,NOMINAL,0
2026-01-15T02:45:20Z,SAT-1005,27.78,21.69,1523.2,0.9024,NOMINAL,0
2026-01-15T02:45:30Z,SAT-1006,27.334,21.79,1547.2,0.8261,NOMINAL,0
2026-01-15T02:45:40Z,SAT-1000,27.253,22.0,1501.4,0.7741,NOMINAL,0
2026-01-15T02:45:50Z,SAT-1001,27.89,22.56,1448.6,0.606,NOMINAL,0
2026-01-15T02:46:00Z,SAT-1002,27.407,21.98,1467.9,0.9632,NOMINAL,0
2026-01-15T02:46:10Z,SAT-1003,28.035,22.08,1472.8,0.7001,NOMINAL,0
2026-01-15T02:46:20Z,SAT-1004,27.733,22.14,1493.7,0.9499,NOMINAL,0
2026-01-15T02:46:30Z,SAT-1005,28.448,21.73,1742.9,0.8984,SAFE_HOLD,1
2026-01-15T02:46:40Z,SAT-1006,27.787,19.48,1491.2,0.8234,NOMINAL,0
2026-01-15T02:46:50Z,SAT-1000,28.743,20.18,1464.1,0.6235,NOMINAL,0
2026-01-15T02:47:00Z,SAT-1001,28.697,20.4,1531.9,0.8939,NOMINAL,0
2026-01-15T02:47:10Z,SAT-1002,28.235,19.91,1514.9,0.9021,NOMINAL,0
2026-01-15T02:47:20Z,SAT-1003,27.734,19.61,1483.1,0.8638,NOMINAL,0
2026-01-15T02:47:30Z,SAT-1004,28.128,19.62,1470.3,0.8492,STANDBY,0
2026-01-15T02:47:40Z,SAT-1005,28.754,20.02,1476.9,0.7894,NOMINAL,0
2026-01-15T02:47:50Z,SAT-1006,28.386,20.21,1499.5,0.7695,NOMINAL,0
2026-01-15T02:48:00Z,SAT-1000,28.028,20.56,1485.1,0.6283,NOMINAL,0
2026-01-15T02:48:10Z,SAT-1001,28.215,20.31,1482.0,0.9393,NOMINAL,0
2026-01-15T02:48:20Z,SAT-1002,27.429,19.72,1497.1,0.8647,NOMINAL,0
2026-01-15T02:48:30Z,SAT-1003,28.176,20.17,1489.4,0.6478,NOMINAL,0
2026-01-15T02:48:40Z,SAT-1004,27.781,20.15,1519.3,0.6503,NOMINAL,0
2026-01-15T02:48:50Z,SAT-1005,28.421,20.2,1492.5,0.8411,NOMINAL,0
2026-01-15T02:49:00Z,SAT-1006,28.287,20.31,1514.7,0.9739,NOMINAL,0
2026-01-15T02:49:10Z,SAT-1000,28.327,20.58,1509.3,0.8272,NOMINAL,0
2026-01-15T02:49:20Z,SAT-1001,28.928,20.04,1733.0,0.7623,SAFE_HOLD,1
2026-01-15T02:49:30Z,SAT-1002,27.721,20.62,1506.5,0.6192,NOMINAL,0
2026-01-15T02:49:40Z,SAT-1003,27.662,20.23,1515.8,0.7792,NOMINAL,0
2026-01-15T02:49:50Z,SAT-1004,27.804,20.68,1483.8,0.6136,NOMINAL,0
2026-01-15T02:50:00Z,SAT-1005,28.162,20.76,1487.8,0.887,NOMINAL,0
2026-01-15T02:50:10Z,SAT-1006,27.998,20.15,1491.1,0.7962,NOMINAL,0
2026-01-15T02:50:20Z,SAT-1000,28.94,20.34,1509.5,0.7693,NOMINAL,0
2026-01-15T02:50:30Z,SAT-1001,28.635,20.19,1481.3,0.6137,NOMINAL,0
2026-01-15T02:50:40Z,SAT-1002,28.007,20.24,1453.0,0.8386,NOMINAL,0
2026-01-15T02:50:50Z,SAT-1003,28.16,20.45,1504.1,0.9104,NOMINAL,0
2026-01-15T02:51:00Z,SAT-1004,27.359,20.89,1503.3,0.7464,NOMINAL,0
2026-01-15T02:51:10Z,SAT-1005,28.33,20.43,1505.4,0.8801,NOMINAL,0
2026-01-15T02:51:20Z,SAT-1006,28.02,20.13,1502.3,0.7897,STANDBY,0
2026-01-15T02:51:30Z,SAT-1000,28.297,20.41,1514.3,0.8213,NOMINAL,0
2026-01-15T02:51:40Z,SAT-1001,28.388,21.01,1480.6,0.6425,NOMINAL,0
2026-01-15T02:51:50Z,SAT-1002,28.382,20.93,1473.4,0.9551,NOMINAL,0
2026-01-15T02:52:00Z,SAT-1003,28.199,20.12,1490.0,0.9005,NOMINAL,0
2026-01-15T02:52:10Z,SAT-1004,27.599,20.39,1480.6,0.8492,NOMINAL,0
2026-01-15T02:52:20Z,SAT-1005,27.836,21.22,1505.5,0.9851,NOMINAL,0
2026-01-15T02:52:30Z,SAT-1006,28.309,20.93,1484.0,0.7865,NOMINAL,0
2026-01-15T02:52:40Z,SAT-1000,28.645,20.67,1533.6,0.6543,NOMINAL,0
2026-01-15T02:52:50Z,SAT-1001,28.278,20.99,1516.1,0.6381,NOMINAL,0
2026-01-15T02:53:00Z,SAT-1002,28.221,21.33,1508.8,0.9373,NOMINAL,0
2026-01-15T02:53:10Z,SAT-1003,28.241,20.29,1488.5,0.7867,NOMINAL,0
2026-01-15T02:53:20Z,SAT-1004,28.301,20.89,1546.1,0.7923,NOMINAL,0
2026-01-15T02:53:30Z,SAT-1005,27.041,21.03,1500.6,0.6569,NOMINAL,0
2026-01-15T02:53:40Z,SAT-1006,27.789,21.0,1528.1,0.7456,NOMINAL,0
2026-01-15T02:53:50Z,SAT-1000,28.166,21.12,1474.7,0.8494,NOMINAL,0
2026-01-15T02:54:00Z,SAT-1001,28.18,20.64,1516.2,0.9066,NOMINAL,0
2026-01-15T02:54:10Z,SAT-1002,28.254,20.89,1496.6,0.7284,NOMINAL,0
2026-01-15T02:54:20Z,SAT-1003,27.692,20.58,1486.1,0.6406,NOMINAL,0
2026-01-15T02:54:30Z,SAT-1004,28.13,20.85,1536.6,0.9089,NOMINAL,0
2026-01-15T02:54:40Z,SAT-1005,27.734,21.43,1478.1,0.6243,NOMINAL,0
2026-01-15T02:54:50Z,SAT-1006,28.036,21.11,1469.2,0.8365,NOMINAL,0
2026-01-15T02:55:00Z,SAT-1000,28.207,21.18,1469.8,0.7258,NOMINAL,0
2026-01-15T02:55:10Z,SAT-1001,28.299,21.05,1502.5,0.7727,NOMINAL,0
2026-01-15T02:55:20Z,SAT-1002,27.871,21.22,1475.1,0.8568,NOMINAL,0
2026-01-15T02:55:30Z,SAT-1003,27.841,20.99,1513.7,0.9124,NOMINAL,0
2026-01-15T02:55:40Z,SAT-1004,27.866,21.18,1507.6,0.9017,NOMINAL,0
2026-01-15T02:55:50Z,SAT-1005,27.999,20.96,1514.4,0.891,NOMINAL,0
2026-01-15T02:56:00Z,SAT-1006,27.485,20.89,1494.3,0.6709,NOMINAL,0
2026-01-15T02:56:10Z,SAT-1000,28.28,20.89,1507.3,0.6795,NOMINAL,0
2026-01-15T02:56:20Z,SAT-1001,28.486,21.2,1481.8,0.8076,NOMINAL,0
2026-01-15T02:56:30Z,SAT-1002,27.939,21.13,1456.4,0.8148,NOMINAL,0
2026-01-15T02:56:40Z,SAT-1003,27.853,21.28,1523.0,0.8952,NOMINAL,0
2026-01-15T02:56:50Z,SAT-1004,27.78,21.59,1468.3,0.8037,NOMINAL,0
2026-01-15T02:57:00Z,SAT-1005,27.639,21.52,1495.2,0.7312,NOMINAL,0
2026-01-15T02:57:10Z,SAT-1006,28.261,21.21,1511.6,0.8348,NOMINAL,0
2026-01-15T02:57:20Z,SAT-1000,27.734,21.14,1536.5,0.895,NOMINAL,0
2026-01-15T02:57:30Z,SAT-1001,27.562,21.41,1509.3,0.7158,NOMINAL,0
2026-01-15T02:57:40Z,SAT-1002,28.124,21.93,1483.6,0.8503,NOMINAL,0
2026-01-15T02:57:50Z,SAT-1003,27.326,21.11,1512.7,0.9727,NOMINAL,0
2026-01-15T02:58:00Z,SAT-1004,27.71,21.51,1505.0,0.7645,NOMINAL,0
2026-01-15T02:58:10Z,SAT-1005,27.538,21.55,1500.8,0.6367,NOMINAL,0
2026-01-15T02:58:20Z,SAT-1006,27.798,21.48,1520.3,0.8672,NOMINAL,0
2026-01-15T02:58:30Z,SAT-1000,27.583,21.83,1478.9,0.9466,NOMINAL,0
2026-01-15T02:58:40Z,SAT-1001,28.325,21.35,1462.8,0.8057,NOMINAL,0
2026-01-15T02:58:50Z,SAT-1002,27.398,21.18,1495.9,0.8806,NOMINAL,0
2026-01-15T02:59:00Z,SAT-1003,27.872,21.81,1492.4,0.8171,NOMINAL,0
2026-01-15T02:59:10Z,SAT-1004,27.333,21.32,1496.9,0.6892,NOMINAL,0
2026-01-15T02:59:20Z,SAT-1005,27.878,21.34,1533.7,0.6347,NOMINAL,0
2026-01-15T02:59:30Z,SAT-1006,29.015,21.26,1477.8,0.9247,STANDBY,0
2026-01-15T02:59:40Z,SAT-1000,28.319,21.44,1522.6,0.6756,NOMINAL,0
2026-01-15T02:59:50Z,SAT-1001,27.687,21.88,1468.7,0.7657,NOMINAL,0
2026-01-15T03:00:00Z,SAT-1002,27.497,21.44,1532.2,0.8935,NOMINAL,0
2026-01-15T03:00:10Z,SAT-1003,27.828,21.85,1495.1,0.8745,NOMINAL,0
2026-01-15T03:00:20Z,SAT-1004,27.775,21.85,1514.9,0.6781,NOMINAL,0
2026-01-15T03:00:30Z,SAT-1005,28.01,21.78,1531.9,0.6314,NOMINAL,0
2026-01-15T03:00:40Z,SAT-1006,28.255,21.61,1474.0,0.8851,NOMINAL,0
2026-01-15T03:00:50Z,SAT-1000,28.906,21.32,1467.3,0.8503,NOMINAL,0
2026-01-15T03:01:00Z,SAT-1001,28.206,21.58,1524.0,0.7781,NOMINAL,0
2026-01-15T03:01:10Z,SAT-1002,27.294,22.29,1513.4,0.8707,NOMINAL,0
2026-01-15T03:01:20Z,SAT-1003,27.805,21.58,1535.0,0.6772,NOMINAL,0
2026-01-15T03:01:30Z,SAT-1004,27.637,21.57,1487.2,0.7217,NOMINAL,0
2026-01-15T03:01:40Z,SAT-1005,28.195,21.95,1482.5,0.6888,NOMINAL,0
2026-01-15T03:01:50Z,SAT-1006,28.324,22.15,1478.0,0.8373,STANDBY,0
2026-01-15T03:02:00Z,SAT-1000,28.43,21.64,1532.5,0.6083,NOMINAL,0
2026-01-15T03:02:10Z,SAT-1001,28.226,22.26,1511.5,0.6033,NOMINAL,0
2026-01-15T03:02:20Z,SAT-1002,27.871,22.36,1479.0,0.8352,NOMINAL,0
2026-01-15T03:02:30Z,SAT-1003,27.709,22.17,1521.7,0.6294,NOMINAL,0
2026-01-15T03:02:40Z,SAT-1004,28.561,22.06,1511.3,0.8481,NOMINAL,0
2026-01-15T03:02:50Z,SAT-1005,27.799,21.89,1511.8,0.6808,NOMINAL,0
2026-01-15T03:03:00Z,SAT-1006,28.787,22.01,1495.7,0.8482,NOMINAL,0
2026-01-15T03:03:10Z,SAT-1000,27.626,21.87,1505.2,0.7676,NOMINAL,0
2026-01-15T03:03:20Z,SAT-1001,27.835,20.13,1514.6,0.8273,NOMINAL,0
2026-01-15T03:03:30Z,SAT-1002,28.357,19.73,1520.7,0.7762,NOMINAL,0
2026-01-15T03:03:40Z,SAT-1003,28.302,20.31,1522.0,0.8162,NOMINAL,0
2026-01-15T03:03:50Z,SAT-1004,28.718,20.15,1669.2,0.7092,SAFE_HOLD,1
2026-01-15T03:04:00Z,SAT-1005,28.103,19.73,1511.9,0.7413,NOMINAL,0
2026-01-15T03:04:10Z,SAT-1006,28.123,20.18,1514.3,0.9934,NOMINAL,0
2026-01-15T03:04:20Z,SAT-1000,28.556,20.5,1460.8,0.626,NOMINAL,0
2026-01-15T03:04:30Z,SAT-1001,28.158,20.14,1496.0,0.8097,NOMINAL,0
2026-01-15T03:04:40Z,SAT-1002,27.365,20.12,1683.1,0.6733,SAFE_HOLD,1
2026-01-15T03:04:50Z,SAT-1003,28.142,20.14,1509.5,0.7682,STANDBY,0
2026-01-15T03:05:00Z,SAT-1004,28.376,20.0,1465.2,0.9443,NOMINAL,0
2026-01-15T03:05:10Z,SAT-1005,27.579,20.21,1496.0,0.6367,NOMINAL,0
2026-01-15T03:05:20Z,SAT-1006,28.357,20.54,1508.4,0.9392,NOMINAL,0
2026-01-15T03:05:30Z,SAT-1000,27.684,19.98,1465.8,0.934,NOMINAL,0
2026-01-15T03:05:40Z,SAT-1001,28.155,19.83,1475.5,0.8321,NOMINAL,0
2026-01-15T03:05:50Z,SAT-1002,28.414,19.98,1502.9,0.6203,NOMINAL,0
2026-01-15T03:06:00Z,SAT-1003,28.197,19.76,1497.7,0.6548,NOMINAL,0
2026-01-15T03:06:10Z,SAT-1004,28.318,20.3,1535.1,0.8711,NOMINAL,0
2026-01-15T03:06:20Z,SAT-1005,27.527,20.12,1504.8,0.7321,NOMINAL,0
2026-01-15T03:06:30Z,SAT-1006,28.468,20.16,1438.0,0.843,NOMINAL,0
2026-01-15T03:06:40Z,SAT-1000,28.271,20.84,1545.2,0.6863,NOMINAL,0
2026-01-15T03:06:50Z,SAT-1001,27.97,20.71,1514.1,0.7528,NOMINAL,0
2026-01-15T03:07:00Z,SAT-1002,27.939,20.74,1663.0,0.6296,SAFE_HOLD,1
2026-01-15T03:07:10Z,SAT-1003,28.271,20.52,1535.4,0.7827,NOMINAL,0
2026-01-15T03:07:20Z,SAT-1004,27.419,20.48,1489.8,0.8982,NOMINAL,0
2026-01-15T03:07:30Z,SAT-1005,27.81,20.74,1471.5,0.8075,NOMINAL,0
2026-01-15T03:07:40Z,SAT-1006,27.629,20.95,1462.6,0.66,NOMINAL,0
2026-01-15T03:07:50Z,SAT-1000,27.876,20.91,1508.2,0.8472,NOMINAL,0
2026-01-15T03:08:00Z,SAT-1001,28.624,20.99,1521.7,0.6571,NOMINAL,0
2026-01-15T03:08:10Z,SAT-1002,28.165,20.48,1429.3,0.9851,NOMINAL,0
2026-01-15T03:08:20Z,SAT-1003,28.004,21.09,1494.7,0.6171,NOMINAL,0
2026-01-15T03:08:30Z,SAT-1004,28.188,20.59,1463.4,0.892,NOMINAL,0
2026-01-15T03:08:40Z,SAT-1005,27.905,20.86,1498.5,0.8488,NOMINAL,0
2026-01-15T03:08:50Z,SAT-1006,28.27,20.2,1489.3,0.9539,NOMINAL,0
2026-01-15T03:09:00Z,SAT-1000,27.539,21.09,1515.6,0.7118,NOMINAL,0
2026-01-15T03:09:10Z,SAT-1001,27.259,20.25,1527.0,0.9784,NOMINAL,0
2026-01-15T03:09:20Z,SAT-1002,28.726,20.68,1493.0,0.9873,NOMINAL,0
2026-01-15T03:09:30Z,SAT-1003,28.546,20.16,1680.0,0.8482,SAFE_HOLD,1
2026-01-15T03:09:40Z,SAT-1004,27.481,20.94,1477.3,0.6939,NOMINAL,0
2026-01-15T03:09:50Z,SAT-1005,27.245,20.88,1483.6,0.7549,NOMINAL,0
2026-01-15T03:10:00Z,SAT-1006,27.863,21.0,1523.1,0.7119,NOMINAL,0
2026-01-15T03:10:10Z,SAT-1000,28.556,21.12,1484.5,0.6724,NOMINAL,0
2026-01-15T03:10:20Z,SAT-1001,27.613,20.88,1495.8,0.7917,NOMINAL,0
2026-01-15T03:10:30Z,SAT-1002,28.217,20.34,1466.0,0.672,NOMINAL,0
2026-01-15T03:10:40Z,SAT-1003,27.586,20.31,1535.4,0.7599,NOMINAL,0
2026-01-15T03:10:50Z,SAT-1004,27.166,20.71,1547.3,0.881,NOMINAL,0
2026-01-15T03:11:00Z,SAT-1005,27.952,21.03,1472.3,0.6686,NOMINAL,0
2026-01-15T03:11:10Z,SAT-1006,27.381,20.94,1484.0,0.9716,NOMINAL,0
2026-01-15T03:11:20Z,SAT-1000,27.616,20.49,1476.2,0.7186,NOMINAL,0
2026-01-15T03:11:30Z,SAT-1001,27.709,20.75,1483.3,0.9603,NOMINAL,0
2026-01-15T03:11:40Z,SAT-1002,28.437,21.63,1501.7,0.7688,NOMINAL,0
2026-01-15T03:11:50Z,SAT-1003,27.897,20.51,1483.4,0.9361,NOMINAL,0
2026-01-15T03:12:00Z,SAT-1004,27.86,21.16,1496.0,0.6473,NOMINAL,0
2026-01-15T03:12:10Z,SAT-1005,28.131,21.3,1481.4,0.6997,NOMINAL,0
2026-01-15T03:12:20Z,SAT-1006,28.523,20.85,1504.4,0.9364,NOMINAL,0
2026-01-15T03:12:30Z,SAT-1000,27.391,21.12,1528.8,0.9175,NOMINAL,0
2026-01-15T03:12:40Z,SAT-1001,27.377,21.1,1484.9,0.8037,NOMINAL,0
2026-01-15T03:12:50Z,SAT-1002,28.084,20.96,1492.9,0.6957,NOMINAL,0
2026-01-15T03:13:00Z,SAT-1003,28.324,21.36,1477.9,0.9174,NOMINAL,0
2026-01-15T03:13:10Z,SAT-1004,27.735,21.29,1515.8,0.9717,NOMINAL,0
2026-01-15T03:13:20Z,SAT-1005,28.154,20.96,1489.3,0.7457,NOMINAL,0
2026-01-15T03:13:30Z,SAT-1006,28.639,21.28,1479.5,0.6481,NOMINAL,0
2026-01-15T03:13:40Z,SAT-1000,28.381,21.23,1483.2,0.6941,NOMINAL,0
2026-01-15T03:13:50Z,SAT-1001,27.989,21.57,1510.0,0.9106,NOMINAL,0
2026-01-15T03:14:00Z,SAT-1002,28.486,20.93,1528.7,0.7279,NOMINAL,0
2026-01-15T03:14:10Z,SAT-1003,28.808,21.08,1510.2,0.6511,NOMINAL,0
2026-01-15T03:14:20Z,SAT-1004,28.248,21.79,1477.6,0.7755,NOMINAL,0
2026-01-15T03:14:30Z,SAT-1005,27.944,21.27,1485.2,0.9754,NOMINAL,0
2026-01-15T03:14:40Z,SAT-1006,27.916,21.33,1476.6,0.8935,NOMINAL,0
2026-01-15T03:14:50Z,SAT-1000,27.74,20.96,1478.6,0.6141,NOMINAL,0
2026-01-15T03:15:00Z,SAT-1001,27.935,21.17,1553.5,0.9398,NOMINAL,0
2026-01-15T03:15:10Z,SAT-1002,28.046,21.3,1477.0,0.7728,NOMINAL,0
2026-01-15T03:15:20Z,SAT-1003,27.592,21.43,1470.1,0.8381,NOMINAL,0
2026-01-15T03:15:30Z,SAT-1004,28.097,21.16,1526.5,0.7325,NOMINAL,0
2026-01-15T03:15:40Z,SAT-1005,27.966,21.8,1543.4,0.8619,NOMINAL,0
2026-01-15T03:15:50Z,SAT-1006,27.488,21.33,1497.2,0.7301,NOMINAL,0
2026-01-15T03:16:00Z,SAT-1000,27.924,21.41,1451.8,0.6842,NOMINAL,0
2026-01-15T03:16:10Z,SAT-1001,27.657,21.38,1477.7,0.6196,NOMINAL,0
2026-01-15T03:16:20Z,SAT-1002,28.308,21.37,1437.9,0.9996,NOMINAL,0
2026-01-15T03:16:30Z,SAT-1003,27.757,20.61,1499.6,0.6113,NOMINAL,0
2026-01-15T03:16:40Z,SAT-1004,27.45,21.04,1454.2,0.8339,NOMINAL,0
2026-01-15T03:16:50Z,SAT-1005,27.858,21.61,1537.9,0.9897,NOMINAL,0
2026-01-15T03:17:00Z,SAT-1006,27.932,21.49,1512.0,0.6878,NOMINAL,0
2026-01-15T03:17:10Z,SAT-1000,27.888,21.98,1458.8,0.9897,NOMINAL,0
2026-01-15T03:17:20Z,SAT-1001,28.868,21.57,1502.5,0.8215,NOMINAL,0
2026-01-15T03:17:30Z,SAT-1002,28.475,21.76,1508.1,0.7157,NOMINAL,0
2026-01-15T03:17:40Z,SAT-1003,28.533,21.35,1491.2,0.6398,NOMINAL,0
2026-01-15T03:17:50Z,SAT-1004,28.689,22.17,1493.4,0.8211,NOMINAL,0
2026-01-15T03:18:00Z,SAT-1005,28.191,21.76,1440.3,0.9326,NOMINAL,0
2026-01-15T03:18:10Z,SAT-1006,28.165,21.45,1530.8,0.697,NOMINAL,0
2026-01-15T03:18:20Z,SAT-1000,28.028,21.54,1439.2,0.9949,STANDBY,0
2026-01-15T03:18:30Z,SAT-1001,28.072,21.55,1509.2,0.8088,NOMINAL,0
2026-01-15T03:18:40Z,SAT-1002,27.699,21.41,1543.3,0.72,NOMINAL,0
2026-01-15T03:18:50Z,SAT-1003,28.473,21.94,1512.5,0.641,NOMINAL,0
2026-01-15T03:19:00Z,SAT-1004,27.225,22.04,1506.6,0.7532,NOMINAL,0
2026-01-15T03:19:10Z,SAT-1005,28.74,21.9,1506.9,0.9738,NOMINAL,0
2026-01-15T03:19:20Z,SAT-1006,28.71,21.85,1512.4,0.6649,NOMINAL,0
2026-01-15T03:19:30Z,SAT-1000,27.553,22.4,1539.5,0.8334,NOMINAL,0
2026-01-15T03:19:40Z,SAT-1001,27.87,22.01,1528.9,0.8871,NOMINAL,0
2026-01-15T03:19:50Z,SAT-1002,28.098,21.86,1483.5,0.6278,NOMINAL,0
2026-01-15T03:20:00Z,SAT-1003,27.93,19.46,1431.1,0.7523,NOMINAL,0
2026-01-15T03:20:10Z,SAT-1004,27.292,19.85,1477.1,0.9909,NOMINAL,0
2026-01-15T03:20:20Z,SAT-1005,27.654,19.88,1516.1,0.8949,NOMINAL,0
2026-01-15T03:20:30Z,SAT-1006,27.489,20.21,1523.8,0.7524,NOMINAL,0
2026-01-15T03:20:40Z,SAT-1000,27.538,19.98,1483.8,0.8636,NOMINAL,0
2026-01-15T03:20:50Z,SAT-1001,27.802,20.49,1526.9,0.916,NOMINAL,0
2026-01-15T03:21:00Z,SAT-1002,28.008,20.22,1489.0,0.9378,NOMINAL,0
2026-01-15T03:21:10Z,SAT-1003,29.036,19.39,1496.6,0.8539,NOMINAL,0
2026-01-15T03:21:20Z,SAT-1004,27.693,20.11,1527.3,0.6074,NOMINAL,0
2026-01-15T03:21:30Z,SAT-1005,28.378,19.79,1530.7,0.7141,NOMINAL,0
2026-01-15T03:21:40Z,SAT-1006,28.112,20.41,1446.8,0.6118,NOMINAL,0
2026-01-15T03:21:50Z,SAT-1000,27.917,19.99,1504.8,0.8508,NOMINAL,0
2026-01-15T03:22:00Z,SAT-1001,28.322,20.4,1469.5,0.8374,NOMINAL,0
2026-01-15T03:22:10Z,SAT-1002,28.253,19.92,1496.5,0.9754,NOMINAL,0
2026-01-15T03:22:20Z,SAT-1003,28.123,20.41,1503.4,0.9252,NOMINAL,0
2026-01-15T03:22:30Z,SAT-1004,27.736,20.42,1422.4,0.6809,NOMINAL,0
2026-01-15T03:22:40Z,SAT-1005,27.383,20.18,1472.0,0.8981,NOMINAL,0
2026-01-15T03:22:50Z,SAT-1006,27.9,19.83,1516.1,0.9321,NOMINAL,0
2026-01-15T03:23:00Z,SAT-1000,27.312,20.88,1491.0,0.6558,NOMINAL,0
2026-01-15T03:23:10Z,SAT-1001,28.726,20.35,1504.4,0.857,NOMINAL,0
2026-01-15T03:23:20Z,SAT-1002,27.862,19.83,1508.0,0.8325,NOMINAL,0
2026-01-15T03:23:30Z,SAT-1003,27.824,20.25,1514.1,0.6799,NOMINAL,0
2026-01-15T03:23:40Z,SAT-1004,27.669,20.68,1482.6,0.8241,NOMINAL,0
2026-01-15T03:23:50Z,SAT-1005,27.378,20.61,1526.9,0.9388,NOMINAL,0
2026-01-15T03:24:00Z,SAT-1006,28.238,20.02,1483.8,0.8443,NOMINAL,0
2026-01-15T03:24:10Z,SAT-1000,27.935,20.43,1528.1,0.9315,STANDBY,0
2026-01-15T03:24:20Z,SAT-1001,27.789,20.16,1486.1,0.7117,NOMINAL,0
2026-01-15T03:24:30Z,SAT-1002,28.381,20.44,1495.4,0.8197,NOMINAL,0
2026-01-15T03:24:40Z,SAT-1003,27.392,20.35,1524.1,0.9768,NOMINAL,0
2026-01-15T03:24:50Z,SAT-1004,27.811,20.14,1557.7,0.898,NOMINAL,0
2026-01-15T03:25:00Z,SAT-1005,27.964,20.53,1686.0,0.8035,SAFE_HOLD,1
2026-01-15T03:25:10Z,SAT-1006,27.488,20.93,1481.8,0.7129,NOMINAL,0
2026-01-15T03:25:20Z,SAT-1000,28.366,20.67,1505.7,0.8813,NOMINAL,0
2026-01-15T03:25:30Z,SAT-1001,27.473,20.55,1512.4,0.8862,NOMINAL,0
2026-01-15T03:25:40Z,SAT-1002,28.523,20.89,1515.3,0.7016,NOMINAL,0
2026-01-15T03:25:50Z,SAT-1003,28.107,20.82,1514.0,0.8467,NOMINAL,0
2026-01-15T03:26:00Z,SAT-1004,28.49,20.81,1513.1,0.956,NOMINAL,0
2026-01-15T03:26:10Z,SAT-1005,28.068,20.45,1536.9,0.6365,NOMINAL,0
2026-01-15T03:26:20Z,SAT-1006,28.053,20.92,1516.6,0.9159,NOMINAL,0
2026-01-15T03:26:30Z,SAT-1000,28.432,20.52,1452.7,0.7448,NOMINAL,0
2026-01-15T03:26:40Z,SAT-1001,27.912,21.05,1499.6,0.8528,NOMINAL,0
2026-01-15T03:26:50Z,SAT-1002,27.946,20.76,1467.5,0.6465,NOMINAL,0
2026-01-15T03:27:00Z,SAT-1003,28.773,20.74,1511.7,0.7166,NOMINAL,0
2026-01-15T03:27:10Z,SAT-1004,28.025,20.25,1530.2,0.9827,NOMINAL,0
2026-01-15T03:27:20Z,SAT-1005,27.532,21.12,1473.6,0.6247,NOMINAL,0
2026-01-15T03:27:30Z,SAT-1006,28.008,20.69,1511.5,0.6885,NOMINAL,0
2026-01-15T03:27:40Z,SAT-1000,27.656,20.59,1503.7,0.8921,NOMINAL,0
2026-01-15T03:27:50Z,SAT-1001,27.092,21.05,1516.4,0.7475,NOMINAL,0
2026-01-15T03:28:00Z,SAT-1002,27.969,20.33,1516.2,0.6359,NOMINAL,0
2026-01-15T03:28:10Z,SAT-1003,29.004,20.79,1475.5,0.6359,NOMINAL,0
2026-01-15T03:28:20Z,SAT-1004,28.438,20.76,1476.3,0.6717,NOMINAL,0
2026-01-15T03:28:30Z,SAT-1005,27.548,20.61,1478.6,0.8905,NOMINAL,0
2026-01-15T03:28:40Z,SAT-1006,28.163,21.19,1488.0,0.9883,NOMINAL,0
2026-01-15T03:28:50Z,SAT-1000,28.239,20.58,1523.3,0.9409,NOMINAL,0
2026-01-15T03:29:00Z,SAT-1001,27.809,21.21,1478.2,0.7879,NOMINAL,0
2026-01-15T03:29:10Z,SAT-1002,27.553,21.11,1463.9,0.8226,NOMINAL,0
2026-01-15T03:29:20Z,SAT-1003,27.985,21.68,1504.0,0.9877,NOMINAL,0
2026-01-15T03:29:30Z,SAT-1004,27.822,20.77,1507.6,0.8211,NOMINAL,0
2026-01-15T03:29:40Z,SAT-1005,27.92,20.77,1526.1,0.6969,NOMINAL,0
2026-01-15T03:29:50Z,SAT-1006,27.686,21.36,1493.2,0.9614,STANDBY,0
2026-01-15T03:30:00Z,SAT-1000,27.557,21.14,1482.3,0.66,NOMINAL,0
2026-01-15T03:30:10Z,SAT-1001,27.943,21.29,1500.6,0.9259,NOMINAL,0
2026-01-15T03:30:20Z,SAT-1002,27.724,21.47,1523.5,0.9365,NOMINAL,0
2026-01-15T03:30:30Z,SAT-1003,27.043,21.45,1520.0,0.7797,NOMINAL,0
2026-01-15T03:30:40Z,SAT-1004,28.506,21.32,1497.8,0.7476,STANDBY,0
2026-01-15T03:30:50Z,SAT-1005,27.696,21.15,1483.6,0.9383,NOMINAL,0
2026-01-15T03:31:00Z,SAT-1006,27.602,21.07,1538.4,0.8955,NOMINAL,0
2026-01-15T03:31:10Z,SAT-1000,27.631,21.58,1489.5,0.8055,NOMINAL,0
2026-01-15T03:31:20Z,SAT-1001,28.231,21.34,1538.5,0.6097,NOMINAL,0
2026-01-15T03:31:30Z,SAT-1002,27.736,21.99,1484.2,0.6746,NOMINAL,0
2026-01-15T03:31:40Z,SAT-1003,27.354,21.59,1534.5,0.6061,NOMINAL,0
2026-01-15T03:31:50Z,SAT-1004,27.669,21.13,1503.1,0.6885,NOMINAL,0
2026-01-15T03:32:00Z,SAT-1005,28.246,21.63,1496.7,0.8477,NOMINAL,0
2026-01-15T03:32:10Z,SAT-1006,27.396,21.75,1516.0,0.9827,NOMINAL,0
2026-01-15T03:32:20Z,SAT-1000,27.903,21.94,1527.2,0.7198,STANDBY,0
2026-01-15T03:32:30Z,SAT-1001,27.938,21.26,1472.3,0.8105,NOMINAL,0
2026-01-15T03:32:40Z,SAT-1002,28.058,21.97,1457.3,0.6012,NOMINAL,0
2026-01-15T03:32:50Z,SAT-1003,27.816,21.19,1495.0,0.6721,NOMINAL,0
2026-01-15T03:33:00Z,SAT-1004,27.754,21.66,1530.0,0.8889,NOMINAL,0
2026-01-15T03:33:10Z,SAT-1005,28.317,20.95,1462.3,0.667,NOMINAL,0
2026-01-15T03:33:20Z,SAT-1006,27.563,21.5,1697.2,0.6729,SAFE_HOLD,1
2026-01-15T03:33:30Z,SAT-1000,27.992,21.72,1505.9,0.6861,NOMINAL,0
2026-01-15T03:33:40Z,SAT-1001,27.813,21.76,1507.4,0.8474,NOMINAL,0
2026-01-15T03:33:50Z,SAT-1002,27.816,21.78,1549.4,0.8395,NOMINAL,0
2026-01-15T03:34:00Z,SAT-1003,27.953,20.93,1488.5,0.9841,NOMINAL,0
2026-01-15T03:34:10Z,SAT-1004,27.757,21.5,1514.4,0.6961,NOMINAL,0
2026-01-15T03:34:20Z,SAT-1005,28.268,21.9,1526.0,0.7223,NOMINAL,0
2026-01-15T03:34:30Z,SAT-1006,27.172,21.77,1458.3,0.6401,NOMINAL,0
2026-01-15T03:34:40Z,SAT-1000,27.446,21.12,1510.1,0.8976,NOMINAL,0
2026-01-15T03:34:50Z,SAT-1001,27.959,22.03,1514.5,0.9125,NOMINAL,0
2026-01-15T03:35:00Z,SAT-1002,28.478,22.09,1476.1,0.7492,NOMINAL,0
2026-01-15T03:35:10Z,SAT-1003,27.667,21.88,1527.2,0.6338,NOMINAL,0
2026-01-15T03:35:20Z,SAT-1004,28.504,21.84,1481.3,0.9508,NOMINAL,0
2026-01-15T03:35:30Z,SAT-1005,27.583,21.78,1521.1,0.6509,NOMINAL,0
2026-01-15T03:35:40Z,SAT-1006,27.745,21.88,1515.2,0.6263,NOMINAL,0
2026-01-15T03:35:50Z,SAT-1000,28.739,21.71,1504.7,0.9714,NOMINAL,0
2026-01-15T03:36:00Z,SAT-1001,28.66,22.39,1515.2,0.7002,NOMINAL,0
2026-01-15T03:36:10Z,SAT-1002,27.95,22.07,1500.1,0.625,NOMINAL,0
2026-01-15T03:36:20Z,SAT-1003,27.526,21.88,1502.4,0.9635,NOMINAL,0
2026-01-15T03:36:30Z,SAT-1004,28.226,22.06,1485.9,0.8249,NOMINAL,0
2026-01-15T03:36:40Z,SAT-1005,28.24,20.44,1503.7,0.8418,NOMINAL,0
2026-01-15T03:36:50Z,SAT-1006,28.322,19.89,1505.0,0.6353,NOMINAL,0
2026-01-15T03:37:00Z,SAT-1000,27.733,20.16,1490.3,0.6889,NOMINAL,0
2026-01-15T03:37:10Z,SAT-1001,27.853,20.34,1510.5,0.6383,NOMINAL,0
2026-01-15T03:37:20Z,SAT-1002,29.327,19.76,1471.7,0.9102,NOMINAL,0
2026-01-15T03:37:30Z,SAT-1003,28.187,20.0,1494.3,0.8418,NOMINAL,0
2026-01-15T03:37:40Z,SAT-1004,28.038,19.66,1497.4,0.9684,NOMINAL,0
2026-01-15T03:37:50Z,SAT-1005,27.747,19.85,1474.4,0.8776,NOMINAL,0
2026-01-15T03:38:00Z,SAT-1006,27.494,20.16,1722.9,0.8908,SAFE_HOLD,1
2026-01-15T03:38:10Z,SAT-1000,27.797,19.8,1515.3,0.8637,NOMINAL,0
2026-01-15T03:38:20Z,SAT-1001,27.847,19.9,1499.9,0.8707,NOMINAL,0
2026-01-15T03:38:30Z,SAT-1002,27.713,20.45,1527.8,0.9829,NOMINAL,0
2026-01-15T03:38:40Z,SAT-1003,28.28,19.86,1481.9,0.8545,NOMINAL,0
2026-01-15T03:38:50Z,SAT-1004,28.294,19.94,1575.2,0.7201,NOMINAL,0
2026-01-15T03:39:00Z,SAT-1005,28.459,20.19,1510.0,0.7165,NOMINAL,0
2026-01-15T03:39:10Z,SAT-1006,27.937,20.56,1430.0,0.8691,NOMINAL,0
2026-01-15T03:39:20Z,SAT-1000,27.434,20.47,1471.0,0.7044,NOMINAL,0
2026-01-15T03:39:30Z,SAT-1001,27.865,20.17,1495.8,0.7863,NOMINAL,0
2026-01-15T03:39:40Z,SAT-1002,28.056,20.4,1488.1,0.6213,NOMINAL,0
2026-01-15T03:39:50Z,SAT-1003,27.218,20.38,1490.6,0.6375,STANDBY,0
2026-01-15T03:40:00Z,SAT-1004,28.399,20.07,1514.1,0.7194,NOMINAL,0
2026-01-15T03:40:10Z,SAT-1005,27.642,21.01,1494.8,0.9265,NOMINAL,0
2026-01-15T03:40:20Z,SAT-1006,27.919,20.32,1464.8,0.6286,NOMINAL,0
2026-01-15T03:40:30Z,SAT-1000,27.919,20.48,1488.1,0.9004,STANDBY,0
2026-01-15T03:40:40Z,SAT-1001,28.004,20.51,1504.3,0.6875,NOMINAL,0
2026-01-15T03:40:50Z,SAT-1002,28.345,20.45,1489.2,0.7089,NOMINAL,0
2026-01-15T03:41:00Z,SAT-1003,27.411,20.32,1477.8,0.7854,NOMINAL,0
2026-01-15T03:41:10Z,SAT-1004,28.021,20.84,1510.8,0.738,NOMINAL,0
2026-01-15T03:41:20Z,SAT-1005,28.062,20.8,1486.8,0.926,STANDBY,0
2026-01-15T03:41:30Z,SAT-1006,28.784,20.64,1672.9,0.6519,SAFE_HOLD,1
2026-01-15T03:41:40Z,SAT-1000,28.162,20.33,1454.9,0.6742,NOMINAL,0
2026-01-15T03:41:50Z,SAT-1001,27.963,21.44,1702.7,0.7882,SAFE_HOLD,1
2026-01-15T03:42:00Z,SAT-1002,28.173,20.59,1463.3,0.7631,NOMINAL,0
2026-01-15T03:42:10Z,SAT-1003,27.478,20.26,1498.4,0.892,NOMINAL,0
2026-01-15T03:42:20Z,SAT-1004,28.446,20.77,1520.4,0.6995,NOMINAL,0
2026-01-15T03:42:30Z,SAT-1005,27.87,20.54,1480.7,0.8473,NOMINAL,0
2026-01-15T03:42:40Z,SAT-1006,27.778,20.68,1474.6,0.7303,NOMINAL,0
2026-01-15T03:42:50Z,SAT-1000,28.271,21.2,1524.8,0.9146,NOMINAL,0
2026-01-15T03:43:00Z,SAT-1001,28.133,21.02,1525.9,0.9728,STANDBY,0
2026-01-15T03:43:10Z,SAT-1002,27.866,21.23,1483.4,0.7091,NOMINAL,0
2026-01-15T03:43:20Z,SAT-1003,28.682,21.01,1474.3,0.7198,NOMINAL,0
2026-01-15T03:43:30Z,SAT-1004,28.09,20.77,1488.7,0.8434,NOMINAL,0
2026-01-15T03:43:40Z,SAT-1005,27.785,20.98,1476.7,0.6594,NOMINAL,0
2026-01-15T03:43:50Z,SAT-1006,27.597,20.77,1448.6,0.6405,STANDBY,0
2026-01-15T03:44:00Z,SAT-1000,27.644,21.41,1512.3,0.6304,NOMINAL,0
2026-01-15T03:44:10Z,SAT-1001,28.403,21.13,1498.7,0.8552,NOMINAL,0
2026-01-15T03:44:20Z,SAT-1002,28.041,20.97,1512.3,0.7288,NOMINAL,0
2026-01-15T03:44:30Z,SAT-1003,27.847,20.7,1487.0,0.9802,NOMINAL,0
2026-01-15T03:44:40Z,SAT-1004,28.472,21.0,1474.1,0.6035,NOMINAL,0
2026-01-15T03:44:50Z,SAT-1005,27.904,21.16,1535.7,0.8322,NOMINAL,0
2026-01-15T03:45:00Z,SAT-1006,27.86,21.35,1521.7,0.6785,NOMINAL,0
2026-01-15T03:45:10Z,SAT-1000,27.797,21.3,1515.9,0.8523,NOMINAL,0
2026-01-15T03:45:20Z,SAT-1001,28.042,20.67,1518.9,0.8642,NOMINAL,0
2026-01-15T03:45:30Z,SAT-1002,28.193,21.36,1463.1,0.7592,NOMINAL,0
2026-01-15T03:45:40Z,SAT-1003,27.795,21.38,1476.3,0.7263,NOMINAL,0
2026-01-15T03:45:50Z,SAT-1004,28.44,20.98,1545.4,0.7171,NOMINAL,0
2026-01-15T03:46:00Z,SAT-1005,28.324,21.34,1723.0,0.7797,SAFE_HOLD,1
2026-01-15T03:46:10Z,SAT-1006,27.4,21.25,1519.8,0.9473,NOMINAL,0
2026-01-15T03:46:20Z,SAT-1000,28.294,21.04,1494.0,0.8061,NOMINAL,0
2026-01-15T03:46:30Z,SAT-1001,28.011,21.41,1518.2,0.7768,NOMINAL,0
2026-01-15T03:46:40Z,SAT-1002,28.144,20.97,1486.1,0.8277,NOMINAL,0
2026-01-15T03:46:50Z,SAT-1003,28.227,20.62,1536.5,0.8336,NOMINAL,0
2026-01-15T03:47:00Z,SAT-1004,28.027,20.94,1501.3,0.9917,NOMINAL,0
2026-01-15T03:47:10Z,SAT-1005,27.138,21.1,1698.6,0.6027,SAFE_HOLD,1
2026-01-15T03:47:20Z,SAT-1006,27.623,21.35,1496.2,0.6607,NOMINAL,0
2026-01-15T03:47:30Z,SAT-1000,28.047,21.44,1493.2,0.726,NOMINAL,0
2026-01-15T03:47:40Z,SAT-1001,28.397,21.87,1529.1,0.8832,NOMINAL,0
2026-01-15T03:47:50Z,SAT-1002,27.651,20.99,1534.7,0.7121,NOMINAL,0
2026-01-15T03:48:00Z,SAT-1003,28.08,21.47,1529.6,0.6222,NOMINAL,0
2026-01-15T03:48:10Z,SAT-1004,28.532,21.35,1523.8,0.7974,NOMINAL,0
2026-01-15T03:48:20Z,SAT-1005,27.978,21.26,1519.4,0.7467,NOMINAL,0
2026-01-15T03:48:30Z,SAT-1006,27.604,21.43,1547.3,0.7833,NOMINAL,0
2026-01-15T03:48:40Z,SAT-1000,28.029,21.9,1499.1,0.9307,NOMINAL,0
2026-01-15T03:48:50Z,SAT-1001,28.357,21.37,1482.9,0.9255,NOMINAL,0
2026-01-15T03:49:00Z,SAT-1002,27.447,21.17,1539.8,0.9086,NOMINAL,0
2026-01-15T03:49:10Z,SAT-1003,27.805,21.56,1630.3,0.8231,SAFE_HOLD,1
2026-01-15T03:49:20Z,SAT-1004,27.797,21.72,1471.3,0.9894,STANDBY,0
2026-01-15T03:49:30Z,SAT-1005,27.547,21.56,1498.0,0.8763,NOMINAL,0
2026-01-15T03:49:40Z,SAT-1006,27.987,21.81,1490.8,0.7328,NOMINAL,0
2026-01-15T03:49:50Z,SAT-1000,27.763,21.5,1481.3,0.7564,NOMINAL,0
2026-01-15T03:50:00Z,SAT-1001,27.929,21.64,1468.2,0.8731,NOMINAL,0
2026-01-15T03:50:10Z,SAT-1002,27.723,21.22,1482.4,0.9374,STANDBY,0
2026-01-15T03:50:20Z,SAT-1003,27.578,21.6,1521.7,0.7415,NOMINAL,0
2026-01-15T03:50:30Z,SAT-1004,28.366,21.41,1506.3,0.6456,NOMINAL,0
2026-01-15T03:50:40Z,SAT-1005,27.398,21.74,1477.5,0.8359,NOMINAL,0
2026-01-15T03:50:50Z,SAT-1006,27.728,22.19,1459.6,0.8602,NOMINAL,0
2026-01-15T03:51:00Z,SAT-1000,28.253,21.95,1510.7,0.891,NOMINAL,0
2026-01-15T03:51:10Z,SAT-1001,26.948,22.02,1497.0,0.6885,NOMINAL,0
2026-01-15T03:51:20Z,SAT-1002,28.383,21.73,1514.1,0.8849,NOMINAL,0
2026-01-15T03:51:30Z,SAT-1003,27.601,21.51,1542.0,0.932,NOMINAL,0
2026-01-15T03:51:40Z,SAT-1004,28.258,22.1,1750.7,0.7171,SAFE_HOLD,1
2026-01-15T03:51:50Z,SAT-1005,28.177,21.8,1677.4,0.6166,SAFE_HOLD,1
2026-01-15T03:52:00Z,SAT-1006,27.901,21.89,1506.6,0.8567,NOMINAL,0
2026-01-15T03:52:10Z,SAT-1000,28.34,22.47,1517.7,0.8555,NOMINAL,0
2026-01-15T03:52:20Z,SAT-1001,28.112,21.35,1485.2,0.8699,NOMINAL,0
2026-01-15T03:52:30Z,SAT-1002,27.864,21.34,1514.1,0.8228,NOMINAL,0
2026-01-15T03:52:40Z,SAT-1003,28.003,22.19,1531.2,0.8441,NOMINAL,0
2026-01-15T03:52:50Z,SAT-1004,28.388,21.81,1517.7,0.6376,NOMINAL,0
2026-01-15T03:53:00Z,SAT-1005,28.361,21.88,1486.0,0.9256,NOMINAL,0
2026-01-15T03:53:10Z,SAT-1006,27.788,22.18,1528.5,0.9274,NOMINAL,0
2026-01-15T03:53:20Z,SAT-1000,28.436,19.21,1498.0,0.9261,NOMINAL,0
2026-01-15T03:53:30Z,SAT-1001,27.895,19.85,1517.8,0.7091,NOMINAL,0
2026-01-15T03:53:40Z,SAT-1002,28.002,19.98,1481.3,0.7396,NOMINAL,0
2026-01-15T03:53:50Z,SAT-1003,28.582,20.16,1507.2,0.7771,NOMINAL,0
2026-01-15T03:54:00Z,SAT-1004,28.483,19.77,1504.2,0.9801,NOMINAL,0
2026-01-15T03:54:10Z,SAT-1005,28.053,20.6,1498.1,0.768,NOMINAL,0
2026-01-15T03:54:20Z,SAT-1006,28.314,20.28,1492.8,0.8526,NOMINAL,0
2026-01-15T03:54:30Z,SAT-1000,28.21,20.34,1498.1,0.6731,NOMINAL,0
2026-01-15T03:54:40Z,SAT-1001,28.465,20.24,1506.1,0.6202,NOMINAL,0
2026-01-15T03:54:50Z,SAT-1002,28.434,19.98,1521.0,0.7396,NOMINAL,0
2026-01-15T03:55:00Z,SAT-1003,27.701,20.17,1516.2,0.9654,NOMINAL,0
2026-01-15T03:55:10Z,SAT-1004,28.079,19.68,1504.9,0.863,NOMINAL,0
2026-01-15T03:55:20Z,SAT-1005,27.913,20.58,1462.9,0.8617,NOMINAL,0
2026-01-15T03:55:30Z,SAT-1006,28.0,20.22,1519.5,0.9865,NOMINAL,0
2026-01-15T03:55:40Z,SAT-1000,28.137,19.68,1548.4,0.783,NOMINAL,0
2026-01-15T03:55:50Z,SAT-1001,28.309,20.81,1480.9,0.6156,NOMINAL,0
2026-01-15T03:56:00Z,SAT-1002,27.423,20.5,1684.3,0.753,SAFE_HOLD,1
2026-01-15T03:56:10Z,SAT-1003,27.814,20.51,1506.7,0.9581,NOMINAL,0
2026-01-15T03:56:20Z,SAT-1004,28.278,20.4,1548.8,0.8274,NOMINAL,0
2026-01-15T03:56:30Z,SAT-1005,28.279,20.19,1487.0,0.928,NOMINAL,0
2026-01-15T03:56:40Z,SAT-1006,28.294,20.17,1471.5,0.7015,NOMINAL,0
2026-01-15T03:56:50Z,SAT-1000,27.912,20.57,1483.8,0.7916,NOMINAL,0
2026-01-15T03:57:00Z,SAT-1001,28.518,20.37,1462.7,0.8226,NOMINAL,0
2026-01-15T03:57:10Z,SAT-1002,27.293,20.84,1504.2,0.6182,NOMINAL,0
2026-01-15T03:57:20Z,SAT-1003,28.001,20.52,1493.7,0.9049,NOMINAL,0
2026-01-15T03:57:30Z,SAT-1004,27.567,20.04,1535.4,0.9098,NOMINAL,0
2026-01-15T03:57:40Z,SAT-1005,28.094,21.0,1459.3,0.9397,NOMINAL,0
2026-01-15T03:57:50Z,SAT-1006,28.57,20.69,1490.3,0.7817,NOMINAL,0
2026-01-15T03:58:00Z,SAT-1000,27.814,20.1,1503.9,0.6983,NOMINAL,0
2026-01-15T03:58:10Z,SAT-1001,27.33,20.69,1481.3,0.8513,STANDBY,0
2026-01-15T03:58:20Z,SAT-1002,27.756,20.06,1513.9,0.9112,NOMINAL,0
2026-01-15T03:58:30Z,SAT-1003,29.126,20.27,1509.1,0.8841,NOMINAL,0
2026-01-15T03:58:40Z,SAT-1004,28.451,20.65,1552.1,0.9428,NOMINAL,0
2026-01-15T03:58:50Z,SAT-1005,27.986,20.48,1475.9,0.6715,NOMINAL,0
2026-01-15T03:59:00Z,SAT-1006,27.445,20.53,1562.3,0.8825,NOMINAL,0
2026-01-15T03:59:10Z,SAT-1000,27.913,21.0,1471.8,0.6603,NOMINAL,0
2026-01-15T03:59:20Z,SAT-1001,28.099,20.14,1518.2,0.8454,NOMINAL,0
2026-01-15T03:59:30Z,SAT-1002,28.164,20.48,1529.4,0.9828,STANDBY,0
2026-01-15T03:59:40Z,SAT-1003,27.255,21.03,1533.8,0.9739,NOMINAL,0
2026-01-15T03:59:50Z,SAT-1004,27.648,20.97,1531.4,0.7753,NOMINAL,0
2026-01-15T04:00:00Z,SAT-1005,28.369,20.58,1485.7,0.6826,NOMINAL,0
2026-01-15T04:00:10Z,SAT-1006,28.773,20.88,1492.6,0.9728,NOMINAL,0
2026-01-15T04:00:20Z,SAT-1000,28.37,20.99,1752.7,0.8257,SAFE_HOLD,1
2026-01-15T04:00:30Z,SAT-1001,28.369,21.43,1508.6,0.8906,NOMINAL,0
2026-01-15T04:00:40Z,SAT-1002,27.595,20.96,1519.3,0.9616,NOMINAL,0
2026-01-15T04:00:50Z,SAT-1003,28.131,20.85,1699.4,0.717,SAFE_HOLD,1
2026-01-15T04:01:00Z,SAT-1004,27.338,20.92,1459.4,0.9546,NOMINAL,0
2026-01-15T04:01:10Z,SAT-1005,28.521,20.9,1536.2,0.7652,NOMINAL,0
2026-01-15T04:01:20Z,SAT-1006,28.4,21.95,1483.4,0.983,NOMINAL,0
2026-01-15T04:01:30Z,SAT-1000,28.511,20.76,1494.6,0.9153,NOMINAL,0
2026-01-15T04:01:40Z,SAT-1001,28.248,21.14,1479.7,0.7295,NOMINAL,0
2026-01-15T04:01:50Z,SAT-1002,28.339,20.91,1508.4,0.7372,NOMINAL,0
2026-01-15T04:02:00Z,SAT-1003,27.787,20.95,1476.2,0.7315,NOMINAL,0
2026-01-15T04:02:10Z,SAT-1004,27.466,20.77,1489.7,0.8044,NOMINAL,0
2026-01-15T04:02:20Z,SAT-1005,27.948,20.74,1474.0,0.661,NOMINAL,0
2026-01-15T04:02:30Z,SAT-1006,28.209,21.49,1508.8,0.8906,NOMINAL,0
2026-01-15T04:02:40Z,SAT-1000,27.913,21.48,1444.4,0.773,NOMINAL,0
2026-01-15T04:02:50Z,SAT-1001,27.843,20.87,1532.3,0.9314,STANDBY,0
2026-01-15T04:03:00Z,SAT-1002,27.785,20.8,1489.8,0.7665,NOMINAL,0
2026-01-15T04:03:10Z,SAT-1003,28.614,20.81,1497.8,0.7214,NOMINAL,0
2026-01-15T04:03:20Z,SAT-1004,27.773,21.2,1494.8,0.6671,NOMINAL,0
2026-01-15T04:03:30Z,SAT-1005,28.033,21.23,1480.7,0.98,NOMINAL,0
2026-01-15T04:03:40Z,SAT-1006,27.847,21.13,1497.1,0.7698,NOMINAL,0
2026-01-15T04:03:50Z,SAT-1000,28.088,21.06,1496.1,0.9311,NOMINAL,0
2026-01-15T04:04:00Z,SAT-1001,28.289,21.35,1519.5,0.6408,NOMINAL,0
2026-01-15T04:04:10Z,SAT-1002,27.872,21.42,1545.8,0.9172,NOMINAL,0
2026-01-15T04:04:20Z,SAT-1003,27.42,21.24,1524.2,0.8751,NOMINAL,0
2026-01-15T04:04:30Z,SAT-1004,27.745,20.67,1519.8,0.7595,NOMINAL,0
2026-01-15T04:04:40Z,SAT-1005,28.421,21.1,1528.5,0.7648,NOMINAL,0
2026-01-15T04:04:50Z,SAT-1006,28.869,20.99,1478.8,0.6946,NOMINAL,0
2026-01-15T04:05:00Z,SAT-1000,27.848,21.43,1496.5,0.8096,NOMINAL,0
2026-01-15T04:05:10Z,SAT-1001,28.106,21.44,1486.3,0.7468,NOMINAL,0
2026-01-15T04:05:20Z,SAT-1002,28.097,21.61,1533.1,0.9055,NOMINAL,0
2026-01-15T04:05:30Z,SAT-1003,27.921,21.49,1483.6,0.7648,NOMINAL,0
2026-01-15T04:05:40Z,SAT-1004,27.503,21.34,1526.7,0.6542,NOMINAL,0
2026-01-15T04:05:50Z,SAT-1005,27.034,21.38,1501.5,0.8302,NOMINAL,0
2026-01-15T04:06:00Z,SAT-1006,28.251,21.65,1515.5,0.9528,NOMINAL,0
2026-01-15T04:06:10Z,SAT-1000,28.666,21.84,1485.1,0.7746,NOMINAL,0
2026-01-15T04:06:20Z,SAT-1001,27.44,21.48,1451.2,0.943,NOMINAL,0
2026-01-15T04:06:30Z,SAT-1002,28.006,22.03,1450.4,0.8586,NOMINAL,0
2026-01-15T04:06:40Z,SAT-1003,27.786,21.6,1485.2,0.8272,NOMINAL,0
2026-01-15T04:06:50Z,SAT-1004,27.672,22.0,1544.0,0.8779,NOMINAL,0
2026-01-15T04:07:00Z,SAT-1005,28.957,21.73,1514.4,0.6583,NOMINAL,0
2026-01-15T04:07:10Z,SAT-1006,28.735,22.01,1493.1,0.7613,NOMINAL,0
2026-01-15T04:07:20Z,SAT-1000,27.209,22.08,1532.6,0.8304,NOMINAL,0
2026-01-15T04:07:30Z,SAT-1001,28.591,21.9,1445.7,0.8483,NOMINAL,0
2026-01-15T04:07:40Z,SAT-1002,28.66,21.88,1504.8,0.6146,NOMINAL,0
2026-01-15T04:07:50Z,SAT-1003,28.134,21.75,1533.7,0.8202,NOMINAL,0
2026-01-15T04:08:00Z,SAT-1004,27.624,22.19,1479.8,0.9897,NOMINAL,0
2026-01-15T04:08:10Z,SAT-1005,28.09,22.04,1467.5,0.9681,NOMINAL,0
2026-01-15T04:08:20Z,SAT-1006,27.665,21.4,1458.1,0.6298,NOMINAL,0
2026-01-15T04:08:30Z,SAT-1000,27.599,21.74,1489.1,0.6523,NOMINAL,0
2026-01-15T04:08:40Z,SAT-1001,28.25,22.24,1512.0,0.9278,NOMINAL,0
2026-01-15T04:08:50Z,SAT-1002,28.101,22.04,1504.7,0.8182,NOMINAL,0
2026-01-15T04:09:00Z,SAT-1003,28.175,21.59,1478.5,0.8589,NOMINAL,0
2026-01-15T04:09:10Z,SAT-1004,28.093,22.1,1523.2,0.9033,NOMINAL,0
2026-01-15T04:09:20Z,SAT-1005,27.305,22.36,1725.3,0.7477,SAFE_HOLD,1
2026-01-15T04:09:30Z,SAT-1006,27.911,22.07,1487.9,0.9849,NOMINAL,0
2026-01-15T04:09:40Z,SAT-1000,28.234,21.7,1469.3,0.9619,NOMINAL,0
2026-01-15T04:09:50Z,SAT-1001,28.183,22.41,1493.7,0.609,NOMINAL,0
2026-01-15T04:10:00Z,SAT-1002,27.616,20.41,1470.2,0.9405,NOMINAL,0
2026-01-15T04:10:10Z,SAT-1003,27.911,20.31,1481.4,0.739,NOMINAL,0
2026-01-15T04:10:20Z,SAT-1004,27.159,20.04,1444.6,0.6045,NOMINAL,0
2026-01-15T04:10:30Z,SAT-1005,27.624,19.99,1555.2,0.9133,NOMINAL,0
2026-01-15T04:10:40Z,SAT-1006,28.131,19.71,1526.5,0.7484,NOMINAL,0
2026-01-15T04:10:50Z,SAT-1000,28.159,19.82,1478.5,0.8063,NOMINAL,0
2026-01-15T04:11:00Z,SAT-1001,27.164,20.37,1459.0,0.739,NOMINAL,0
2026-01-15T04:11:10Z,SAT-1002,27.618,20.21,1493.1,0.9157,NOMINAL,0
2026-01-15T04:11:20Z,SAT-1003,27.697,20.1,1503.6,0.9785,NOMINAL,0
2026-01-15T04:11:30Z,SAT-1004,27.858,20.41,1511.1,0.8439,NOMINAL,0
2026-01-15T04:11:40Z,SAT-1005,28.704,20.32,1479.8,0.7384,STANDBY,0
2026-01-15T04:11:50Z,SAT-1006,27.846,20.46,1498.8,0.8098,NOMINAL,0
2026-01-15T04:12:00Z,SAT-1000,27.765,20.33,1499.3,0.6186,NOMINAL,0
2026-01-15T04:12:10Z,SAT-1001,27.668,20.23,1528.6,0.7036,NOMINAL,0
2026-01-15T04:12:20Z,SAT-1002,27.706,20.73,1505.6,0.7074,NOMINAL,0
2026-01-15T04:12:30Z,SAT-1003,28.674,20.26,1489.0,0.8966,NOMINAL,0
2026-01-15T04:12:40Z,SAT-1004,27.721,20.23,1485.2,0.6261,NOMINAL,0
2026-01-15T04:12:50Z,SAT-1005,27.308,20.36,1509.4,0.6096,NOMINAL,0
2026-01-15T04:13:00Z,SAT-1006,28.147,20.11,1492.9,0.6773,NOMINAL,0
2026-01-15T04:13:10Z,SAT-1000,28.222,19.82,1511.5,0.6836,NOMINAL,0
2026-01-15T04:13:20Z,SAT-1001,27.837,20.28,1725.8,0.6484,SAFE_HOLD,1
2026-01-15T04:13:30Z,SAT-1002,29.118,20.39,1501.1,0.6967,NOMINAL,0
2026-01-15T04:13:40Z,SAT-1003,27.923,20.12,1516.1,0.7828,STANDBY,0
2026-01-15T04:13:50Z,SAT-1004,27.786,20.01,1497.1,0.8769,NOMINAL,0
2026-01-15T04:14:00Z,SAT-1005,27.46,21.14,1534.3,0.8778,NOMINAL,0
2026-01-15T04:14:10Z,SAT-1006,28.187,20.39,1678.6,0.7641,SAFE_HOLD,1
2026-01-15T04:14:20Z,SAT-1000,27.728,20.38,1488.1,0.6136,NOMINAL,0
2026-01-15T04:14:30Z,SAT-1001,27.612,20.37,1517.0,0.9994,NOMINAL,0
2026-01-15T04:14:40Z,SAT-1002,28.196,20.56,1539.0,0.6684,NOMINAL,0
2026-01-15T04:14:50Z,SAT-1003,27.669,20.49,1472.0,0.7954,NOMINAL,0
2026-01-15T04:15:00Z,SAT-1004,28.566,20.49,1474.3,0.7611,NOMINAL,0
2026-01-15T04:15:10Z,SAT-1005,28.042,20.46,1505.1,0.9416,NOMINAL,0
2026-01-15T04:15:20Z,SAT-1006,28.453,20.91,1499.4,0.7206,NOMINAL,0
2026-01-15T04:15:30Z,SAT-1000,28.014,20.63,1501.4,0.6402,NOMINAL,0
2026-01-15T04:15:40Z,SAT-1001,27.529,20.88,1458.8,0.7876,NOMINAL,0
2026-01-15T04:15:50Z,SAT-1002,27.636,20.31,1536.5,0.6728,NOMINAL,0
2026-01-15T04:16:00Z,SAT-1003,28.021,20.49,1511.1,0.7731,NOMINAL,0
2026-01-15T04:16:10Z,SAT-1004,27.885,21.19,1505.1,0.7796,NOMINAL,0
2026-01-15T04:16:20Z,SAT-1005,27.885,20.97,1475.5,0.9554,NOMINAL,0
2026-01-15T04:16:30Z,SAT-1006,28.325,20.81,1524.3,0.6532,NOMINAL,0
2026-01-15T04:16:40Z,SAT-1000,27.991,20.7,1486.8,0.7256,NOMINAL,0
2026-01-15T04:16:50Z,SAT-1001,28.357,20.84,1528.3,0.8176,NOMINAL,0
2026-01-15T04:17:00Z,SAT-1002,27.591,20.74,1525.2,0.7908,NOMINAL,0
2026-01-15T04:17:10Z,SAT-1003,27.179,20.73,1487.5,0.8679,NOMINAL,0
2026-01-15T04:17:20Z,SAT-1004,27.885,20.44,1468.9,0.6447,NOMINAL,0
2026-01-15T04:17:30Z,SAT-1005,27.836,21.09,1473.7,0.9053,NOMINAL,0
2026-01-15T04:17:40Z,SAT-1006,28.067,21.23,1456.2,0.8717,NOMINAL,0
2026-01-15T04:17:50Z,SAT-1000,28.135,20.83,1454.4,0.6318,NOMINAL,0
2026-01-15T04:18:00Z,SAT-1001,27.907,20.76,1483.1,0.8471,NOMINAL,0
2026-01-15T04:18:10Z,SAT-1002,28.453,20.96,1486.4,0.9554,NOMINAL,0
2026-01-15T04:18:20Z,SAT-1003,26.902,20.63,1515.5,0.7665,NOMINAL,0
2026-01-15T04:18:30Z,SAT-1004,27.216,21.01,1487.0,0.7551,NOMINAL,0
2026-01-15T04:18:40Z,SAT-1005,28.383,21.17,1520.9,0.9209,NOMINAL,0
2026-01-15T04:18:50Z,SAT-1006,27.65,21.15,1511.3,0.7258,NOMINAL,0
2026-01-15T04:19:00Z,SAT-1000,28.768,20.41,1498.7,0.6787,NOMINAL,0
2026-01-15T04:19:10Z,SAT-1001,27.988,21.49,1503.5,0.7556,NOMINAL,0
2026-01-15T04:19:20Z,SAT-1002,27.381,21.05,1495.1,0.7078,NOMINAL,0
2026-01-15T04:19:30Z,SAT-1003,27.79,21.01,1492.3,0.6875,NOMINAL,0
2026-01-15T04:19:40Z,SAT-1004,27.724,21.04,1482.2,0.8621,NOMINAL,0
2026-01-15T04:19:50Z,SAT-1005,28.076,21.04,1480.2,0.9412,NOMINAL,0
2026-01-15T04:20:00Z,SAT-1006,27.408,21.16,1498.2,0.7915,NOMINAL,0
2026-01-15T04:20:10Z,SAT-1000,27.63,21.28,1457.6,0.7417,NOMINAL,0
2026-01-15T04:20:20Z,SAT-1001,27.348,20.8,1523.6,0.7406,NOMINAL,0
2026-01-15T04:20:30Z,SAT-1002,28.265,21.26,1520.0,0.777,STANDBY,0
2026-01-15T04:20:40Z,SAT-1003,27.903,20.61,1522.1,0.8107,NOMINAL,0
2026-01-15T04:20:50Z,SAT-1004,27.946,21.45,1472.7,0.8783,NOMINAL,0
2026-01-15T04:21:00Z,SAT-1005,28.679,21.46,1499.6,0.9753,NOMINAL,0
2026-01-15T04:21:10Z,SAT-1006,28.677,20.89,1488.8,0.9966,NOMINAL,0
2026-01-15T04:21:20Z,SAT-1000,27.868,21.34,1429.0,0.8674,NOMINAL,0
2026-01-15T04:21:30Z,SAT-1001,28.405,21.16,1550.7,0.794,NOMINAL,0
2026-01-15T04:21:40Z,SAT-1002,28.391,21.51,1489.7,0.8308,NOMINAL,0
2026-01-15T04:21:50Z,SAT-1003,28.274,21.21,1491.2,0.7194,NOMINAL,0
2026-01-15T04:22:00Z,SAT-1004,27.625,21.25,1498.5,0.9502,NOMINAL,0
2026-01-15T04:22:10Z,SAT-1005,27.665,21.34,1488.8,0.6615,NOMINAL,0
2026-01-15T04:22:20Z,SAT-1006,28.446,21.08,1724.8,0.7669,SAFE_HOLD,1
2026-01-15T04:22:30Z,SAT-1000,27.921,21.61,1480.7,0.7684,NOMINAL,0
2026-01-15T04:22:40Z,SAT-1001,27.852,21.81,1482.0,0.7371,NOMINAL,0
2026-01-15T04:22:50Z,SAT-1002,28.054,21.2,1506.6,0.697,NOMINAL,0
2026-01-15T04:23:00Z,SAT-1003,28.686,21.17,1503.0,0.61,NOMINAL,0
2026-01-15T04:23:10Z,SAT-1004,28.557,21.88,1523.5,0.8267,NOMINAL,0
2026-01-15T04:23:20Z,SAT-1005,27.986,21.93,1527.0,0.6289,NOMINAL,0
2026-01-15T04:23:30Z,SAT-1006,28.669,22.02,1711.3,0.6114,SAFE_HOLD,1
2026-01-15T04:23:40Z,SAT-1000,27.237,21.67,1524.7,0.9935,NOMINAL,0
2026-01-15T04:23:50Z,SAT-1001,28.611,21.67,1520.5,0.7941,NOMINAL,0
2026-01-15T04:24:00Z,SAT-1002,27.887,21.61,1498.0,0.7039,NOMINAL,0
2026-01-15T04:24:10Z,SAT-1003,27.758,21.64,1533.3,0.9701,NOMINAL,0
2026-01-15T04:24:20Z,SAT-1004,27.975,21.72,1506.2,0.6838,NOMINAL,0
2026-01-15T04:24:30Z,SAT-1005,28.167,21.47,1528.8,0.9008,NOMINAL,0
2026-01-15T04:24:40Z,SAT-1006,27.792,21.88,1710.5,0.7742,SAFE_HOLD,1
2026-01-15T04:24:50Z,SAT-1000,27.731,22.03,1510.7,0.994,NOMINAL,0
2026-01-15T04:25:00Z,SAT-1001,28.249,21.38,1448.7,0.686,NOMINAL,0
2026-01-15T04:25:10Z,SAT-1002,27.699,21.87,1470.4,0.8564,NOMINAL,0
2026-01-15T04:25:20Z,SAT-1003,28.493,22.09,1478.4,0.6762,NOMINAL,0
2026-01-15T04:25:30Z,SAT-1004,28.621,21.98,1482.5,0.7217,NOMINAL,0
2026-01-15T04:25:40Z,SAT-1005,28.497,21.85,1485.2,0.756,NOMINAL,0
2026-01-15T04:25:50Z,SAT-1006,27.149,22.11,1482.1,0.6966,NOMINAL,0
2026-01-15T04:26:00Z,SAT-1000,28.23,21.93,1464.1,0.6086,NOMINAL,0
2026-01-15T04:26:10Z,SAT-1001,28.171,21.88,1474.3,0.7499,NOMINAL,0
2026-01-15T04:26:20Z,SAT-1002,27.871,21.47,1466.0,0.769,NOMINAL,0
2026-01-15T04:26:30Z,SAT-1003,27.764,22.26,1503.1,0.6736,NOMINAL,0
2026-01-15T04:26:40Z,SAT-1004,27.799,20.34,1486.4,0.7841,NOMINAL,0
2026-01-15T04:26:50Z,SAT-1005,27.909,20.12,1473.7,0.6033,NOMINAL,0
2026-01-15T04:27:00Z,SAT-1006,27.391,19.98,1513.6,0.9196,NOMINAL,0
2026-01-15T04:27:10Z,SAT-1000,27.94,20.15,1479.2,0.8042,NOMINAL,0
2026-01-15T04:27:20Z,SAT-1001,27.592,20.13,1516.2,0.7849,NOMINAL,0
2026-01-15T04:27:30Z,SAT-1002,27.852,20.49,1446.2,0.8799,NOMINAL,0
2026-01-15T04:27:40Z,SAT-1003,27.969,20.68,1477.2,0.9611,NOMINAL,0
2026-01-15T04:27:50Z,SAT-1004,27.118,20.08,1491.3,0.9954,NOMINAL,0
2026-01-15T04:28:00Z,SAT-1005,28.483,20.23,1483.2,0.8837,NOMINAL,0
2026-01-15T04:28:10Z,SAT-1006,27.378,20.26,1454.1,0.7357,NOMINAL,0
2026-01-15T04:28:20Z,SAT-1000,28.683,19.98,1525.7,0.8059,NOMINAL,0
2026-01-15T04:28:30Z,SAT-1001,27.177,20.29,1501.0,0.6561,NOMINAL,0
2026-01-15T04:28:40Z,SAT-1002,27.808,20.61,1463.9,0.8552,NOMINAL,0
2026-01-15T04:28:50Z,SAT-1003,27.389,20.34,1503.0,0.6842,NOMINAL,0
2026-01-15T04:29:00Z,SAT-1004,27.615,20.48,1515.4,0.8838,NOMINAL,0
2026-01-15T04:29:10Z,SAT-1005,28.245,20.28,1660.7,0.9895,SAFE_HOLD,1
2026-01-15T04:29:20Z,SAT-1006,27.707,20.57,1494.2,0.8164,NOMINAL,0
2026-01-15T04:29:30Z,SAT-1000,28.207,20.88,1511.3,0.6053,NOMINAL,0
2026-01-15T04:29:40Z,SAT-1001,27.411,20.32,1489.8,0.7222,NOMINAL,0
2026-01-15T04:29:50Z,SAT-1002,27.926,20.65,1479.7,0.945,NOMINAL,0
2026-01-15T04:30:00Z,SAT-1003,28.637,20.06,1464.1,0.9333,NOMINAL,0
2026-01-15T04:30:10Z,SAT-1004,28.016,20.58,1492.4,0.8176,NOMINAL,0
2026-01-15T04:30:20Z,SAT-1005,27.394,19.92,1478.4,0.6389,NOMINAL,0
2026-01-15T04:30:30Z,SAT-1006,28.173,20.07,1484.7,0.8804,NOMINAL,0
2026-01-15T04:30:40Z,SAT-1000,28.109,20.62,1499.3,0.8611,NOMINAL,0
2026-01-15T04:30:50Z,SAT-1001,27.828,20.71,1460.9,0.8578,NOMINAL,0
2026-01-15T04:31:00Z,SAT-1002,27.841,20.19,1509.3,0.8301,NOMINAL,0
2026-01-15T04:31:10Z,SAT-1003,27.808,20.61,1489.9,0.8151,NOMINAL,0
2026-01-15T04:31:20Z,SAT-1004,28.246,20.57,1495.0,0.7399,NOMINAL,0
2026-01-15T04:31:30Z,SAT-1005,27.886,20.77,1465.7,0.9786,STANDBY,0
2026-01-15T04:31:40Z,SAT-1006,28.233,20.67,1541.0,0.7455,NOMINAL,0
2026-01-15T04:31:50Z,SAT-1000,28.174,20.44,1534.9,0.7231,NOMINAL,0
2026-01-15T04:32:00Z,SAT-1001,28.215,20.51,1553.2,0.8748,NOMINAL,0
2026-01-15T04:32:10Z,SAT-1002,27.767,20.77,1485.2,0.6929,NOMINAL,0
2026-01-15T04:32:20Z,SAT-1003,27.903,20.7,1445.3,0.7091,NOMINAL,0
2026-01-15T04:32:30Z,SAT-1004,28.507,20.65,1479.3,0.9139,NOMINAL,0
2026-01-15T04:32:40Z,SAT-1005,27.282,20.97,1469.1,0.7158,NOMINAL,0
2026-01-15T04:32:50Z,SAT-1006,27.89,20.92,1541.3,0.6228,NOMINAL,0
2026-01-15T04:33:00Z,SAT-1000,28.125,20.32,1461.2,0.8948,NOMINAL,0
2026-01-15T04:33:10Z,SAT-1001,27.551,20.22,1521.8,0.7484,NOMINAL,0
2026-01-15T04:33:20Z,SAT-1002,28.345,20.98,1472.9,0.9467,NOMINAL,0
2026-01-15T04:33:30Z,SAT-1003,27.669,20.84,1488.0,0.6007,NOMINAL,0
2026-01-15T04:33:40Z,SAT-1004,27.698,20.93,1517.1,0.7267,NOMINAL,0
2026-01-15T04:33:50Z,SAT-1005,27.788,20.85,1496.8,0.6683,NOMINAL,0
2026-01-15T04:34:00Z,SAT-1006,27.374,21.11,1731.6,0.7651,SAFE_HOLD,1
2026-01-15T04:34:10Z,SAT-1000,27.615,20.62,1477.8,0.9668,NOMINAL,0
2026-01-15T04:34:20Z,SAT-1001,28.332,20.69,1537.4,0.8874,NOMINAL,0
2026-01-15T04:34:30Z,SAT-1002,28.225,20.94,1525.0,0.8984,NOMINAL,0
2026-01-15T04:34:40Z,SAT-1003,27.898,20.74,1495.0,0.6784,NOMINAL,0
2026-01-15T04:34:50Z,SAT-1004,27.351,20.74,1523.5,0.8319,NOMINAL,0
2026-01-15T04:35:00Z,SAT-1005,28.098,21.25,1497.3,0.7972,NOMINAL,0
2026-01-15T04:35:10Z,SAT-1006,27.952,21.22,1501.1,0.7424,NOMINAL,0
2026-01-15T04:35:20Z,SAT-1000,28.103,20.6,1474.6,0.7346,NOMINAL,0
2026-01-15T04:35:30Z,SAT-1001,28.432,21.17,1469.6,0.7971,NOMINAL,0
2026-01-15T04:35:40Z,SAT-1002,27.96,21.03,1530.4,0.6747,NOMINAL,0
2026-01-15T04:35:50Z,SAT-1003,27.754,21.04,1524.3,0.8406,NOMINAL,0
2026-01-15T04:36:00Z,SAT-1004,28.251,21.66,1498.6,0.7837,NOMINAL,0
2026-01-15T04:36:10Z,SAT-1005,27.489,21.75,1461.5,0.8833,NOMINAL,0
2026-01-15T04:36:20Z,SAT-1006,27.98,21.86,1457.8,0.7086,NOMINAL,0
2026-01-15T04:36:30Z,SAT-1000,27.4,21.47,1476.1,0.7813,NOMINAL,0
2026-01-15T04:36:40Z,SAT-1001,27.774,21.3,1498.8,0.9829,NOMINAL,0
2026-01-15T04:36:50Z,SAT-1002,28.245,21.46,1446.6,0.6708,NOMINAL,0
2026-01-15T04:37:00Z,SAT-1003,28.033,21.3,1528.6,0.9874,NOMINAL,0
2026-01-15T04:37:10Z,SAT-1004,27.642,21.77,1478.2,0.7572,NOMINAL,0
2026-01-15T04:37:20Z,SAT-1005,27.525,21.27,1711.2,0.8751,SAFE_HOLD,1
2026-01-15T04:37:30Z,SAT-1006,27.723,21.15,1474.8,0.6493,NOMINAL,0
2026-01-15T04:37:40Z,SAT-1000,27.824,21.55,1515.8,0.8592,NOMINAL,0
2026-01-15T04:37:50Z,SAT-1001,27.691,21.62,1475.2,0.7627,NOMINAL,0
2026-01-15T04:38:00Z,SAT-1002,27.939,21.58,1473.9,0.6017,NOMINAL,0
2026-01-15T04:38:10Z,SAT-1003,27.992,20.99,1486.2,0.9898,NOMINAL,0
2026-01-15T04:38:20Z,SAT-1004,28.246,21.11,1475.9,0.8644,NOMINAL,0
2026-01-15T04:38:30Z,SAT-1005,27.75,21.52,1509.2,0.7793,NOMINAL,0
2026-01-15T04:38:40Z,SAT-1006,27.887,21.84,1492.8,0.8936,NOMINAL,0
2026-01-15T04:38:50Z,SAT-1000,27.652,21.46,1496.7,0.8171,NOMINAL,0
2026-01-15T04:39:00Z,SAT-1001,27.66,21.78,1478.4,0.8392,NOMINAL,0
2026-01-15T04:39:10Z,SAT-1002,27.303,21.42,1484.4,0.7534,NOMINAL,0
2026-01-15T04:39:20Z,SAT-1003,28.087,21.49,1524.8,0.8065,NOMINAL,0
2026-01-15T04:39:30Z,SAT-1004,27.794,21.27,1504.6,0.7254,NOMINAL,0
2026-01-15T04:39:40Z,SAT-1005,27.53,21.25,1493.3,0.8767,NOMINAL,0
2026-01-15T04:39:50Z,SAT-1006,27.814,22.36,1487.9,0.6349,NOMINAL,0
2026-01-15T04:40:00Z,SAT-1000,27.911,21.39,1495.2,0.8383,STANDBY,0
2026-01-15T04:40:10Z,SAT-1001,27.408,21.7,1496.4,0.9167,NOMINAL,0
2026-01-15T04:40:20Z,SAT-1002,28.499,21.6,1487.9,0.6919,NOMINAL,0
2026-01-15T04:40:30Z,SAT-1003,28.009,22.0,1534.5,0.7496,NOMINAL,0
2026-01-15T04:40:40Z,SAT-1004,28.529,21.59,1520.1,0.8527,STANDBY,0
2026-01-15T04:40:50Z,SAT-1005,28.277,20.99,1500.2,0.873,NOMINAL,0
2026-01-15T04:41:00Z,SAT-1006,28.236,21.7,1495.6,0.6719,NOMINAL,0
2026-01-15T04:41:10Z,SAT-1000,27.95,21.77,1437.8,0.6925,NOMINAL,0
2026-01-15T04:41:20Z,SAT-1001,27.823,21.92,1717.1,0.6606,SAFE_HOLD,1
2026-01-15T04:41:30Z,SAT-1002,28.773,21.84,1475.7,0.9301,NOMINAL,0
2026-01-15T04:41:40Z,SAT-1003,27.383,21.29,1437.4,0.9079,NOMINAL,0
2026-01-15T04:41:50Z,SAT-1004,27.858,21.39,1510.7,0.8834,NOMINAL,0
2026-01-15T04:42:00Z,SAT-1005,27.722,22.02,1519.4,0.9279,NOMINAL,0
2026-01-15T04:42:10Z,SAT-1006,27.909,22.08,1490.5,0.9629,NOMINAL,0
2026-01-15T04:42:20Z,SAT-1000,28.263,22.18,1522.6,0.9003,NOMINAL,0
2026-01-15T04:42:30Z,SAT-1001,27.868,21.44,1710.3,0.688,SAFE_HOLD,1
2026-01-15T04:42:40Z,SAT-1002,28.437,21.94,1486.4,0.7865,NOMINAL,0
2026-01-15T04:42:50Z,SAT-1003,27.792,22.01,1553.4,0.71,NOMINAL,0
2026-01-15T04:43:00Z,SAT-1004,28.185,21.73,1515.5,0.9815,NOMINAL,0
2026-01-15T04:43:10Z,SAT-1005,28.11,21.91,1449.6,0.6744,NOMINAL,0
2026-01-15T04:43:20Z,SAT-1006,27.099,20.14,1480.2,0.82,NOMINAL,0
2026-01-15T04:43:30Z,SAT-1000,27.356,20.04,1513.2,0.7263,NOMINAL,0
2026-01-15T04:43:40Z,SAT-1001,28.05,19.68,1558.7,0.8889,NOMINAL,0
2026-01-15T04:43:50Z,SAT-1002,27.629,20.68,1448.7,0.6508,NOMINAL,0
2026-01-15T04:44:00Z,SAT-1003,27.824,20.52,1503.0,0.7005,NOMINAL,0
2026-01-15T04:44:10Z,SAT-1004,28.492,20.05,1486.7,0.8567,NOMINAL,0
2026-01-15T04:44:20Z,SAT-1005,27.745,20.21,1517.5,0.8854,NOMINAL,0
2026-01-15T04:44:30Z,SAT-1006,28.466,19.93,1517.1,0.7211,NOMINAL,0
2026-01-15T04:44:40Z,SAT-1000,28.544,20.12,1463.8,0.924,NOMINAL,0
2026-01-15T04:44:50Z,SAT-1001,27.967,20.2,1680.3,0.7829,SAFE_HOLD,1
2026-01-15T04:45:00Z,SAT-1002,27.477,20.17,1547.5,0.7723,NOMINAL,0
2026-01-15T04:45:10Z,SAT-1003,28.667,20.63,1517.0,0.8143,NOMINAL,0
2026-01-15T04:45:20Z,SAT-1004,28.483,19.87,1718.0,0.7201,SAFE_HOLD,1
2026-01-15T04:45:30Z,SAT-1005,28.079,19.96,1533.4,0.6207,NOMINAL,0
2026-01-15T04:45:40Z,SAT-1006,27.876,20.27,1539.8,0.7069,NOMINAL,0
2026-01-15T04:45:50Z,SAT-1000,28.211,20.02,1488.0,0.8344,NOMINAL,0
2026-01-15T04:46:00Z,SAT-1001,27.728,20.2,1500.7,0.94,NOMINAL,0
2026-01-15T04:46:10Z,SAT-1002,27.348,20.49,1529.5,0.9264,NOMINAL,0
2026-01-15T04:46:20Z,SAT-1003,27.611,20.6,1718.4,0.6405,SAFE_HOLD,1
2026-01-15T04:46:30Z,SAT-1004,28.238,20.79,1532.6,0.828,NOMINAL,0
2026-01-15T04:46:40Z,SAT-1005,27.867,20.28,1506.2,0.7631,NOMINAL,0
2026-01-15T04:46:50Z,SAT-1006,28.089,20.37,1525.5,0.9821,NOMINAL,0
2026-01-15T04:47:00Z,SAT-1000,28.337,20.44,1502.1,0.9492,NOMINAL,0
2026-01-15T04:47:10Z,SAT-1001,28.12,19.93,1451.9,0.6006,NOMINAL,0
2026-01-15T04:47:20Z,SAT-1002,28.762,20.37,1468.9,0.9187,NOMINAL,0
2026-01-15T04:47:30Z,SAT-1003,28.098,20.58,1517.6,0.8513,STANDBY,0
2026-01-15T04:47:40Z,SAT-1004,28.793,21.25,1494.5,0.6008,NOMINAL,0
2026-01-15T04:47:50Z,SAT-1005,28.226,20.47,1502.4,0.9156,NOMINAL,0
2026-01-15T04:48:00Z,SAT-1006,28.096,20.92,1503.0,0.8678,NOMINAL,0
2026-01-15T04:48:10Z,SAT-1000,27.648,20.58,1504.7,0.9515,NOMINAL,0
2026-01-15T04:48:20Z,SAT-1001,27.844,20.56,1493.8,0.8509,NOMINAL,0
2026-01-15T04:48:30Z,SAT-1002,27.863,21.05,1517.5,0.6994,NOMINAL,0
2026-01-15T04:48:40Z,SAT-1003,28.301,20.78,1490.8,0.6081,NOMINAL,0
2026-01-15T04:48:50Z,SAT-1004,27.648,21.03,1529.4,0.811,NOMINAL,0
2026-01-15T04:49:00Z,SAT-1005,27.329,20.94,1514.6,0.7934,NOMINAL,0
2026-01-15T04:49:10Z,SAT-1006,28.201,20.95,1470.0,0.6222,STANDBY,0
2026-01-15T04:49:20Z,SAT-1000,28.185,20.47,1518.2,0.7092,NOMINAL,0
2026-01-15T04:49:30Z,SAT-1001,27.364,20.75,1508.4,0.9623,NOMINAL,0
2026-01-15T04:49:40Z,SAT-1002,28.017,21.02,1546.2,0.8019,NOMINAL,0
2026-01-15T04:49:50Z,SAT-1003,27.625,21.17,1474.1,0.7996,NOMINAL,0
2026-01-15T04:50:00Z,SAT-1004,28.653,20.87,1500.3,0.8977,NOMINAL,0
2026-01-15T04:50:10Z,SAT-1005,28.656,21.2,1501.0,0.8269,STANDBY,0
2026-01-15T04:50:20Z,SAT-1006,28.223,21.21,1499.6,0.6632,NOMINAL,0
2026-01-15T04:50:30Z,SAT-1000,28.76,20.71,1516.3,0.6177,NOMINAL,0
2026-01-15T04:50:40Z,SAT-1001,27.895,20.96,1500.9,0.7213,NOMINAL,0
2026-01-15T04:50:50Z,SAT-1002,28.393,21.16,1469.6,0.645,NOMINAL,0
2026-01-15T04:51:00Z,SAT-1003,28.266,20.33,1510.8,0.9804,NOMINAL,0
2026-01-15T04:51:10Z,SAT-1004,28.03,20.33,1504.2,0.7845,NOMINAL,0
2026-01-15T04:51:20Z,SAT-1005,27.52,20.82,1470.5,0.7648,NOMINAL,0
2026-01-15T04:51:30Z,SAT-1006,27.77,20.94,1489.6,0.6431,NOMINAL,0
2026-01-15T04:51:40Z,SAT-1000,28.145,20.59,1524.4,0.9194,NOMINAL,0
2026-01-15T04:51:50Z,SAT-1001,27.57,21.33,1500.2,0.7686,NOMINAL,0
2026-01-15T04:52:00Z,SAT-1002,28.324,20.51,1481.7,0.6563,NOMINAL,0
2026-01-15T04:52:10Z,SAT-1003,27.379,21.18,1513.8,0.9972,NOMINAL,0
2026-01-15T04:52:20Z,SAT-1004,27.894,20.78,1488.7,0.8063,NOMINAL,0
2026-01-15T04:52:30Z,SAT-1005,27.645,20.93,1520.5,0.7542,NOMINAL,0
2026-01-15T04:52:40Z,SAT-1006,27.989,21.29,1526.7,0.7954,NOMINAL,0
2026-01-15T04:52:50Z,SAT-1000,27.92,21.21,1526.1,0.7745,NOMINAL,0
2026-01-15T04:53:00Z,SAT-1001,27.833,21.55,1692.8,0.6575,SAFE_HOLD,1
2026-01-15T04:53:10Z,SAT-1002,27.973,21.02,1468.2,0.8241,NOMINAL,0
2026-01-15T04:53:20Z,SAT-1003,28.623,21.23,1512.8,0.8552,NOMINAL,0
2026-01-15T04:53:30Z,SAT-1004,28.219,20.42,1488.4,0.8532,NOMINAL,0
2026-01-15T04:53:40Z,SAT-1005,27.969,21.09,1491.8,0.6565,NOMINAL,0
2026-01-15T04:53:50Z,SAT-1006,28.894,21.34,1522.3,0.8426,NOMINAL,0
2026-01-15T04:54:00Z,SAT-1000,27.632,21.43,1514.4,0.7169,NOMINAL,0
2026-01-15T04:54:10Z,SAT-1001,28.836,21.4,1518.9,0.8916,NOMINAL,0
2026-01-15T04:54:20Z,SAT-1002,27.928,21.41,1522.1,0.7286,NOMINAL,0
2026-01-15T04:54:30Z,SAT-1003,27.921,21.38,1544.7,0.9266,NOMINAL,0
2026-01-15T04:54:40Z,SAT-1004,28.137,20.48,1513.9,0.8648,NOMINAL,0
2026-01-15T04:54:50Z,SAT-1005,28.087,21.06,1463.7,0.7764,NOMINAL,0
2026-01-15T04:55:00Z,SAT-1006,27.412,21.33,1502.6,0.6732,NOMINAL,0
2026-01-15T04:55:10Z,SAT-1000,28.27,21.78,1508.6,0.6118,NOMINAL,0
2026-01-15T04:55:20Z,SAT-1001,28.083,20.82,1503.1,0.813,STANDBY,0
2026-01-15T04:55:30Z,SAT-1002,27.884,20.97,1479.6,0.6529,NOMINAL,0
2026-01-15T04:55:40Z,SAT-1003,28.381,22.0,1490.9,0.6938,NOMINAL,0
2026-01-15T04:55:50Z,SAT-1004,28.072,21.5,1471.7,0.6183,NOMINAL,0
2026-01-15T04:56:00Z,SAT-1005,27.055,21.48,1552.4,0.6692,NOMINAL,0
2026-01-15T04:56:10Z,SAT-1006,27.628,21.52,1484.8,0.9234,NOMINAL,0
2026-01-15T04:56:20Z,SAT-1000,27.554,21.56,1498.4,0.7454,NOMINAL,0
2026-01-15T04:56:30Z,SAT-1001,27.867,21.79,1476.3,0.8854,NOMINAL,0
2026-01-15T04:56:40Z,SAT-1002,27.638,21.81,1506.9,0.9207,NOMINAL,0
2026-01-15T04:56:50Z,SAT-1003,27.25,22.05,1523.8,0.7787,NOMINAL,0
2026-01-15T04:57:00Z,SAT-1004,27.942,21.56,1508.5,0.6322,NOMINAL,0
2026-01-15T04:57:10Z,SAT-1005,27.28,21.8,1701.8,0.6557,SAFE_HOLD,1
2026-01-15T04:57:20Z,SAT-1006,27.489,21.66,1526.9,0.6377,NOMINAL,0
2026-01-15T04:57:30Z,SAT-1000,27.451,21.25,1704.2,0.8654,SAFE_HOLD,1
2026-01-15T04:57:40Z,SAT-1001,27.607,21.84,1502.2,0.6762,NOMINAL,0
2026-01-15T04:57:50Z,SAT-1002,27.692,22.82,1521.6,0.9991,NOMINAL,0
2026-01-15T04:58:00Z,SAT-1003,28.066,22.05,1469.8,0.9655,NOMINAL,0
2026-01-15T04:58:10Z,SAT-1004,28.307,22.1,1502.9,0.8195,NOMINAL,0
2026-01-15T04:58:20Z,SAT-1005,28.001,22.04,1531.5,0.7897,NOMINAL,0
2026-01-15T04:58:30Z,SAT-1006,27.238,22.08,1527.7,0.746,NOMINAL,0
2026-01-15T04:58:40Z,SAT-1000,27.689,22.16,1442.0,0.8413,NOMINAL,0
2026-01-15T04:58:50Z,SAT-1001,27.872,22.1,1470.2,0.9395,NOMINAL,0
2026-01-15T04:59:00Z,SAT-1002,28.219,21.76,1512.1,0.8453,NOMINAL,0
2026-01-15T04:59:10Z,SAT-1003,28.299,21.73,1524.1,0.9976,NOMINAL,0
2026-01-15T04:59:20Z,SAT-1004,28.051,22.05,1516.5,0.8408,NOMINAL,0
2026-01-15T04:59:30Z,SAT-1005,27.661,21.36,1463.1,0.7359,NOMINAL,0
2026-01-15T04:59:40Z,SAT-1006,27.779,22.2,1538.0,0.9636,NOMINAL,0
2026-01-15T04:59:50Z,SAT-1000,28.296,22.3,1511.0,0.7535,NOMINAL,0
2026-01-15T05:00:00Z,SAT-1001,27.806,19.78,1456.8,0.9553,NOMINAL,0
2026-01-15T05:00:10Z,SAT-1002,28.747,20.04,1501.7,0.9287,NOMINAL,0
2026-01-15T05:00:20Z,SAT-1003,27.769,20.25,1522.6,0.6164,NOMINAL,0
2026-01-15T05:00:30Z,SAT-1004,28.298,20.39,1486.4,0.958,NOMINAL,0
2026-01-15T05:00:40Z,SAT-1005,28.139,20.15,1677.0,0.9811,SAFE_HOLD,1
2026-01-15T05:00:50Z,SAT-1006,27.898,19.78,1522.4,0.8777,NOMINAL,0
2026-01-15T05:01:00Z,SAT-1000,27.614,19.96,1475.2,0.8799,STANDBY,0
2026-01-15T05:01:10Z,SAT-1001,28.011,19.87,1483.2,0.8545,STANDBY,0
2026-01-15T05:01:20Z,SAT-1002,27.62,20.39,1490.9,0.9175,STANDBY,0
2026-01-15T05:01:30Z,SAT-1003,27.455,20.24,1464.4,0.8788,NOMINAL,0
2026-01-15T05:01:40Z,SAT-1004,28.318,19.9,1512.9,0.6809,NOMINAL,0
2026-01-15T05:01:50Z,SAT-1005,27.796,20.11,1494.7,0.7206,NOMINAL,0
2026-01-15T05:02:00Z,SAT-1006,28.273,20.24,1475.1,0.8495,NOMINAL,0
2026-01-15T05:02:10Z,SAT-1000,28.319,20.69,1514.9,0.8006,NOMINAL,0
2026-01-15T05:02:20Z,SAT-1001,27.613,20.42,1502.6,0.972,NOMINAL,0
2026-01-15T05:02:30Z,SAT-1002,27.443,20.65,1472.0,0.9919,NOMINAL,0
2026-01-15T05:02:40Z,SAT-1003,28.38,20.54,1471.8,0.9145,NOMINAL,0
2026-01-15T05:02:50Z,SAT-1004,27.791,20.5,1448.2,0.9943,NOMINAL,0
2026-01-15T05:03:00Z,SAT-1005,28.25,20.14,1495.5,0.6344,NOMINAL,0
2026-01-15T05:03:10Z,SAT-1006,28.654,20.61,1480.4,0.6958,NOMINAL,0
2026-01-15T05:03:20Z,SAT-1000,28.395,20.34,1478.2,0.6598,NOMINAL,0
2026-01-15T05:03:30Z,SAT-1001,28.656,20.16,1526.7,0.6639,NOMINAL,0
2026-01-15T05:03:40Z,SAT-1002,27.685,20.78,1493.5,0.9775,NOMINAL,0
2026-01-15T05:03:50Z,SAT-1003,27.68,20.33,1442.5,0.7356,NOMINAL,0
2026-01-15T05:04:00Z,SAT-1004,27.566,20.72,1475.5,0.9811,NOMINAL,0
2026-01-15T05:04:10Z,SAT-1005,28.263,20.33,1504.2,0.7606,NOMINAL,0
2026-01-15T05:04:20Z,SAT-1006,28.103,20.83,1489.8,0.8588,NOMINAL,0
2026-01-15T05:04:30Z,SAT-1000,27.879,20.69,1474.5,0.8946,NOMINAL,0
2026-01-15T05:04:40Z,SAT-1001,27.633,20.23,1507.6,0.6365,NOMINAL,0
2026-01-15T05:04:50Z,SAT-1002,28.788,20.2,1695.9,0.8803,SAFE_HOLD,1
2026-01-15T05:05:00Z,SAT-1003,27.698,20.73,1491.1,0.679,NOMINAL,0
2026-01-15T05:05:10Z,SAT-1004,27.945,20.47,1422.2,0.9819,NOMINAL,0
2026-01-15T05:05:20Z,SAT-1005,28.191,21.04,1475.7,0.6653,NOMINAL,0
2026-01-15T05:05:30Z,SAT-1006,27.98,20.92,1703.5,0.6552,SAFE_HOLD,1
2026-01-15T05:05:40Z,SAT-1000,27.749,20.93,1472.2,0.9376,NOMINAL,0
2026-01-15T05:05:50Z,SAT-1001,27.993,20.72,1476.7,0.8957,NOMINAL,0
2026-01-15T05:06:00Z,SAT-1002,28.106,20.91,1510.0,0.6173,NOMINAL,0
2026-01-15T05:06:10Z,SAT-1003,27.613,20.92,1539.3,0.6376,NOMINAL,0
2026-01-15T05:06:20Z,SAT-1004,27.82,20.72,1742.8,0.6456,SAFE_HOLD,1
2026-01-15T05:06:30Z,SAT-1005,27.629,20.09,1505.0,0.6304,NOMINAL,0
2026-01-15T05:06:40Z,SAT-1006,27.687,21.09,1523.9,0.8445,NOMINAL,0
2026-01-15T05:06:50Z,SAT-1000,28.383,21.1,1496.2,0.7145,NOMINAL,0
2026-01-15T05:07:00Z,SAT-1001,27.815,21.04,1511.4,0.6815,NOMINAL,0
2026-01-15T05:07:10Z,SAT-1002,27.453,20.55,1689.3,0.7367,SAFE_HOLD,1
2026-01-15T05:07:20Z,SAT-1003,28.137,20.54,1511.8,0.9061,NOMINAL,0
2026-01-15T05:07:30Z,SAT-1004,27.788,21.25,1489.4,0.9543,NOMINAL,0
2026-01-15T05:07:40Z,SAT-1005,28.288,21.3,1534.3,0.6085,NOMINAL,0
2026-01-15T05:07:50Z,SAT-1006,28.426,20.75,1531.6,0.803,NOMINAL,0
2026-01-15T05:08:00Z,SAT-1000,27.845,20.58,1494.7,0.8391,NOMINAL,0
2026-01-15T05:08:10Z,SAT-1001,27.779,21.22,1467.3,0.6913,NOMINAL,0
2026-01-15T05:08:20Z,SAT-1002,27.905,20.4,1534.5,0.7098,NOMINAL,0
2026-01-15T05:08:30Z,SAT-1003,27.84,20.75,1480.6,0.9514,NOMINAL,0
2026-01-15T05:08:40Z,SAT-1004,28.304,21.12,1493.5,0.9694,NOMINAL,0
2026-01-15T05:08:50Z,SAT-1005,28.1,21.09,1498.1,0.6169,NOMINAL,0
2026-01-15T05:09:00Z,SAT-1006,27.751,21.08,1500.0,0.6679,NOMINAL,0
2026-01-15T05:09:10Z,SAT-1000,27.665,21.71,1455.5,0.8976,NOMINAL,0
2026-01-15T05:09:20Z,SAT-1001,28.156,21.22,1494.1,0.8168,NOMINAL,0
2026-01-15T05:09:30Z,SAT-1002,28.366,20.64,1491.4,0.9831,NOMINAL,0
2026-01-15T05:09:40Z,SAT-1003,27.846,21.28,1494.1,0.9964,NOMINAL,0
2026-01-15T05:09:50Z,SAT-1004,27.49,21.46,1486.4,0.8494,NOMINAL,0
2026-01-15T05:10:00Z,SAT-1005,28.179,21.48,1498.2,0.8665,NOMINAL,0
2026-01-15T05:10:10Z,SAT-1006,27.798,21.67,1483.6,0.8058,NOMINAL,0
2026-01-15T05:10:20Z,SAT-1000,27.523,21.03,1483.2,0.9845,STANDBY,0
2026-01-15T05:10:30Z,SAT-1001,28.452,21.03,1513.5,0.9931,NOMINAL,0
2026-01-15T05:10:40Z,SAT-1002,28.471,21.23,1566.3,0.6974,NOMINAL,0
2026-01-15T05:10:50Z,SAT-1003,27.986,21.15,1481.0,0.6425,NOMINAL,0
2026-01-15T05:11:00Z,SAT-1004,28.494,20.93,1494.7,0.917,NOMINAL,0
2026-01-15T05:11:10Z,SAT-1005,27.729,22.08,1494.7,0.7895,NOMINAL,0
2026-01-15T05:11:20Z,SAT-1006,27.318,20.67,1514.3,0.9757,NOMINAL,0
2026-01-15T05:11:30Z,SAT-1000,27.676,21.01,1509.0,0.6073,NOMINAL,0
2026-01-15T05:11:40Z,SAT-1001,28.362,21.18,1476.3,0.9479,NOMINAL,0
2026-01-15T05:11:50Z,SAT-1002,27.485,21.74,1503.8,0.8115,NOMINAL,0
2026-01-15T05:12:00Z,SAT-1003,27.777,21.23,1507.6,0.7816,NOMINAL,0
2026-01-15T05:12:10Z,SAT-1004,27.666,22.15,1493.6,0.8706,NOMINAL,0
2026-01-15T05:12:20Z,SAT-1005,28.17,21.35,1506.3,0.9212,NOMINAL,0
2026-01-15T05:12:30Z,SAT-1006,28.196,21.63,1484.4,0.8757,NOMINAL,0
2026-01-15T05:12:40Z,SAT-1000,28.496,21.26,1514.8,0.7514,NOMINAL,0
2026-01-15T05:12:50Z,SAT-1001,28.233,21.83,1524.3,0.6905,STANDBY,0
2026-01-15T05:13:00Z,SAT-1002,27.963,21.45,1504.5,0.9435,NOMINAL,0
2026-01-15T05:13:10Z,SAT-1003,28.428,21.92,1519.7,0.9002,NOMINAL,0
2026-01-15T05:13:20Z,SAT-1004,28.85,21.37,1514.1,0.9202,NOMINAL,0
2026-01-15T05:13:30Z,SAT-1005,27.441,22.01,1504.0,0.871,STANDBY,0
2026-01-15T05:13:40Z,SAT-1006,27.574,21.71,1478.6,0.7064,NOMINAL,0
2026-01-15T05:13:50Z,SAT-1000,27.695,22.11,1451.7,0.6076,NOMINAL,0
2026-01-15T05:14:00Z,SAT-1001,27.565,21.36,1506.9,0.7312,STANDBY,0
2026-01-15T05:14:10Z,SAT-1002,27.407,21.98,1472.0,0.7449,NOMINAL,0
2026-01-15T05:14:20Z,SAT-1003,28.059,21.64,1465.6,0.6762,NOMINAL,0
2026-01-15T05:14:30Z,SAT-1004,27.204,22.36,1510.1,0.8304,NOMINAL,0
2026-01-15T05:14:40Z,SAT-1005,28.281,21.76,1512.3,0.6998,NOMINAL,0
2026-01-15T05:14:50Z,SAT-1006,28.487,21.89,1511.5,0.6518,NOMINAL,0
2026-01-15T05:15:00Z,SAT-1000,27.766,21.77,1546.6,0.9864,NOMINAL,0
2026-01-15T05:15:10Z,SAT-1001,27.935,21.93,1533.4,0.7173,NOMINAL,0
2026-01-15T05:15:20Z,SAT-1002,28.588,22.32,1490.3,0.8529,NOMINAL,0
2026-01-15T05:15:30Z,SAT-1003,28.196,21.99,1466.6,0.6815,NOMINAL,0
2026-01-15T05:15:40Z,SAT-1004,27.717,21.76,1491.5,0.6597,NOMINAL,0
2026-01-15T05:15:50Z,SAT-1005,27.812,21.33,1495.3,0.8019,NOMINAL,0
2026-01-15T05:16:00Z,SAT-1006,28.525,21.75,1518.8,0.9195,NOMINAL,0
2026-01-15T05:16:10Z,SAT-1000,27.375,21.91,1557.2,0.8609,NOMINAL,0
2026-01-15T05:16:20Z,SAT-1001,27.547,21.02,1478.5,0.9139,STANDBY,0
2026-01-15T05:16:30Z,SAT-1002,28.542,21.72,1664.3,0.8203,SAFE_HOLD,1
2026-01-15T05:16:40Z,SAT-1003,26.989,19.63,1456.9,0.7659,NOMINAL,0
2026-01-15T05:16:50Z,SAT-1004,27.876,19.75,1544.0,0.9477,NOMINAL,0
2026-01-15T05:17:00Z,SAT-1005,27.967,20.47,1494.3,0.8763,STANDBY,0
2026-01-15T05:17:10Z,SAT-1006,27.273,19.97,1439.4,0.6677,NOMINAL,0
2026-01-15T05:17:20Z,SAT-1000,28.485,20.72,1484.8,0.9848,NOMINAL,0
2026-01-15T05:17:30Z,SAT-1001,27.35,19.6,1495.7,0.7376,NOMINAL,0
2026-01-15T05:17:40Z,SAT-1002,27.989,19.96,1519.4,0.9498,NOMINAL,0
2026-01-15T05:17:50Z,SAT-1003,28.964,20.29,1492.8,0.618,NOMINAL,0
2026-01-15T05:18:00Z,SAT-1004,28.324,20.23,1500.6,0.712,NOMINAL,0
2026-01-15T05:18:10Z,SAT-1005,28.532,19.92,1527.6,0.7878,NOMINAL,0
2026-01-15T05:18:20Z,SAT-1006,27.841,20.29,1469.1,0.7424,NOMINAL,0
2026-01-15T05:18:30Z,SAT-1000,28.013,20.15,1459.7,0.626,NOMINAL,0
2026-01-15T05:18:40Z,SAT-1001,28.161,20.15,1465.1,0.6473,NOMINAL,0
2026-01-15T05:18:50Z,SAT-1002,27.254,20.16,1500.5,0.7268,NOMINAL,0
2026-01-15T05:19:00Z,SAT-1003,27.303,20.15,1496.5,0.7875,NOMINAL,0
2026-01-15T05:19:10Z,SAT-1004,28.001,20.26,1463.5,0.6344,NOMINAL,0
2026-01-15T05:19:20Z,SAT-1005,27.551,20.53,1514.1,0.8846,NOMINAL,0
2026-01-15T05:19:30Z,SAT-1006,27.932,20.28,1498.5,0.6009,NOMINAL,0
2026-01-15T05:19:40Z,SAT-1000,28.136,20.08,1700.5,0.9128,SAFE_HOLD,1
2026-01-15T05:19:50Z,SAT-1001,27.534,20.34,1496.6,0.8401,NOMINAL,0
2026-01-15T05:20:00Z,SAT-1002,28.457,20.13,1487.3,0.9503,NOMINAL,0
2026-01-15T05:20:10Z,SAT-1003,27.939,20.25,1512.7,0.7198,NOMINAL,0
2026-01-15T05:20:20Z,SAT-1004,28.572,20.51,1519.7,0.6384,NOMINAL,0
2026-01-15T05:20:30Z,SAT-1005,27.31,20.35,1518.8,0.6024,NOMINAL,0
2026-01-15T05:20:40Z,SAT-1006,28.304,20.58,1550.2,0.682,NOMINAL,0
2026-01-15T05:20:50Z,SAT-1000,28.079,20.53,1525.0,0.6845,NOMINAL,0
2026-01-15T05:21:00Z,SAT-1001,28.549,20.47,1479.8,0.7058,NOMINAL,0
2026-01-15T05:21:10Z,SAT-1002,27.498,20.52,1426.0,0.7354,NOMINAL,0
2026-01-15T05:21:20Z,SAT-1003,28.181,20.86,1437.7,0.7025,NOMINAL,0
2026-01-15T05:21:30Z,SAT-1004,28.039,20.5,1515.8,0.7019,NOMINAL,0
2026-01-15T05:21:40Z,SAT-1005,28.284,20.64,1491.0,0.7579,STANDBY,0
2026-01-15T05:21:50Z,SAT-1006,27.968,20.43,1549.3,0.7759,NOMINAL,0
2026-01-15T05:22:00Z,SAT-1000,28.19,20.72,1456.3,0.7099,NOMINAL,0
2026-01-15T05:22:10Z,SAT-1001,28.012,20.39,1503.7,0.6932,NOMINAL,0
2026-01-15T05:22:20Z,SAT-1002,28.085,20.86,1494.7,0.7652,NOMINAL,0
2026-01-15T05:22:30Z,SAT-1003,27.142,20.63,1490.1,0.7578,NOMINAL,0
2026-01-15T05:22:40Z,SAT-1004,28.33,20.75,1540.3,0.7591,NOMINAL,0
2026-01-15T05:22:50Z,SAT-1005,27.353,21.01,1521.7,0.951,NOMINAL,0
2026-01-15T05:23:00Z,SAT-1006,27.848,20.43,1519.1,0.989,NOMINAL,0
2026-01-15T05:23:10Z,SAT-1000,28.709,20.78,1551.8,0.819,NOMINAL,0
2026-01-15T05:23:20Z,SAT-1001,27.987,21.29,1497.5,0.9462,NOMINAL,0
2026-01-15T05:23:30Z,SAT-1002,27.621,21.04,1504.0,0.7842,NOMINAL,0
2026-01-15T05:23:40Z,SAT-1003,27.818,21.16,1535.9,0.6566,NOMINAL,0
2026-01-15T05:23:50Z,SAT-1004,27.176,21.2,1487.7,0.7159,NOMINAL,0
2026-01-15T05:24:00Z,SAT-1005,27.736,20.67,1498.1,0.6927,NOMINAL,0
2026-01-15T05:24:10Z,SAT-1006,28.762,20.55,1443.5,0.8741,NOMINAL,0
2026-01-15T05:24:20Z,SAT-1000,28.467,20.96,1467.4,0.7553,NOMINAL,0
2026-01-15T05:24:30Z,SAT-1001,28.349,21.0,1486.3,0.8387,NOMINAL,0
2026-01-15T05:24:40Z,SAT-1002,28.046,20.72,1442.4,0.8912,NOMINAL,0
2026-01-15T05:24:50Z,SAT-1003,28.582,21.26,1499.2,0.9414,NOMINAL,0
2026-01-15T05:25:00Z,SAT-1004,28.062,20.7,1463.9,0.821,NOMINAL,0
2026-01-15T05:25:10Z,SAT-1005,28.493,20.99,1543.3,0.6399,NOMINAL,0
2026-01-15T05:25:20Z,SAT-1006,28.471,21.35,1489.5,0.7436,NOMINAL,0
2026-01-15T05:25:30Z,SAT-1000,27.801,20.73,1490.6,0.9346,NOMINAL,0
2026-01-15T05:25:40Z,SAT-1001,27.515,20.89,1493.5,0.9879,NOMINAL,0
2026-01-15T05:25:50Z,SAT-1002,27.576,21.0,1500.7,0.6073,NOMINAL,0
2026-01-15T05:26:00Z,SAT-1003,27.346,21.49,1510.8,0.6072,NOMINAL,0
2026-01-15T05:26:10Z,SAT-1004,27.926,21.25,1528.1,0.8799,NOMINAL,0
2026-01-15T05:26:20Z,SAT-1005,27.487,21.22,1461.9,0.8235,NOMINAL,0
2026-01-15T05:26:30Z,SAT-1006,28.081,21.51,1506.0,0.6102,NOMINAL,0
2026-01-15T05:26:40Z,SAT-1000,28.137,21.33,1480.3,0.8036,NOMINAL,0
2026-01-15T05:26:50Z,SAT-1001,27.735,21.21,1515.8,0.6476,STANDBY,0
2026-01-15T05:27:00Z,SAT-1002,28.241,21.7,1525.1,0.776,NOMINAL,0
2026-01-15T05:27:10Z,SAT-1003,27.638,21.86,1489.9,0.9363,NOMINAL,0
2026-01-15T05:27:20Z,SAT-1004,28.55,21.67,1520.2,0.838,NOMINAL,0
2026-01-15T05:27:30Z,SAT-1005,28.022,21.27,1513.2,0.7287,NOMINAL,0
2026-01-15T05:27:40Z,SAT-1006,27.651,21.16,1507.3,0.8468,NOMINAL,0
2026-01-15T05:27:50Z,SAT-1000,28.762,20.93,1511.7,0.8079,NOMINAL,0
2026-01-15T05:28:00Z,SAT-1001,28.063,21.6,1505.2,0.7897,NOMINAL,0
2026-01-15T05:28:10Z,SAT-1002,28.111,21.62,1671.8,0.9457,SAFE_HOLD,1
2026-01-15T05:28:20Z,SAT-1003,26.724,21.06,1472.5,0.7357,NOMINAL,0
2026-01-15T05:28:30Z,SAT-1004,28.133,21.32,1513.8,0.6034,NOMINAL,0
2026-01-15T05:28:40Z,SAT-1005,27.967,21.53,1480.5,0.703,NOMINAL,0
2026-01-15T05:28:50Z,SAT-1006,27.985,21.51,1493.4,0.6988,NOMINAL,0
2026-01-15T05:29:00Z,SAT-1000,27.322,21.78,1506.7,0.8113,NOMINAL,0
2026-01-15T05:29:10Z,SAT-1001,27.825,20.52,1527.3,0.6872,NOMINAL,0
2026-01-15T05:29:20Z,SAT-1002,27.859,21.25,1558.7,0.8199,NOMINAL,0
2026-01-15T05:29:30Z,SAT-1003,28.199,22.03,1499.1,0.6305,NOMINAL,0
2026-01-15T05:29:40Z,SAT-1004,28.208,21.5,1477.2,0.7244,NOMINAL,0
2026-01-15T05:29:50Z,SAT-1005,27.49,21.91,1460.1,0.9734,NOMINAL,0
2026-01-15T05:30:00Z,SAT-1006,27.924,21.41,1531.9,0.8066,NOMINAL,0
2026-01-15T05:30:10Z,SAT-1000,28.532,21.72,1494.0,0.9208,NOMINAL,0
2026-01-15T05:30:20Z,SAT-1001,27.571,21.78,1518.9,0.667,NOMINAL,0
2026-01-15T05:30:30Z,SAT-1002,28.586,21.29,1502.0,0.6749,NOMINAL,0
2026-01-15T05:30:40Z,SAT-1003,27.902,21.59,1494.7,0.9589,NOMINAL,0
2026-01-15T05:30:50Z,SAT-1004,28.382,21.75,1541.0,0.6357,NOMINAL,0
2026-01-15T05:31:00Z,SAT-1005,28.269,21.29,1519.1,0.7899,NOMINAL,0
2026-01-15T05:31:10Z,SAT-1006,28.566,21.81,1454.6,0.9715,NOMINAL,0
2026-01-15T05:31:20Z,SAT-1000,27.552,21.29,1512.2,0.9,NOMINAL,0
2026-01-15T05:31:30Z,SAT-1001,28.022,22.37,1535.8,0.735,NOMINAL,0
2026-01-15T05:31:40Z,SAT-1002,28.278,21.59,1459.1,0.6669,NOMINAL,0
2026-01-15T05:31:50Z,SAT-1003,28.345,21.37,1497.1,0.839,NOMINAL,0
2026-01-15T05:32:00Z,SAT-1004,28.11,21.93,1460.8,0.8772,NOMINAL,0
2026-01-15T05:32:10Z,SAT-1005,28.677,21.62,1488.5,0.631,NOMINAL,0
2026-01-15T05:32:20Z,SAT-1006,28.349,21.7,1485.7,0.7605,NOMINAL,0
2026-01-15T05:32:30Z,SAT-1000,28.521,22.1,1507.5,0.7001,NOMINAL,0
2026-01-15T05:32:40Z,SAT-1001,27.861,21.73,1481.8,0.6396,NOMINAL,0
2026-01-15T05:32:50Z,SAT-1002,28.524,21.39,1450.7,0.8494,NOMINAL,0
2026-01-15T05:33:00Z,SAT-1003,27.592,22.33,1541.4,0.8174,NOMINAL,0
2026-01-15T05:33:10Z,SAT-1004,27.914,21.58,1518.6,0.9869,NOMINAL,0
2026-01-15T05:33:20Z,SAT-1005,27.546,19.46,1451.0,0.7298,NOMINAL,0
2026-01-15T05:33:30Z,SAT-1006,28.583,19.67,1497.2,0.9319,NOMINAL,0
2026-01-15T05:33:40Z,SAT-1000,28.293,20.39,1521.2,0.9246,NOMINAL,0
2026-01-15T05:33:50Z,SAT-1001,27.713,20.31,1517.1,0.8793,NOMINAL,0
2026-01-15T05:34:00Z,SAT-1002,28.407,20.31,1457.9,0.6798,NOMINAL,0
2026-01-15T05:34:10Z,SAT-1003,27.401,20.28,1505.2,0.6747,NOMINAL,0
2026-01-15T05:34:20Z,SAT-1004,27.938,19.89,1483.2,0.745,NOMINAL,0
2026-01-15T05:34:30Z,SAT-1005,27.729,19.97,1475.9,0.8172,NOMINAL,0
2026-01-15T05:34:40Z,SAT-1006,27.156,19.96,1516.2,0.9603,NOMINAL,0
2026-01-15T05:34:50Z,SAT-1000,28.135,20.07,1483.0,0.9488,NOMINAL,0
2026-01-15T05:35:00Z,SAT-1001,28.151,19.82,1466.4,0.6096,NOMINAL,0
2026-01-15T05:35:10Z,SAT-1002,28.324,20.32,1525.9,0.7822,NOMINAL,0
2026-01-15T05:35:20Z,SAT-1003,28.047,20.21,1479.4,0.6442,NOMINAL,0
2026-01-15T05:35:30Z,SAT-1004,28.073,19.84,1532.2,0.8651,NOMINAL,0
2026-01-15T05:35:40Z,SAT-1005,27.909,20.84,1467.3,0.7022,NOMINAL,0
2026-01-15T05:35:50Z,SAT-1006,27.452,20.69,1500.4,0.7354,NOMINAL,0
2026-01-15T05:36:00Z,SAT-1000,27.411,20.34,1511.4,0.7006,NOMINAL,0
2026-01-15T05:36:10Z,SAT-1001,28.587,20.31,1491.8,0.6599,NOMINAL,0
2026-01-15T05:36:20Z,SAT-1002,28.308,20.36,1537.4,0.9292,NOMINAL,0
2026-01-15T05:36:30Z,SAT-1003,28.006,20.24,1495.7,0.8643,NOMINAL,0
2026-01-15T05:36:40Z,SAT-1004,28.194,20.26,1498.6,0.7717,NOMINAL,0
2026-01-15T05:36:50Z,SAT-1005,27.743,20.78,1522.9,0.9995,NOMINAL,0
2026-01-15T05:37:00Z,SAT-1006,28.101,20.4,1476.1,0.9804,NOMINAL,0
2026-01-15T05:37:10Z,SAT-1000,27.732,20.07,1443.7,0.8467,NOMINAL,0
2026-01-15T05:37:20Z,SAT-1001,27.838,20.22,1468.0,0.7987,NOMINAL,0
2026-01-15T05:37:30Z,SAT-1002,28.067,20.53,1491.9,0.8349,NOMINAL,0
2026-01-15T05:37:40Z,SAT-1003,28.743,20.47,1506.2,0.6522,NOMINAL,0
2026-01-15T05:37:50Z,SAT-1004,27.398,20.48,1541.6,0.628,NOMINAL,0
2026-01-15T05:38:00Z,SAT-1005,28.235,20.56,1503.0,0.7126,NOMINAL,0
2026-01-15T05:38:10Z,SAT-1006,28.095,21.1,1513.0,0.9292,NOMINAL,0
2026-01-15T05:38:20Z,SAT-1000,28.476,20.58,1498.2,0.7233,NOMINAL,0
2026-01-15T05:38:30Z,SAT-1001,27.301,20.34,1538.9,0.9888,NOMINAL,0
2026-01-15T05:38:40Z,SAT-1002,27.715,20.5,1500.8,0.9374,NOMINAL,0
2026-01-15T05:38:50Z,SAT-1003,28.59,20.38,1474.5,0.901,NOMINAL,0
2026-01-15T05:39:00Z,SAT-1004,28.138,20.5,1481.0,0.9505,NOMINAL,0
2026-01-15T05:39:10Z,SAT-1005,27.92,20.86,1484.3,0.8024,NOMINAL,0
2026-01-15T05:39:20Z,SAT-1006,27.963,20.73,1491.8,0.6104,NOMINAL,0
2026-01-15T05:39:30Z,SAT-1000,28.237,20.85,1501.5,0.8113,NOMINAL,0
2026-01-15T05:39:40Z,SAT-1001,27.438,21.21,1495.8,0.6653,NOMINAL,0
2026-01-15T05:39:50Z,SAT-1002,27.701,21.03,1506.4,0.6477,NOMINAL,0
2026-01-15T05:40:00Z,SAT-1003,28.222,20.66,1505.6,0.7911,NOMINAL,0
2026-01-15T05:40:10Z,SAT-1004,28.279,20.69,1497.9,0.6736,NOMINAL,0
2026-01-15T05:40:20Z,SAT-1005,28.25,21.01,1521.8,0.9656,NOMINAL,0
2026-01-15T05:40:30Z,SAT-1006,27.761,21.06,1496.5,0.9911,NOMINAL,0
2026-01-15T05:40:40Z,SAT-1000,28.222,21.0,1454.4,0.662,NOMINAL,0
2026-01-15T05:40:50Z,SAT-1001,28.231,20.92,1506.9,0.6733,NOMINAL,0
2026-01-15T05:41:00Z,SAT-1002,27.473,21.02,1504.1,0.8474,NOMINAL,0
2026-01-15T05:41:10Z,SAT-1003,27.778,20.41,1478.9,0.8003,STANDBY,0
2026-01-15T05:41:20Z,SAT-1004,27.633,21.03,1514.9,0.9432,NOMINAL,0
2026-01-15T05:41:30Z,SAT-1005,27.754,20.96,1507.5,0.757,NOMINAL,0
2026-01-15T05:41:40Z,SAT-1006,27.638,21.5,1521.8,0.6681,NOMINAL,0
2026-01-15T05:41:50Z,SAT-1000,27.822,20.85,1498.9,0.9086,NOMINAL,0
2026-01-15T05:42:00Z,SAT-1001,28.458,20.8,1510.5,0.8085,NOMINAL,0
2026-01-15T05:42:10Z,SAT-1002,28.945,21.1,1507.2,0.8213,NOMINAL,0
2026-01-15T05:42:20Z,SAT-1003,28.525,20.92,1526.5,0.8704,NOMINAL,0
2026-01-15T05:42:30Z,SAT-1004,27.667,21.42,1494.1,0.943,NOMINAL,0
2026-01-15T05:42:40Z,SAT-1005,28.012,20.95,1522.1,0.7462,NOMINAL,0
2026-01-15T05:42:50Z,SAT-1006,27.772,21.05,1513.7,0.8343,NOMINAL,0
2026-01-15T05:43:00Z,SAT-1000,27.668,21.04,1510.3,0.9835,NOMINAL,0
2026-01-15T05:43:10Z,SAT-1001,28.986,21.45,1480.3,0.8821,NOMINAL,0
2026-01-15T05:43:20Z,SAT-1002,28.573,21.5,1547.7,0.7152,NOMINAL,0
2026-01-15T05:43:30Z,SAT-1003,27.136,21.18,1489.7,0.8074,NOMINAL,0
2026-01-15T05:43:40Z,SAT-1004,28.25,21.4,1487.9,0.9544,NOMINAL,0
2026-01-15T05:43:50Z,SAT-1005,28.218,21.6,1537.1,0.7061,STANDBY,0
2026-01-15T05:44:00Z,SAT-1006,28.134,22.17,1688.1,0.6403,SAFE_HOLD,1
2026-01-15T05:44:10Z,SAT-1000,28.653,21.19,1542.5,0.8957,NOMINAL,0
2026-01-15T05:44:20Z,SAT-1001,27.909,21.5,1476.6,0.674,NOMINAL,0
2026-01-15T05:44:30Z,SAT-1002,28.537,21.14,1487.8,0.9557,NOMINAL,0
2026-01-15T05:44:40Z,SAT-1003,28.43,21.59,1523.8,0.6106,NOMINAL,0
2026-01-15T05:44:50Z,SAT-1004,27.981,21.83,1470.7,0.7974,STANDBY,0
2026-01-15T05:45:00Z,SAT-1005,28.416,21.6,1521.7,0.9249,NOMINAL,0
2026-01-15T05:45:10Z,SAT-1006,28.103,21.37,1494.0,0.6522,NOMINAL,0
2026-01-15T05:45:20Z,SAT-1000,27.706,21.73,1484.5,0.9588,NOMINAL,0
2026-01-15T05:45:30Z,SAT-1001,28.04,21.44,1513.7,0.7677,NOMINAL,0
2026-01-15T05:45:40Z,SAT-1002,27.67,21.5,1508.0,0.6166,NOMINAL,0
2026-01-15T05:45:50Z,SAT-1003,28.222,21.7,1692.7,0.9869,SAFE_HOLD,1
2026-01-15T05:46:00Z,SAT-1004,28.368,21.41,1452.5,0.6556,NOMINAL,0
2026-01-15T05:46:10Z,SAT-1005,27.377,21.32,1462.7,0.8824,NOMINAL,0
2026-01-15T05:46:20Z,SAT-1006,27.624,21.18,1509.8,0.7986,NOMINAL,0
2026-01-15T05:46:30Z,SAT-1000,27.819,20.87,1530.8,0.7315,NOMINAL,0
2026-01-15T05:46:40Z,SAT-1001,28.846,21.78,1531.2,0.9024,NOMINAL,0
2026-01-15T05:46:50Z,SAT-1002,28.478,22.48,1472.7,0.7395,NOMINAL,0
2026-01-15T05:47:00Z,SAT-1003,28.516,21.46,1550.3,0.8734,NOMINAL,0
2026-01-15T05:47:10Z,SAT-1004,27.43,21.45,1478.7,0.6356,NOMINAL,0
2026-01-15T05:47:20Z,SAT-1005,28.099,21.83,1515.7,0.7408,NOMINAL,0
2026-01-15T05:47:30Z,SAT-1006,28.525,21.96,1522.3,0.7015,NOMINAL,0
2026-01-15T05:47:40Z,SAT-1000,28.045,21.95,1484.2,0.9455,NOMINAL,0
2026-01-15T05:47:50Z,SAT-1001,27.677,21.82,1509.3,0.7455,NOMINAL,0
2026-01-15T05:48:00Z,SAT-1002,27.333,21.31,1502.4,0.7051,NOMINAL,0
2026-01-15T05:48:10Z,SAT-1003,27.882,21.45,1510.0,0.8898,NOMINAL,0
2026-01-15T05:48:20Z,SAT-1004,27.957,21.95,1485.1,0.8729,NOMINAL,0
2026-01-15T05:48:30Z,SAT-1005,27.889,22.02,1662.0,0.9028,SAFE_HOLD,1
2026-01-15T05:48:40Z,SAT-1006,28.166,21.76,1476.0,0.8914,NOMINAL,0
2026-01-15T05:48:50Z,SAT-1000,27.618,21.27,1458.0,0.9194,NOMINAL,0
2026-01-15T05:49:00Z,SAT-1001,28.494,21.51,1526.7,0.99,NOMINAL,0
2026-01-15T05:49:10Z,SAT-1002,27.728,22.32,1499.5,0.9548,NOMINAL,0
2026-01-15T05:49:20Z,SAT-1003,27.999,21.69,1467.2,0.7293,NOMINAL,0
2026-01-15T05:49:30Z,SAT-1004,27.678,21.83,1501.2,0.9511,NOMINAL,0
2026-01-15T05:49:40Z,SAT-1005,27.579,21.52,1497.4,0.8979,NOMINAL,0
2026-01-15T05:49:50Z,SAT-1006,28.614,22.23,1442.9,0.6715,NOMINAL,0
2026-01-15T05:50:00Z,SAT-1000,27.767,20.35,1511.8,0.8865,NOMINAL,0
2026-01-15T05:50:10Z,SAT-1001,27.661,19.88,1483.1,0.717,NOMINAL,0
2026-01-15T05:50:20Z,SAT-1002,27.738,19.87,1479.5,0.9734,STANDBY,0
2026-01-15T05:50:30Z,SAT-1003,28.128,20.09,1469.0,0.7024,NOMINAL,0
2026-01-15T05:50:40Z,SAT-1004,27.16,20.14,1470.6,0.6573,NOMINAL,0
2026-01-15T05:50:50Z,SAT-1005,28.478,20.07,1528.7,0.9541,NOMINAL,0
2026-01-15T05:51:00Z,SAT-1006,28.217,19.64,1493.4,0.9555,NOMINAL,0
2026-01-15T05:51:10Z,SAT-1000,27.498,19.8,1501.1,0.8195,NOMINAL,0
2026-01-15T05:51:20Z,SAT-1001,28.045,20.54,1531.3,0.7639,NOMINAL,0
2026-01-15T05:51:30Z,SAT-1002,28.515,20.05,1468.0,0.8492,NOMINAL,0
2026-01-15T05:51:40Z,SAT-1003,27.446,20.2,1499.0,0.8051,NOMINAL,0
2026-01-15T05:51:50Z,SAT-1004,27.557,20.49,1492.4,0.8018,NOMINAL,0
2026-01-15T05:52:00Z,SAT-1005,27.26,19.97,1501.4,0.953,NOMINAL,0
2026-01-15T05:52:10Z,SAT-1006,27.879,20.1,1474.6,0.7917,NOMINAL,0
2026-01-15T05:52:20Z,SAT-1000,27.545,20.42,1501.9,0.8529,NOMINAL,0
2026-01-15T05:52:30Z,SAT-1001,27.174,20.58,1491.0,0.9995,NOMINAL,0
2026-01-15T05:52:40Z,SAT-1002,28.118,19.99,1516.5,0.7704,STANDBY,0
2026-01-15T05:52:50Z,SAT-1003,27.644,20.47,1730.2,0.7009,SAFE_HOLD,1
2026-01-15T05:53:00Z,SAT-1004,28.262,20.81,1523.0,0.7022,NOMINAL,0
2026-01-15T05:53:10Z,SAT-1005,28.029,20.54,1505.2,0.6848,NOMINAL,0
2026-01-15T05:53:20Z,SAT-1006,26.947,19.95,1489.4,0.8935,NOMINAL,0
2026-01-15T05:53:30Z,SAT-1000,27.611,20.85,1489.1,0.6938,NOMINAL,0
2026-01-15T05:53:40Z,SAT-1001,27.786,20.17,1501.8,0.9849,NOMINAL,0
2026-01-15T05:53:50Z,SAT-1002,27.571,20.3,1534.2,0.637,NOMINAL,0
2026-01-15T05:54:00Z,SAT-1003,28.393,20.83,1480.6,0.976,NOMINAL,0
2026-01-15T05:54:10Z,SAT-1004,28.357,20.71,1528.6,0.7517,NOMINAL,0
2026-01-15T05:54:20Z,SAT-1005,27.977,20.6,1489.5,0.705,NOMINAL,0
2026-01-15T05:54:30Z,SAT-1006,26.944,20.59,1499.0,0.6107,NOMINAL,0
2026-01-15T05:54:40Z,SAT-1000,27.829,20.56,1535.6,0.8637,NOMINAL,0
2026-01-15T05:54:50Z,SAT-1001,27.95,20.38,1501.7,0.6145,NOMINAL,0
2026-01-15T05:55:00Z,SAT-1002,27.436,20.72,1499.4,0.6127,NOMINAL,0
2026-01-15T05:55:10Z,SAT-1003,27.633,20.63,1543.8,0.8587,NOMINAL,0
2026-01-15T05:55:20Z,SAT-1004,28.269,20.77,1515.0,0.652,NOMINAL,0
2026-01-15T05:55:30Z,SAT-1005,28.174,19.82,1505.0,0.8617,NOMINAL,0
2026-01-15T05:55:40Z,SAT-1006,28.388,20.6,1495.3,0.9014,NOMINAL,0
2026-01-15T05:55:50Z,SAT-1000,28.103,21.28,1498.4,0.9259,NOMINAL,0
2026-01-15T05:56:00Z,SAT-1001,27.373,20.66,1499.5,0.9981,STANDBY,0
2026-01-15T05:56:10Z,SAT-1002,28.157,21.55,1506.0,0.6291,NOMINAL,0
2026-01-15T05:56:20Z,SAT-1003,27.632,20.66,1509.8,0.888,NOMINAL,0
2026-01-15T05:56:30Z,SAT-1004,28.369,20.78,1529.1,0.7195,NOMINAL,0
2026-01-15T05:56:40Z,SAT-1005,27.195,20.89,1533.7,0.9416,NOMINAL,0
2026-01-15T05:56:50Z,SAT-1006,28.492,20.81,1504.5,0.6644,NOMINAL,0
2026-01-15T05:57:00Z,SAT-1000,27.9,20.56,1507.6,0.7286,NOMINAL,0
2026-01-15T05:57:10Z,SAT-1001,27.412,20.3,1463.5,0.6333,NOMINAL,0
2026-01-15T05:57:20Z,SAT-1002,27.732,21.12,1448.6,0.9577,NOMINAL,0
2026-01-15T05:57:30Z,SAT-1003,28.251,20.46,1503.9,0.7598,NOMINAL,0
2026-01-15T05:57:40Z,SAT-1004,27.98,20.97,1458.2,0.6869,NOMINAL,0
2026-01-15T05:57:50Z,SAT-1005,27.531,20.7,1488.9,0.6587,NOMINAL,0
2026-01-15T05:58:00Z,SAT-1006,28.532,20.9,1527.7,0.8512,NOMINAL,0
2026-01-15T05:58:10Z,SAT-1000,28.151,21.31,1516.9,0.6958,NOMINAL,0
2026-01-15T05:58:20Z,SAT-1001,28.235,20.97,1492.4,0.8488,NOMINAL,0
2026-01-15T05:58:30Z,SAT-1002,27.813,20.8,1497.9,0.8622,NOMINAL,0
2026-01-15T05:58:40Z,SAT-1003,28.681,20.91,1460.5,0.7485,NOMINAL,0
2026-01-15T05:58:50Z,SAT-1004,27.958,21.76,1493.7,0.7219,STANDBY,0
2026-01-15T05:59:00Z,SAT-1005,28.608,21.15,1502.1,0.9218,NOMINAL,0
2026-01-15T05:59:10Z,SAT-1006,27.885,21.57,1534.3,0.7515,NOMINAL,0
2026-01-15T05:59:20Z,SAT-1000,27.826,21.37,1470.4,0.7727,NOMINAL,0
2026-01-15T05:59:30Z,SAT-1001,28.276,20.52,1524.6,0.9561,NOMINAL,0
2026-01-15T05:59:40Z,SAT-1002,28.7,20.7,1499.6,0.8504,NOMINAL,0
2026-01-15T05:59:50Z,SAT-1003,27.634,21.32,1527.6,0.942,NOMINAL,0
2026-01-15T06:00:00Z,SAT-1004,27.665,20.71,1454.2,0.6232,NOMINAL,0
2026-01-15T06:00:10Z,SAT-1005,27.917,21.13,1554.0,0.9317,NOMINAL,0
2026-01-15T06:00:20Z,SAT-1006,28.384,21.72,1420.7,0.9779,NOMINAL,0
2026-01-15T06:00:30Z,SAT-1000,28.095,21.49,1529.1,0.8733,NOMINAL,0
2026-01-15T06:00:40Z,SAT-1001,27.58,21.0,1459.5,0.9847,NOMINAL,0
2026-01-15T06:00:50Z,SAT-1002,27.934,21.43,1533.1,0.8256,NOMINAL,0
2026-01-15T06:01:00Z,SAT-1003,27.88,21.76,1503.8,0.9785,NOMINAL,0
2026-01-15T06:01:10Z,SAT-1004,27.598,20.81,1472.7,0.9986,NOMINAL,0
2026-01-15T06:01:20Z,SAT-1005,27.661,20.93,1480.5,0.7466,NOMINAL,0
2026-01-15T06:01:30Z,SAT-1006,28.33,21.72,1581.4,0.8439,NOMINAL,0
2026-01-15T06:01:40Z,SAT-1000,27.976,20.74,1499.2,0.9983,NOMINAL,0
2026-01-15T06:01:50Z,SAT-1001,27.584,21.71,1472.9,0.871,NOMINAL,0
2026-01-15T06:02:00Z,SAT-1002,27.61,21.09,1519.2,0.9061,NOMINAL,0
2026-01-15T06:02:10Z,SAT-1003,27.544,21.7,1700.2,0.6924,SAFE_HOLD,1
2026-01-15T06:02:20Z,SAT-1004,28.217,21.15,1511.4,0.8011,NOMINAL,0
2026-01-15T06:02:30Z,SAT-1005,28.322,21.74,1539.6,0.8274,NOMINAL,0
2026-01-15T06:02:40Z,SAT-1006,28.077,21.53,1512.6,0.8441,NOMINAL,0
2026-01-15T06:02:50Z,SAT-1000,28.115,22.12,1690.2,0.7164,SAFE_HOLD,1
2026-01-15T06:03:00Z,SAT-1001,28.108,21.98,1518.3,0.6082,NOMINAL,0
2026-01-15T06:03:10Z,SAT-1002,28.281,21.99,1483.8,0.6548,NOMINAL,0
2026-01-15T06:03:20Z,SAT-1003,27.89,21.31,1527.6,0.8616,NOMINAL,0
2026-01-15T06:03:30Z,SAT-1004,28.29,21.57,1513.6,0.7314,NOMINAL,0
2026-01-15T06:03:40Z,SAT-1005,27.71,21.47,1471.7,0.6235,NOMINAL,0
2026-01-15T06:03:50Z,SAT-1006,27.63,21.26,1528.4,0.9733,NOMINAL,0
2026-01-15T06:04:00Z,SAT-1000,28.29,21.18,1531.2,0.8183,NOMINAL,0
2026-01-15T06:04:10Z,SAT-1001,27.871,21.44,1511.8,0.9298,NOMINAL,0
2026-01-15T06:04:20Z,SAT-1002,28.043,21.31,1536.4,0.8977,NOMINAL,0
2026-01-15T06:04:30Z,SAT-1003,27.893,21.76,1526.0,0.9511,NOMINAL,0
2026-01-15T06:04:40Z,SAT-1004,28.141,22.17,1493.9,0.9091,NOMINAL,0
2026-01-15T06:04:50Z,SAT-1005,27.838,21.7,1730.4,0.835,SAFE_HOLD,1
2026-01-15T06:05:00Z,SAT-1006,28.238,21.77,1500.6,0.9947,NOMINAL,0
2026-01-15T06:05:10Z,SAT-1000,28.53,21.87,1517.1,0.6615,NOMINAL,0
2026-01-15T06:05:20Z,SAT-1001,27.848,21.91,1496.0,0.668,NOMINAL,0
2026-01-15T06:05:30Z,SAT-1002,28.029,21.53,1505.5,0.6121,NOMINAL,0
2026-01-15T06:05:40Z,SAT-1003,28.426,21.78,1509.8,0.6072,NOMINAL,0
2026-01-15T06:05:50Z,SAT-1004,27.675,22.03,1482.7,0.8035,NOMINAL,0
2026-01-15T06:06:00Z,SAT-1005,27.378,22.42,1497.8,0.8251,STANDBY,0
2026-01-15T06:06:10Z,SAT-1006,28.451,22.28,1499.0,0.8028,NOMINAL,0
2026-01-15T06:06:20Z,SAT-1000,28.132,21.97,1481.9,0.9356,NOMINAL,0
2026-01-15T06:06:30Z,SAT-1001,27.684,22.27,1500.3,0.7398,NOMINAL,0
2026-01-15T06:06:40Z,SAT-1002,28.032,20.06,1499.6,0.9105,STANDBY,0
2026-01-15T06:06:50Z,SAT-1003,28.161,20.22,1489.4,0.7404,NOMINAL,0
2026-01-15T06:07:00Z,SAT-1004,27.964,20.38,1552.6,0.777,NOMINAL,0
2026-01-15T06:07:10Z,SAT-1005,28.704,20.15,1461.5,0.6899,NOMINAL,0
2026-01-15T06:07:20Z,SAT-1006,27.496,20.46,1533.2,0.6025,NOMINAL,0
2026-01-15T06:07:30Z,SAT-1000,28.802,19.82,1504.9,0.8328,NOMINAL,0
2026-01-15T06:07:40Z,SAT-1001,28.276,20.01,1702.6,0.9225,SAFE_HOLD,1
2026-01-15T06:07:50Z,SAT-1002,27.585,20.22,1472.3,0.8022,NOMINAL,0
2026-01-15T06:08:00Z,SAT-1003,27.952,19.89,1508.1,0.7258,NOMINAL,0
2026-01-15T06:08:10Z,SAT-1004,27.975,20.2,1474.0,0.8769,NOMINAL,0
2026-01-15T06:08:20Z,SAT-1005,27.853,20.65,1518.6,0.8103,NOMINAL,0
2026-01-15T06:08:30Z,SAT-1006,27.582,20.22,1510.7,0.7507,NOMINAL,0
2026-01-15T06:08:40Z,SAT-1000,27.647,20.38,1442.4,0.8455,NOMINAL,0
2026-01-15T06:08:50Z,SAT-1001,28.547,20.24,1527.0,0.6351,NOMINAL,0
2026-01-15T06:09:00Z,SAT-1002,27.918,19.94,1463.0,0.7321,NOMINAL,0
2026-01-15T06:09:10Z,SAT-1003,27.846,20.44,1466.1,0.7045,NOMINAL,0
2026-01-15T06:09:20Z,SAT-1004,27.34,20.37,1495.2,0.9484,NOMINAL,0
2026-01-15T06:09:30Z,SAT-1005,28.028,20.15,1487.2,0.8553,NOMINAL,0
2026-01-15T06:09:40Z,SAT-1006,27.924,21.05,1484.0,0.8734,NOMINAL,0
2026-01-15T06:09:50Z,SAT-1000,27.489,19.99,1492.9,0.6267,NOMINAL,0
2026-01-15T06:10:00Z,SAT-1001,28.522,20.09,1482.0,0.607,NOMINAL,0
2026-01-15T06:10:10Z,SAT-1002,27.898,19.98,1526.1,0.6339,NOMINAL,0
2026-01-15T06:10:20Z,SAT-1003,27.561,20.54,1526.4,0.9133,NOMINAL,0
2026-01-15T06:10:30Z,SAT-1004,28.304,20.11,1523.0,0.8852,NOMINAL,0
2026-01-15T06:10:40Z,SAT-1005,28.193,20.84,1461.5,0.8221,NOMINAL,0
2026-01-15T06:10:50Z,SAT-1006,28.074,20.59,1534.9,0.7727,NOMINAL,0
2026-01-15T06:11:00Z,SAT-1000,27.928,20.11,1534.4,0.7913,NOMINAL,0
2026-01-15T06:11:10Z,SAT-1001,28.318,20.31,1528.4,0.9931,NOMINAL,0
2026-01-15T06:11:20Z,SAT-1002,28.418,21.06,1467.0,0.6783,NOMINAL,0
2026-01-15T06:11:30Z,SAT-1003,28.43,20.73,1510.9,0.9035,NOMINAL,0
2026-01-15T06:11:40Z,SAT-1004,28.072,20.11,1486.5,0.7777,NOMINAL,0
2026-01-15T06:11:50Z,SAT-1005,29.156,21.19,1456.8,0.7953,NOMINAL,0
2026-01-15T06:12:00Z,SAT-1006,28.106,20.55,1474.9,0.779,NOMINAL,0
2026-01-15T06:12:10Z,SAT-1000,27.774,20.16,1503.5,0.8593,NOMINAL,0
2026-01-15T06:12:20Z,SAT-1001,28.024,21.47,1463.9,0.6814,NOMINAL,0
2026-01-15T06:12:30Z,SAT-1002,28.206,20.4,1471.3,0.6417,NOMINAL,0
2026-01-15T06:12:40Z,SAT-1003,27.708,20.78,1483.4,0.9883,NOMINAL,0
2026-01-15T06:12:50Z,SAT-1004,27.612,20.67,1532.8,0.6327,NOMINAL,0
2026-01-15T06:13:00Z,SAT-1005,28.224,20.79,1477.0,0.7665,NOMINAL,0
2026-01-15T06:13:10Z,SAT-1006,28.643,21.13,1559.2,0.6394,NOMINAL,0
2026-01-15T06:13:20Z,SAT-1000,28.599,21.2,1516.1,0.8786,NOMINAL,0
2026-01-15T06:13:30Z,SAT-1001,28.706,20.7,1534.2,0.633,NOMINAL,0
2026-01-15T06:13:40Z,SAT-1002,28.122,20.52,1457.3,0.6799,NOMINAL,0
2026-01-15T06:13:50Z,SAT-1003,27.925,20.99,1501.7,0.8705,NOMINAL,0
2026-01-15T06:14:00Z,SAT-1004,28.556,20.83,1515.5,0.8366,NOMINAL,0
2026-01-15T06:14:10Z,SAT-1005,28.605,21.28,1449.6,0.6765,NOMINAL,0
2026-01-15T06:14:20Z,SAT-1006,27.67,20.45,1489.7,0.6605,STANDBY,0
2026-01-15T06:14:30Z,SAT-1000,28.066,20.81,1498.6,0.754,NOMINAL,0
2026-01-15T06:14:40Z,SAT-1001,28.078,20.28,1519.6,0.9253,NOMINAL,0
2026-01-15T06:14:50Z,SAT-1002,28.321,21.08,1548.1,0.8401,NOMINAL,0
2026-01-15T06:15:00Z,SAT-1003,28.009,20.73,1508.9,0.8699,NOMINAL,0
2026-01-15T06:15:10Z,SAT-1004,27.333,21.21,1515.7,0.8815,NOMINAL,0
2026-01-15T06:15:20Z,SAT-1005,27.338,21.16,1489.3,0.6197,NOMINAL,0
2026-01-15T06:15:30Z,SAT-1006,27.95,21.6,1454.0,0.8342,NOMINAL,0
2026-01-15T06:15:40Z,SAT-1000,28.001,20.91,1470.4,0.9495,NOMINAL,0
2026-01-15T06:15:50Z,SAT-1001,27.26,21.4,1476.9,0.9964,NOMINAL,0
2026-01-15T06:16:00Z,SAT-1002,28.152,20.55,1539.1,0.6949,NOMINAL,0
2026-01-15T06:16:10Z,SAT-1003,28.481,21.48,1505.0,0.6302,STANDBY,0
2026-01-15T06:16:20Z,SAT-1004,27.527,20.69,1511.1,0.7963,NOMINAL,0
2026-01-15T06:16:30Z,SAT-1005,28.002,21.38,1508.1,0.6359,NOMINAL,0
2026-01-15T06:16:40Z,SAT-1006,27.934,21.12,1498.0,0.7602,NOMINAL,0
2026-01-15T06:16:50Z,SAT-1000,27.224,21.3,1481.0,0.7072,NOMINAL,0
2026-01-15T06:17:00Z,SAT-1001,27.816,20.82,1543.1,0.7516,NOMINAL,0
2026-01-15T06:17:10Z,SAT-1002,28.149,21.7,1508.6,0.8235,NOMINAL,0
2026-01-15T06:17:20Z,SAT-1003,28.04,20.67,1482.3,0.6331,NOMINAL,0
2026-01-15T06:17:30Z,SAT-1004,28.106,21.19,1484.2,0.867,NOMINAL,0
2026-01-15T06:17:40Z,SAT-1005,27.332,21.72,1464.9,0.9727,NOMINAL,0
2026-01-15T06:17:50Z,SAT-1006,27.633,21.41,1495.5,0.7687,STANDBY,0
2026-01-15T06:18:00Z,SAT-1000,27.645,21.37,1475.3,0.7296,NOMINAL,0
2026-01-15T06:18:10Z,SAT-1001,28.074,21.53,1534.3,0.9182,NOMINAL,0
2026-01-15T06:18:20Z,SAT-1002,27.695,21.67,1494.8,0.8763,NOMINAL,0
2026-01-15T06:18:30Z,SAT-1003,28.014,21.62,1476.3,0.6625,NOMINAL,0
2026-01-15T06:18:40Z,SAT-1004,28.018,21.48,1487.3,0.6351,NOMINAL,0
2026-01-15T06:18:50Z,SAT-1005,28.015,21.55,1501.0,0.6845,NOMINAL,0
2026-01-15T06:19:00Z,SAT-1006,27.829,21.36,1485.0,0.9005,NOMINAL,0
2026-01-15T06:19:10Z,SAT-1000,27.993,21.79,1468.1,0.6195,NOMINAL,0
2026-01-15T06:19:20Z,SAT-1001,27.49,21.33,1509.4,0.9873,NOMINAL,0
2026-01-15T06:19:30Z,SAT-1002,27.582,21.48,1490.3,0.884,NOMINAL,0
2026-01-15T06:19:40Z,SAT-1003,27.619,21.0,1453.4,0.861,NOMINAL,0
2026-01-15T06:19:50Z,SAT-1004,27.983,22.01,1518.7,0.8752,NOMINAL,0
2026-01-15T06:20:00Z,SAT-1005,27.153,21.63,1708.0,0.6599,SAFE_HOLD,1
2026-01-15T06:20:10Z,SAT-1006,28.348,21.35,1507.7,0.7516,NOMINAL,0
2026-01-15T06:20:20Z,SAT-1000,27.272,21.72,1507.1,0.8044,NOMINAL,0
2026-01-15T06:20:30Z,SAT-1001,27.231,21.35,1504.1,0.9353,NOMINAL,0
2026-01-15T06:20:40Z,SAT-1002,28.816,21.28,1509.8,0.7089,NOMINAL,0
2026-01-15T06:20:50Z,SAT-1003,27.989,21.65,1491.6,0.7816,NOMINAL,0
2026-01-15T06:21:00Z,SAT-1004,28.188,22.1,1495.2,0.6479,NOMINAL,0
2026-01-15T06:21:10Z,SAT-1005,27.751,21.53,1460.0,0.755,NOMINAL,0
2026-01-15T06:21:20Z,SAT-1006,28.502,21.42,1500.3,0.9173,NOMINAL,0
2026-01-15T06:21:30Z,SAT-1000,27.14,22.26,1513.6,0.9906,NOMINAL,0
2026-01-15T06:21:40Z,SAT-1001,28.131,22.0,1499.0,0.6646,STANDBY,0
2026-01-15T06:21:50Z,SAT-1002,27.321,22.47,1498.2,0.6265,NOMINAL,0
2026-01-15T06:22:00Z,SAT-1003,28.241,21.95,1496.9,0.8545,NOMINAL,0
2026-01-15T06:22:10Z,SAT-1004,27.979,22.08,1529.3,0.6572,NOMINAL,0
2026-01-15T06:22:20Z,SAT-1005,28.207,21.77,1493.0,0.9864,NOMINAL,0
2026-01-15T06:22:30Z,SAT-1006,27.531,21.94,1499.4,0.6339,NOMINAL,0
2026-01-15T06:22:40Z,SAT-1000,27.59,21.68,1487.3,0.6026,NOMINAL,0
2026-01-15T06:22:50Z,SAT-1001,27.938,22.12,1513.1,0.9742,NOMINAL,0
2026-01-15T06:23:00Z,SAT-1002,28.484,22.26,1495.9,0.9357,NOMINAL,0
2026-01-15T06:23:10Z,SAT-1003,27.785,21.85,1534.6,0.6943,NOMINAL,0
2026-01-15T06:23:20Z,SAT-1004,28.305,20.39,1486.1,0.9754,NOMINAL,0
2026-01-15T06:23:30Z,SAT-1005,28.255,20.42,1486.3,0.7875,NOMINAL,0
2026-01-15T06:23:40Z,SAT-1006,28.055,20.21,1703.5,0.841,SAFE_HOLD,1
2026-01-15T06:23:50Z,SAT-1000,27.819,19.97,1520.0,0.875,NOMINAL,0
2026-01-15T06:24:00Z,SAT-1001,28.172,19.63,1432.4,0.8098,NOMINAL,0
2026-01-15T06:24:10Z,SAT-1002,28.44,19.96,1487.4,0.6316,NOMINAL,0
2026-01-15T06:24:20Z,SAT-1003,28.165,19.74,1472.1,0.7143,NOMINAL,0
2026-01-15T06:24:30Z,SAT-1004,28.4,20.04,1510.9,0.9282,STANDBY,0
2026-01-15T06:24:40Z,SAT-1005,27.861,20.25,1499.1,0.8736,NOMINAL,0
2026-01-15T06:24:50Z,SAT-1006,28.152,19.86,1449.3,0.7258,STANDBY,0
2026-01-15T06:25:00Z,SAT-1000,28.44,20.35,1764.6,0.8533,SAFE_HOLD,1
2026-01-15T06:25:10Z,SAT-1001,28.166,20.44,1580.8,0.6738,NOMINAL,0
2026-01-15T06:25:20Z,SAT-1002,28.153,19.96,1481.9,0.945,NOMINAL,0
2026-01-15T06:25:30Z,SAT-1003,28.264,20.42,1500.0,0.8174,NOMINAL,0
2026-01-15T06:25:40Z,SAT-1004,27.66,19.95,1484.7,0.6931,NOMINAL,0
2026-01-15T06:25:50Z,SAT-1005,27.85,20.34,1505.4,0.8914,NOMINAL,0
2026-01-15T06:26:00Z,SAT-1006,28.173,20.39,1456.9,0.693,STANDBY,0
2026-01-15T06:26:10Z,SAT-1000,28.118,19.64,1470.4,0.7372,STANDBY,0
2026-01-15T06:26:20Z,SAT-1001,28.337,20.3,1486.1,0.7204,NOMINAL,0
2026-01-15T06:26:30Z,SAT-1002,27.957,20.42,1473.8,0.9283,NOMINAL,0
2026-01-15T06:26:40Z,SAT-1003,27.467,20.98,1701.0,0.9281,SAFE_HOLD,1
2026-01-15T06:26:50Z,SAT-1004,27.479,20.18,1490.8,0.7358,NOMINAL,0
2026-01-15T06:27:00Z,SAT-1005,27.37,20.43,1516.7,0.8748,NOMINAL,0
2026-01-15T06:27:10Z,SAT-1006,28.31,20.89,1537.8,0.9426,NOMINAL,0
2026-01-15T06:27:20Z,SAT-1000,27.664,20.14,1489.9,0.7697,NOMINAL,0
2026-01-15T06:27:30Z,SAT-1001,28.181,20.67,1507.5,0.9879,STANDBY,0
2026-01-15T06:27:40Z,SAT-1002,27.678,20.68,1543.9,0.6975,NOMINAL,0
2026-01-15T06:27:50Z,SAT-1003,29.048,20.58,1480.4,0.6395,NOMINAL,0
2026-01-15T06:28:00Z,SAT-1004,28.437,20.97,1436.7,0.8139,NOMINAL,0
2026-01-15T06:28:10Z,SAT-1005,28.369,20.65,1476.4,0.7593,NOMINAL,0
2026-01-15T06:28:20Z,SAT-1006,27.242,20.56,1505.7,0.703,NOMINAL,0
2026-01-15T06:28:30Z,SAT-1000,27.695,20.66,1488.5,0.7572,STANDBY,0
2026-01-15T06:28:40Z,SAT-1001,28.099,21.17,1531.1,0.8013,NOMINAL,0
2026-01-15T06:28:50Z,SAT-1002,28.294,19.91,1539.1,0.8105,STANDBY,0
2026-01-15T06:29:00Z,SAT-1003,27.953,20.7,1548.7,0.7383,NOMINAL,0
2026-01-15T06:29:10Z,SAT-1004,27.624,21.13,1477.8,0.8043,NOMINAL,0
2026-01-15T06:29:20Z,SAT-1005,28.194,20.44,1499.5,0.9398,NOMINAL,0
2026-01-15T06:29:30Z,SAT-1006,27.949,20.21,1523.5,0.9525,NOMINAL,0
2026-01-15T06:29:40Z,SAT-1000,28.082,20.73,1502.3,0.674,NOMINAL,0
2026-01-15T06:29:50Z,SAT-1001,27.358,20.83,1459.6,0.8202,NOMINAL,0
2026-01-15T06:30:00Z,SAT-1002,28.328,20.92,1508.5,0.9919,NOMINAL,0
2026-01-15T06:30:10Z,SAT-1003,27.944,21.53,1518.3,0.6006,NOMINAL,0
2026-01-15T06:30:20Z,SAT-1004,28.205,20.63,1434.3,0.9261,NOMINAL,0
2026-01-15T06:30:30Z,SAT-1005,28.125,21.12,1477.7,0.8369,STANDBY,0
2026-01-15T06:30:40Z,SAT-1006,28.442,20.58,1521.7,0.8644,NOMINAL,0
2026-01-15T06:30:50Z,SAT-1000,27.671,21.16,1500.4,0.6721,NOMINAL,0
2026-01-15T06:31:00Z,SAT-1001,27.77,20.42,1486.5,0.7755,NOMINAL,0
2026-01-15T06:31:10Z,SAT-1002,27.413,20.97,1487.2,0.7496,NOMINAL,0
2026-01-15T06:31:20Z,SAT-1003,27.883,20.76,1506.9,0.9882,NOMINAL,0
2026-01-15T06:31:30Z,SAT-1004,27.449,21.21,1514.0,0.7905,NOMINAL,0
2026-01-15T06:31:40Z,SAT-1005,27.85,20.79,1504.8,0.6461,NOMINAL,0
2026-01-15T06:31:50Z,SAT-1006,28.034,20.23,1470.7,0.7436,NOMINAL,0
2026-01-15T06:32:00Z,SAT-1000,27.629,21.86,1470.6,0.8136,NOMINAL,0
2026-01-15T06:32:10Z,SAT-1001,29.051,21.23,1509.0,0.9617,NOMINAL,0
2026-01-15T06:32:20Z,SAT-1002,28.281,20.98,1517.5,0.7865,NOMINAL,0
2026-01-15T06:32:30Z,SAT-1003,28.123,20.86,1472.4,0.7321,NOMINAL,0
2026-01-15T06:32:40Z,SAT-1004,27.554,21.61,1479.1,0.9195,NOMINAL,0
2026-01-15T06:32:50Z,SAT-1005,28.136,21.41,1528.9,0.9929,NOMINAL,0
2026-01-15T06:33:00Z,SAT-1006,28.158,21.02,1516.4,0.9943,NOMINAL,0
2026-01-15T06:33:10Z,SAT-1000,28.147,21.11,1550.4,0.8727,NOMINAL,0
2026-01-15T06:33:20Z,SAT-1001,28.474,21.29,1548.0,0.9779,NOMINAL,0
2026-01-15T06:33:30Z,SAT-1002,27.962,21.13,1538.9,0.6064,NOMINAL,0
2026-01-15T06:33:40Z,SAT-1003,28.403,21.35,1504.3,0.8497,STANDBY,0
2026-01-15T06:33:50Z,SAT-1004,28.493,21.07,1508.1,0.9086,STANDBY,0
2026-01-15T06:34:00Z,SAT-1005,27.122,21.35,1443.0,0.9548,NOMINAL,0
2026-01-15T06:34:10Z,SAT-1006,27.818,21.12,1484.2,0.9917,NOMINAL,0
2026-01-15T06:34:20Z,SAT-1000,27.639,21.17,1535.0,0.7902,NOMINAL,0
2026-01-15T06:34:30Z,SAT-1001,27.765,21.12,1476.2,0.7818,NOMINAL,0
2026-01-15T06:34:40Z,SAT-1002,28.372,21.22,1694.0,0.9566,SAFE_HOLD,1
2026-01-15T06:34:50Z,SAT-1003,28.636,21.25,1509.4,0.617,NOMINAL,0
2026-01-15T06:35:00Z,SAT-1004,28.351,21.34,1533.0,0.8019,NOMINAL,0
2026-01-15T06:35:10Z,SAT-1005,27.692,21.33,1482.0,0.7123,NOMINAL,0
2026-01-15T06:35:20Z,SAT-1006,28.272,21.14,1508.1,0.6034,NOMINAL,0
2026-01-15T06:35:30Z,SAT-1000,28.112,22.03,1499.2,0.744,NOMINAL,0
2026-01-15T06:35:40Z,SAT-1001,27.786,21.66,1481.6,0.9433,NOMINAL,0
2026-01-15T06:35:50Z,SAT-1002,27.581,21.59,1482.6,0.8235,NOMINAL,0
2026-01-15T06:36:00Z,SAT-1003,28.134,21.5,1484.0,0.9811,NOMINAL,0
2026-01-15T06:36:10Z,SAT-1004,27.996,21.46,1555.4,0.7178,NOMINAL,0
2026-01-15T06:36:20Z,SAT-1005,27.153,21.81,1488.1,0.6271,NOMINAL,0
2026-01-15T06:36:30Z,SAT-1006,28.32,21.27,1486.1,0.8432,NOMINAL,0
2026-01-15T06:36:40Z,SAT-1000,28.695,21.76,1518.1,0.7521,NOMINAL,0
2026-01-15T06:36:50Z,SAT-1001,27.83,21.57,1520.7,0.7399,NOMINAL,0
2026-01-15T06:37:00Z,SAT-1002,28.157,21.86,1524.4,0.8274,NOMINAL,0
2026-01-15T06:37:10Z,SAT-1003,27.469,21.39,1488.3,0.9798,STANDBY,0
2026-01-15T06:37:20Z,SAT-1004,28.316,21.76,1493.9,0.6843,NOMINAL,0
2026-01-15T06:37:30Z,SAT-1005,28.428,21.61,1505.7,0.709,NOMINAL,0
2026-01-15T06:37:40Z,SAT-1006,28.652,21.97,1452.9,0.9036,NOMINAL,0
2026-01-15T06:37:50Z,SAT-1000,28.243,21.74,1553.2,0.8589,NOMINAL,0
2026-01-15T06:38:00Z,SAT-1001,28.016,22.06,1494.2,0.9681,STANDBY,0
2026-01-15T06:38:10Z,SAT-1002,28.247,21.82,1530.4,0.6038,NOMINAL,0
2026-01-15T06:38:20Z,SAT-1003,27.682,22.18,1504.9,0.9175,NOMINAL,0
2026-01-15T06:38:30Z,SAT-1004,28.266,21.73,1516.6,0.9377,NOMINAL,0
2026-01-15T06:38:40Z,SAT-1005,28.325,21.17,1497.1,0.6897,NOMINAL,0
2026-01-15T06:38:50Z,SAT-1006,27.923,22.09,1507.3,0.9212,NOMINAL,0
2026-01-15T06:39:00Z,SAT-1000,27.61,21.58,1482.9,0.8532,NOMINAL,0
2026-01-15T06:39:10Z,SAT-1001,28.131,21.49,1466.8,0.7133,NOMINAL,0
2026-01-15T06:39:20Z,SAT-1002,27.551,22.09,1452.8,0.6707,NOMINAL,0
2026-01-15T06:39:30Z,SAT-1003,28.545,21.86,1498.3,0.6829,NOMINAL,0
2026-01-15T06:39:40Z,SAT-1004,28.169,22.05,1507.7,0.9114,NOMINAL,0
2026-01-15T06:39:50Z,SAT-1005,27.619,22.32,1472.9,0.6447,NOMINAL,0
2026-01-15T06:40:00Z,SAT-1006,27.419,20.05,1523.3,0.8099,NOMINAL,0
2026-01-15T06:40:10Z,SAT-1000,28.862,19.88,1495.4,0.6911,NOMINAL,0
2026-01-15T06:40:20Z,SAT-1001,27.982,20.12,1532.2,0.7743,NOMINAL,0
2026-01-15T06:40:30Z,SAT-1002,27.377,20.17,1507.0,0.6933,NOMINAL,0
2026-01-15T06:40:40Z,SAT-1003,28.07,20.09,1523.6,0.6215,STANDBY,0
2026-01-15T06:40:50Z,SAT-1004,28.16,20.12,1506.3,0.8776,NOMINAL,0
2026-01-15T06:41:00Z,SAT-1005,27.839,20.34,1485.2,0.872,NOMINAL,0
2026-01-15T06:41:10Z,SAT-1006,27.896,19.7,1528.3,0.8782,NOMINAL,0
2026-01-15T06:41:20Z,SAT-1000,27.898,19.79,1470.7,0.6542,NOMINAL,0
2026-01-15T06:41:30Z,SAT-1001,27.672,20.59,1714.0,0.7522,SAFE_HOLD,1
2026-01-15T06:41:40Z,SAT-1002,28.384,19.64,1487.8,0.9967,NOMINAL,0
2026-01-15T06:41:50Z,SAT-1003,27.764,20.16,1536.6,0.9616,NOMINAL,0
2026-01-15T06:42:00Z,SAT-1004,27.222,20.06,1545.4,0.8,NOMINAL,0
2026-01-15T06:42:10Z,SAT-1005,28.137,20.37,1507.0,0.6095,NOMINAL,0
2026-01-15T06:42:20Z,SAT-1006,27.952,20.14,1496.9,0.7869,NOMINAL,0
2026-01-15T06:42:30Z,SAT-1000,28.724,20.2,1508.9,0.6372,NOMINAL,0
2026-01-15T06:42:40Z,SAT-1001,28.117,20.17,1461.6,0.6383,NOMINAL,0
2026-01-15T06:42:50Z,SAT-1002,28.095,20.12,1480.8,0.6347,NOMINAL,0
2026-01-15T06:43:00Z,SAT-1003,27.644,20.39,1449.8,0.8774,NOMINAL,0
2026-01-15T06:43:10Z,SAT-1004,27.994,20.77,1479.1,0.8352,NOMINAL,0
2026-01-15T06:43:20Z,SAT-1005,28.124,20.54,1506.8,0.9142,NOMINAL,0
2026-01-15T06:43:30Z,SAT-1006,27.665,20.44,1476.4,0.8835,NOMINAL,0
2026-01-15T06:43:40Z,SAT-1000,27.651,20.8,1460.5,0.797,NOMINAL,0
2026-01-15T06:43:50Z,SAT-1001,27.284,20.77,1483.0,0.6663,NOMINAL,0
2026-01-15T06:44:00Z,SAT-1002,28.327,20.75,1465.7,0.7384,NOMINAL,0
2026-01-15T06:44:10Z,SAT-1003,28.11,20.58,1438.5,0.6747,NOMINAL,0
2026-01-15T06:44:20Z,SAT-1004,27.452,20.24,1498.0,0.7928,NOMINAL,0
2026-01-15T06:44:30Z,SAT-1005,28.18,20.54,1498.3,0.6638,NOMINAL,0
2026-01-15T06:44:40Z,SAT-1006,27.427,20.2,1513.1,0.8809,NOMINAL,0
2026-01-15T06:44:50Z,SAT-1000,27.805,20.28,1478.8,0.884,NOMINAL,0
2026-01-15T06:45:00Z,SAT-1001,27.587,20.83,1481.0,0.8063,NOMINAL,0
2026-01-15T06:45:10Z,SAT-1002,27.395,20.37,1547.5,0.9836,NOMINAL,0
2026-01-15T06:45:20Z,SAT-1003,27.343,20.82,1515.0,0.8807,NOMINAL,0
2026-01-15T06:45:30Z,SAT-1004,28.723,20.48,1514.8,0.6019,NOMINAL,0
2026-01-15T06:45:40Z,SAT-1005,28.409,20.66,1513.6,0.625,NOMINAL,0
2026-01-15T06:45:50Z,SAT-1006,28.0,20.63,1458.4,0.7144,NOMINAL,0
2026-01-15T06:46:00Z,SAT-1000,28.136,20.61,1517.0,0.9848,NOMINAL,0
2026-01-15T06:46:10Z,SAT-1001,27.595,21.12,1515.4,0.8527,NOMINAL,0
2026-01-15T06:46:20Z,SAT-1002,28.107,20.83,1527.5,0.748,NOMINAL,0
2026-01-15T06:46:30Z,SAT-1003,27.884,20.66,1509.3,0.875,STANDBY,0
2026-01-15T06:46:40Z,SAT-1004,28.069,20.85,1526.0,0.8111,NOMINAL,0
2026-01-15T06:46:50Z,SAT-1005,28.023,20.43,1498.3,0.6466,NOMINAL,0
2026-01-15T06:47:00Z,SAT-1006,28.214,20.79,1481.3,0.6006,STANDBY,0
2026-01-15T06:47:10Z,SAT-1000,27.731,20.89,1531.6,0.8925,NOMINAL,0
2026-01-15T06:47:20Z,SAT-1001,27.842,20.71,1515.5,0.9752,NOMINAL,0
2026-01-15T06:47:30Z,SAT-1002,28.102,20.67,1526.7,0.719,NOMINAL,0
2026-01-15T06:47:40Z,SAT-1003,28.199,20.63,1459.3,0.7779,NOMINAL,0
2026-01-15T06:47:50Z,SAT-1004,28.232,21.14,1467.9,0.8041,NOMINAL,0
2026-01-15T06:48:00Z,SAT-1005,27.838,20.92,1486.4,0.8545,NOMINAL,0
2026-01-15T06:48:10Z,SAT-1006,28.14,20.58,1482.8,0.7764,NOMINAL,0
2026-01-15T06:48:20Z,SAT-1000,28.733,20.75,1501.6,0.7178,NOMINAL,0
2026-01-15T06:48:30Z,SAT-1001,27.924,21.17,1529.7,0.6108,NOMINAL,0
2026-01-15T06:48:40Z,SAT-1002,27.641,20.92,1491.1,0.982,NOMINAL,0
2026-01-15T06:48:50Z,SAT-1003,28.081,20.6,1499.0,0.7007,NOMINAL,0
2026-01-15T06:49:00Z,SAT-1004,28.504,21.13,1515.2,0.6339,NOMINAL,0
2026-01-15T06:49:10Z,SAT-1005,27.845,20.87,1701.2,0.8793,SAFE_HOLD,1
2026-01-15T06:49:20Z,SAT-1006,26.941,21.6,1522.8,0.6325,NOMINAL,0
2026-01-15T06:49:30Z,SAT-1000,27.604,21.37,1453.7,0.7493,NOMINAL,0
2026-01-15T06:49:40Z,SAT-1001,27.227,21.32,1493.8,0.9031,NOMINAL,0
2026-01-15T06:49:50Z,SAT-1002,27.32,21.32,1508.6,0.6199,NOMINAL,0
2026-01-15T06:50:00Z,SAT-1003,28.525,21.07,1480.5,0.6713,NOMINAL,0
2026-01-15T06:50:10Z,SAT-1004,28.393,21.35,1576.9,0.8131,NOMINAL,0
2026-01-15T06:50:20Z,SAT-1005,28.376,21.29,1675.5,0.8475,SAFE_HOLD,1
2026-01-15T06:50:30Z,SAT-1006,28.424,20.84,1538.1,0.7027,STANDBY,0
2026-01-15T06:50:40Z,SAT-1000,28.259,21.48,1539.5,0.7642,NOMINAL,0
2026-01-15T06:50:50Z,SAT-1001,27.671,21.43,1498.2,0.9256,NOMINAL,0
2026-01-15T06:51:00Z,SAT-1002,28.154,21.17,1540.6,0.7071,NOMINAL,0
2026-01-15T06:51:10Z,SAT-1003,28.087,21.36,1548.8,0.6497,NOMINAL,0
2026-01-15T06:51:20Z,SAT-1004,28.219,20.98,1523.2,0.6924,NOMINAL,0
2026-01-15T06:51:30Z,SAT-1005,28.376,21.12,1532.0,0.8843,NOMINAL,0
2026-01-15T06:51:40Z,SAT-1006,27.428,21.19,1505.3,0.6635,NOMINAL,0
2026-01-15T06:51:50Z,SAT-1000,27.882,21.36,1520.0,0.8106,NOMINAL,0
2026-01-15T06:52:00Z,SAT-1001,27.94,21.46,1483.1,0.6595,NOMINAL,0
2026-01-15T06:52:10Z,SAT-1002,27.956,21.51,1496.8,0.8093,NOMINAL,0
2026-01-15T06:52:20Z,SAT-1003,28.501,21.33,1480.7,0.6336,NOMINAL,0
2026-01-15T06:52:30Z,SAT-1004,28.245,21.71,1477.3,0.8845,NOMINAL,0
2026-01-15T06:52:40Z,SAT-1005,27.995,21.63,1496.4,0.9905,NOMINAL,0
2026-01-15T06:52:50Z,SAT-1006,27.768,21.24,1502.1,0.8965,NOMINAL,0
2026-01-15T06:53:00Z,SAT-1000,28.243,21.34,1545.3,0.7867,NOMINAL,0
2026-01-15T06:53:10Z,SAT-1001,27.926,21.14,1517.3,0.6614,NOMINAL,0
2026-01-15T06:53:20Z,SAT-1002,27.484,21.38,1470.5,0.8654,NOMINAL,0
2026-01-15T06:53:30Z,SAT-1003,28.634,21.86,1510.4,0.6161,NOMINAL,0
2026-01-15T06:53:40Z,SAT-1004,28.611,21.12,1521.6,0.7827,NOMINAL,0
2026-01-15T06:53:50Z,SAT-1005,27.909,21.87,1497.2,0.6593,NOMINAL,0
2026-01-15T06:54:00Z,SAT-1006,28.127,21.93,1495.6,0.9298,STANDBY,0
2026-01-15T06:54:10Z,SAT-1000,27.804,22.28,1517.0,0.8943,NOMINAL,0
2026-01-15T06:54:20Z,SAT-1001,28.12,21.67,1516.7,0.8482,NOMINAL,0
2026-01-15T06:54:30Z,SAT-1002,28.396,22.03,1722.1,0.8669,SAFE_HOLD,1
2026-01-15T06:54:40Z,SAT-1003,28.174,21.91,1485.1,0.9149,NOMINAL,0
2026-01-15T06:54:50Z,SAT-1004,28.356,21.76,1529.8,0.9474,NOMINAL,0
2026-01-15T06:55:00Z,SAT-1005,28.073,20.87,1541.5,0.8437,NOMINAL,0
2026-01-15T06:55:10Z,SAT-1006,28.301,21.62,1468.0,0.6812,NOMINAL,0
2026-01-15T06:55:20Z,SAT-1000,28.505,21.37,1541.4,0.8624,NOMINAL,0
2026-01-15T06:55:30Z,SAT-1001,27.546,21.38,1526.8,0.6931,NOMINAL,0
2026-01-15T06:55:40Z,SAT-1002,28.034,21.74,1494.1,0.871,STANDBY,0
2026-01-15T06:55:50Z,SAT-1003,28.321,21.85,1514.7,0.8993,NOMINAL,0
2026-01-15T06:56:00Z,SAT-1004,28.411,21.91,1461.8,0.863,NOMINAL,0
2026-01-15T06:56:10Z,SAT-1005,27.782,21.69,1468.8,0.898,NOMINAL,0
2026-01-15T06:56:20Z,SAT-1006,27.841,22.17,1442.8,0.6033,NOMINAL,0
2026-01-15T06:56:30Z,SAT-1000,27.206,21.65,1531.7,0.8795,STANDBY,0
2026-01-15T06:56:40Z,SAT-1001,28.456,19.94,1490.9,0.9037,NOMINAL,0
2026-01-15T06:56:50Z,SAT-1002,27.628,20.0,1486.8,0.6322,NOMINAL,0
2026-01-15T06:57:00Z,SAT-1003,26.835,19.47,1504.8,0.6807,NOMINAL,0
2026-01-15T06:57:10Z,SAT-1004,28.421,20.5,1505.3,0.7927,NOMINAL,0
2026-01-15T06:57:20Z,SAT-1005,27.767,20.04,1445.4,0.8251,NOMINAL,0
2026-01-15T06:57:30Z,SAT-1006,28.171,19.75,1465.0,0.7374,NOMINAL,0
2026-01-15T06:57:40Z,SAT-1000,28.704,20.17,1516.2,0.7009,NOMINAL,0
2026-01-15T06:57:50Z,SAT-1001,27.728,19.9,1709.2,0.7953,SAFE_HOLD,1
2026-01-15T06:58:00Z,SAT-1002,27.277,20.42,1692.0,0.9216,SAFE_HOLD,1
2026-01-15T06:58:10Z,SAT-1003,28.52,20.41,1476.9,0.657,NOMINAL,0
2026-01-15T06:58:20Z,SAT-1004,28.004,20.21,1522.6,0.8829,NOMINAL,0
2026-01-15T06:58:30Z,SAT-1005,28.181,20.32,1489.8,0.6644,NOMINAL,0
2026-01-15T06:58:40Z,SAT-1006,27.541,20.25,1483.7,0.9085,NOMINAL,0
2026-01-15T06:58:50Z,SAT-1000,26.774,20.37,1476.3,0.6056,NOMINAL,0
2026-01-15T06:59:00Z,SAT-1001,27.951,19.3,1494.0,0.6539,NOMINAL,0
2026-01-15T06:59:10Z,SAT-1002,28.372,20.25,1497.9,0.7383,NOMINAL,0
2026-01-15T06:59:20Z,SAT-1003,28.387,20.29,1491.7,0.7889,NOMINAL,0
2026-01-15T06:59:30Z,SAT-1004,27.793,20.59,1474.3,0.8647,NOMINAL,0
2026-01-15T06:59:40Z,SAT-1005,27.98,20.61,1478.3,0.8641,NOMINAL,0
2026-01-15T06:59:50Z,SAT-1006,27.694,20.71,1542.6,0.8767,NOMINAL,0
2026-01-15T07:00:00Z,SAT-1000,28.058,20.59,1513.5,0.9038,NOMINAL,0
2026-01-15T07:00:10Z,SAT-1001,28.337,20.34,1554.5,0.6379,NOMINAL,0
2026-01-15T07:00:20Z,SAT-1002,28.348,20.11,1527.5,0.7947,NOMINAL,0
2026-01-15T07:00:30Z,SAT-1003,27.883,20.45,1506.8,0.7369,STANDBY,0
2026-01-15T07:00:40Z,SAT-1004,28.732,20.37,1545.3,0.7279,NOMINAL,0
2026-01-15T07:00:50Z,SAT-1005,27.746,20.46,1504.5,0.7951,NOMINAL,0
2026-01-15T07:01:00Z,SAT-1006,27.483,20.23,1549.3,0.6016,NOMINAL,0
2026-01-15T07:01:10Z,SAT-1000,27.852,20.83,1739.7,0.9362,SAFE_HOLD,1
2026-01-15T07:01:20Z,SAT-1001,28.538,20.45,1505.6,0.9789,NOMINAL,0
2026-01-15T07:01:30Z,SAT-1002,27.929,20.46,1505.4,0.8257,NOMINAL,0
2026-01-15T07:01:40Z,SAT-1003,27.695,20.59,1515.5,0.7808,NOMINAL,0
2026-01-15T07:01:50Z,SAT-1004,27.857,20.57,1479.4,0.911,NOMINAL,0
2026-01-15T07:02:00Z,SAT-1005,27.938,20.39,1571.1,0.7723,NOMINAL,0
2026-01-15T07:02:10Z,SAT-1006,27.625,20.4,1519.7,0.9194,NOMINAL,0
2026-01-15T07:02:20Z,SAT-1000,28.337,20.11,1508.7,0.8516,NOMINAL,0
2026-01-15T07:02:30Z,SAT-1001,27.427,21.02,1484.2,0.6334,NOMINAL,0
2026-01-15T07:02:40Z,SAT-1002,28.209,20.58,1493.9,0.6686,NOMINAL,0
2026-01-15T07:02:50Z,SAT-1003,28.109,21.17,1532.5,0.7367,NOMINAL,0
2026-01-15T07:03:00Z,SAT-1004,28.14,20.83,1498.7,0.8597,NOMINAL,0
2026-01-15T07:03:10Z,SAT-1005,28.419,20.74,1463.4,0.6028,NOMINAL,0
2026-01-15T07:03:20Z,SAT-1006,27.522,21.19,1477.6,0.8979,NOMINAL,0
2026-01-15T07:03:30Z,SAT-1000,27.616,21.25,1518.0,0.785,NOMINAL,0
2026-01-15T07:03:40Z,SAT-1001,27.61,21.17,1461.6,0.6583,NOMINAL,0
2026-01-15T07:03:50Z,SAT-1002,27.536,21.38,1506.2,0.8384,NOMINAL,0
2026-01-15T07:04:00Z,SAT-1003,27.743,20.59,1680.8,0.702,SAFE_HOLD,1
2026-01-15T07:04:10Z,SAT-1004,27.997,20.7,1457.7,0.7578,STANDBY,0
2026-01-15T07:04:20Z,SAT-1005,28.09,21.03,1528.1,0.9106,NOMINAL,0
2026-01-15T07:04:30Z,SAT-1006,27.959,20.5,1554.1,0.7772,NOMINAL,0
2026-01-15T07:04:40Z,SAT-1000,28.127,21.36,1536.5,0.9577,NOMINAL,0
2026-01-15T07:04:50Z,SAT-1001,28.331,21.0,1466.8,0.8904,NOMINAL,0
2026-01-15T07:05:00Z,SAT-1002,27.838,21.17,1457.9,0.7104,NOMINAL,0
2026-01-15T07:05:10Z,SAT-1003,27.746,21.14,1489.9,0.601,NOMINAL,0
2026-01-15T07:05:20Z,SAT-1004,28.027,21.13,1500.3,0.8527,NOMINAL,0
2026-01-15T07:05:30Z,SAT-1005,27.835,21.35,1563.1,0.6405,NOMINAL,0
2026-01-15T07:05:40Z,SAT-1006,28.004,21.05,1452.9,0.7877,NOMINAL,0
2026-01-15T07:05:50Z,SAT-1000,27.814,21.09,1448.0,0.7422,NOMINAL,0
2026-01-15T07:06:00Z,SAT-1001,28.106,20.86,1525.2,0.9303,NOMINAL,0
2026-01-15T07:06:10Z,SAT-1002,28.246,20.98,1680.6,0.9177,SAFE_HOLD,1
2026-01-15T07:06:20Z,SAT-1003,27.726,21.24,1492.5,0.6684,NOMINAL,0
2026-01-15T07:06:30Z,SAT-1004,28.305,21.34,1691.6,0.7013,SAFE_HOLD,1
2026-01-15T07:06:40Z,SAT-1005,28.191,21.32,1476.3,0.6851,NOMINAL,0
2026-01-15T07:06:50Z,SAT-1006,27.835,20.78,1507.0,0.6094,NOMINAL,0
2026-01-15T07:07:00Z,SAT-1000,28.333,21.62,1526.8,0.8389,NOMINAL,0
2026-01-15T07:07:10Z,SAT-1001,28.042,21.73,1472.4,0.8091,NOMINAL,0
2026-01-15T07:07:20Z,SAT-1002,28.531,20.78,1528.1,0.8016,NOMINAL,0
2026-01-15T07:07:30Z,SAT-1003,27.556,21.62,1484.4,0.6576,NOMINAL,0
2026-01-15T07:07:40Z,SAT-1004,27.387,20.88,1444.8,0.8431,NOMINAL,0
2026-01-15T07:07:50Z,SAT-1005,27.799,21.0,1507.8,0.6026,NOMINAL,0
2026-01-15T07:08:00Z,SAT-1006,27.824,21.08,1519.6,0.6917,NOMINAL,0
2026-01-15T07:08:10Z,SAT-1000,27.865,21.27,1489.1,0.9905,NOMINAL,0
2026-01-15T07:08:20Z,SAT-1001,27.841,22.0,1535.2,0.7684,NOMINAL,0
2026-01-15T07:08:30Z,SAT-1002,27.797,21.59,1505.1,0.9875,NOMINAL,0
2026-01-15T07:08:40Z,SAT-1003,28.175,21.33,1483.3,0.7446,NOMINAL,0
2026-01-15T07:08:50Z,SAT-1004,27.151,21.7,1475.4,0.8856,NOMINAL,0
2026-01-15T07:09:00Z,SAT-1005,28.025,21.57,1531.5,0.8325,STANDBY,0
2026-01-15T07:09:10Z,SAT-1006,27.301,21.66,1536.6,0.9111,NOMINAL,0
2026-01-15T07:09:20Z,SAT-1000,27.66,21.17,1491.4,0.8205,NOMINAL,0
2026-01-15T07:09:30Z,SAT-1001,27.797,21.99,1518.8,0.7544,NOMINAL,0
2026-01-15T07:09:40Z,SAT-1002,27.638,21.73,1461.6,0.6772,NOMINAL,0
2026-01-15T07:09:50Z,SAT-1003,28.25,21.51,1536.5,0.8527,NOMINAL,0
2026-01-15T07:10:00Z,SAT-1004,27.753,21.38,1500.4,0.8373,NOMINAL,0
2026-01-15T07:10:10Z,SAT-1005,27.957,21.19,1438.8,0.9692,STANDBY,0
2026-01-15T07:10:20Z,SAT-1006,28.263,22.4,1465.7,0.7857,NOMINAL,0
2026-01-15T07:10:30Z,SAT-1000,27.187,21.65,1492.0,0.9273,NOMINAL,0
2026-01-15T07:10:40Z,SAT-1001,27.772,22.13,1533.5,0.9208,NOMINAL,0
2026-01-15T07:10:50Z,SAT-1002,28.154,21.51,1450.4,0.8684,NOMINAL,0
2026-01-15T07:11:00Z,SAT-1003,28.262,21.46,1490.0,0.8725,NOMINAL,0
2026-01-15T07:11:10Z,SAT-1004,28.07,21.8,1451.6,0.8455,NOMINAL,0
2026-01-15T07:11:20Z,SAT-1005,27.38,22.08,1510.4,0.7031,NOMINAL,0
2026-01-15T07:11:30Z,SAT-1006,28.113,21.94,1562.1,0.6175,NOMINAL,0
2026-01-15T07:11:40Z,SAT-1000,28.805,22.18,1504.3,0.7035,NOMINAL,0
2026-01-15T07:11:50Z,SAT-1001,28.31,21.66,1460.0,0.7255,NOMINAL,0
2026-01-15T07:12:00Z,SAT-1002,27.969,22.04,1480.4,0.8846,NOMINAL,0
2026-01-15T07:12:10Z,SAT-1003,27.797,21.8,1531.9,0.6424,NOMINAL,0
2026-01-15T07:12:20Z,SAT-1004,27.841,21.66,1575.8,0.6494,NOMINAL,0
2026-01-15T07:12:30Z,SAT-1005,28.653,22.13,1516.1,0.8983,NOMINAL,0
2026-01-15T07:12:40Z,SAT-1006,28.172,21.83,1464.2,0.6716,NOMINAL,0
2026-01-15T07:12:50Z,SAT-1000,27.849,21.58,1473.6,0.7848,NOMINAL,0
2026-01-15T07:13:00Z,SAT-1001,27.82,21.53,1498.9,0.7682,NOMINAL,0
2026-01-15T07:13:10Z,SAT-1002,28.186,21.82,1490.7,0.9326,NOMINAL,0
2026-01-15T07:13:20Z,SAT-1003,27.802,19.72,1476.8,0.6655,NOMINAL,0
2026-01-15T07:13:30Z,SAT-1004,28.614,20.45,1482.5,0.7616,NOMINAL,0
2026-01-15T07:13:40Z,SAT-1005,27.97,19.54,1546.2,0.8359,NOMINAL,0
2026-01-15T07:13:50Z,SAT-1006,28.172,20.15,1686.2,0.9694,SAFE_HOLD,1
2026-01-15T07:14:00Z,SAT-1000,28.227,19.5,1474.5,0.6128,STANDBY,0
2026-01-15T07:14:10Z,SAT-1001,28.586,19.71,1505.2,0.7729,STANDBY,0
2026-01-15T07:14:20Z,SAT-1002,27.534,20.19,1491.4,0.8773,NOMINAL,0
2026-01-15T07:14:30Z,SAT-1003,28.407,20.31,1481.4,0.9174,NOMINAL,0
2026-01-15T07:14:40Z,SAT-1004,28.159,20.15,1524.1,0.9178,NOMINAL,0
2026-01-15T07:14:50Z,SAT-1005,28.008,20.18,1489.6,0.8979,STANDBY,0
2026-01-15T07:15:00Z,SAT-1006,27.409,20.04,1479.3,0.9152,NOMINAL,0
2026-01-15T07:15:10Z,SAT-1000,27.819,20.21,1455.2,0.7956,NOMINAL,0
2026-01-15T07:15:20Z,SAT-1001,27.808,20.14,1518.5,0.6169,NOMINAL,0
2026-01-15T07:15:30Z,SAT-1002,28.331,20.31,1497.4,0.8908,NOMINAL,0
2026-01-15T07:15:40Z,SAT-1003,27.889,20.48,1467.2,0.7521,NOMINAL,0
2026-01-15T07:15:50Z,SAT-1004,28.428,20.51,1467.8,0.8359,NOMINAL,0
2026-01-15T07:16:00Z,SAT-1005,28.321,19.9,1487.0,0.8389,NOMINAL,0
2026-01-15T07:16:10Z,SAT-1006,28.234,20.72,1521.0,0.7149,NOMINAL,0
2026-01-15T07:16:20Z,SAT-1000,27.837,20.46,1518.1,0.7416,NOMINAL,0
2026-01-15T07:16:30Z,SAT-1001,28.068,20.54,1536.3,0.7257,NOMINAL,0
2026-01-15T07:16:40Z,SAT-1002,28.227,20.51,1508.8,0.9107,NOMINAL,0
2026-01-15T07:16:50Z,SAT-1003,28.197,20.2,1500.2,0.6775,NOMINAL,0
2026-01-15T07:17:00Z,SAT-1004,28.147,20.2,1518.0,0.8569,NOMINAL,0
2026-01-15T07:17:10Z,SAT-1005,28.41,19.89,1511.4,0.7197,NOMINAL,0
2026-01-15T07:17:20Z,SAT-1006,27.275,20.17,1448.0,0.6989,NOMINAL,0
2026-01-15T07:17:30Z,SAT-1000,27.415,20.17,1500.7,0.692,NOMINAL,0
2026-01-15T07:17:40Z,SAT-1001,28.048,20.34,1554.7,0.8105,NOMINAL,0
2026-01-15T07:17:50Z,SAT-1002,27.748,20.55,1503.0,0.6337,NOMINAL,0
2026-01-15T07:18:00Z,SAT-1003,27.408,20.37,1523.5,0.7476,NOMINAL,0
2026-01-15T07:18:10Z,SAT-1004,27.166,20.59,1516.8,0.6282,NOMINAL,0
2026-01-15T07:18:20Z,SAT-1005,27.829,20.61,1509.3,0.7187,NOMINAL,0
2026-01-15T07:18:30Z,SAT-1006,27.619,20.21,1497.8,0.9054,NOMINAL,0
2026-01-15T07:18:40Z,SAT-1000,27.452,20.78,1481.4,0.613,NOMINAL,0
2026-01-15T07:18:50Z,SAT-1001,27.68,19.91,1526.4,0.857,STANDBY,0
2026-01-15T07:19:00Z,SAT-1002,27.892,20.44,1493.2,0.7817,NOMINAL,0
2026-01-15T07:19:10Z,SAT-1003,27.392,20.97,1548.5,0.7673,NOMINAL,0
2026-01-15T07:19:20Z,SAT-1004,28.413,21.23,1483.9,0.9792,NOMINAL,0
2026-01-15T07:19:30Z,SAT-1005,27.858,21.02,1495.1,0.6012,NOMINAL,0
2026-01-15T07:19:40Z,SAT-1006,27.598,20.9,1518.3,0.774,NOMINAL,0
2026-01-15T07:19:50Z,SAT-1000,27.571,20.72,1529.1,0.8953,NOMINAL,0
2026-01-15T07:20:00Z,SAT-1001,27.819,20.62,1529.2,0.9192,NOMINAL,0
2026-01-15T07:20:10Z,SAT-1002,28.206,20.64,1505.7,0.9339,STANDBY,0
2026-01-15T07:20:20Z,SAT-1003,27.36,21.63,1507.2,0.6327,NOMINAL,0
2026-01-15T07:20:30Z,SAT-1004,28.153,20.77,1491.4,0.8067,NOMINAL,0
2026-01-15T07:20:40Z,SAT-1005,27.062,21.06,1710.8,0.6186,SAFE_HOLD,1
2026-01-15T07:20:50Z,SAT-1006,27.804,20.91,1489.2,0.8155,NOMINAL,0
2026-01-15T07:21:00Z,SAT-1000,27.51,20.83,1498.2,0.8627,NOMINAL,0
2026-01-15T07:21:10Z,SAT-1001,27.989,20.45,1503.9,0.9183,NOMINAL,0
2026-01-15T07:21:20Z,SAT-1002,27.855,20.89,1461.2,0.7298,NOMINAL,0
2026-01-15T07:21:30Z,SAT-1003,27.654,20.89,1540.2,0.6449,NOMINAL,0
2026-01-15T07:21:40Z,SAT-1004,27.705,20.75,1535.6,0.7616,NOMINAL,0
2026-01-15T07:21:50Z,SAT-1005,28.088,21.11,1513.1,0.7811,NOMINAL,0
2026-01-15T07:22:00Z,SAT-1006,28.419,21.17,1530.8,0.8469,NOMINAL,0
2026-01-15T07:22:10Z,SAT-1000,27.306,20.31,1493.0,0.7623,NOMINAL,0
2026-01-15T07:22:20Z,SAT-1001,28.978,21.18,1484.0,0.7649,STANDBY,0
2026-01-15T07:22:30Z,SAT-1002,28.19,20.85,1555.3,0.8137,NOMINAL,0
2026-01-15T07:22:40Z,SAT-1003,28.137,21.21,1483.7,0.8964,NOMINAL,0
2026-01-15T07:22:50Z,SAT-1004,27.492,21.67,1660.3,0.6182,SAFE_HOLD,1
2026-01-15T07:23:00Z,SAT-1005,28.043,21.24,1490.9,0.9619,NOMINAL,0
2026-01-15T07:23:10Z,SAT-1006,27.977,21.24,1530.3,0.6514,NOMINAL,0
2026-01-15T07:23:20Z,SAT-1000,28.095,20.96,1482.0,0.9879,NOMINAL,0
2026-01-15T07:23:30Z,SAT-1001,27.963,21.49,1695.4,0.6615,SAFE_HOLD,1
2026-01-15T07:23:40Z,SAT-1002,27.721,21.08,1503.8,0.6658,NOMINAL,0
2026-01-15T07:23:50Z,SAT-1003,27.832,21.19,1543.4,0.73,NOMINAL,0
2026-01-15T07:24:00Z,SAT-1004,27.962,21.16,1486.5,0.8923,NOMINAL,0
2026-01-15T07:24:10Z,SAT-1005,29.041,21.03,1455.3,0.8645,NOMINAL,0
2026-01-15T07:24:20Z,SAT-1006,27.852,21.53,1469.8,0.7513,NOMINAL,0
2026-01-15T07:24:30Z,SAT-1000,28.47,20.86,1531.7,0.7665,NOMINAL,0
2026-01-15T07:24:40Z,SAT-1001,27.621,21.56,1699.8,0.7459,SAFE_HOLD,1
2026-01-15T07:24:50Z,SAT-1002,28.364,21.85,1509.7,0.8016,NOMINAL,0
2026-01-15T07:25:00Z,SAT-1003,26.95,21.21,1487.7,0.7972,NOMINAL,0
2026-01-15T07:25:10Z,SAT-1004,27.977,21.57,1508.3,0.8052,NOMINAL,0
2026-01-15T07:25:20Z,SAT-1005,27.234,21.02,1518.1,0.6954,NOMINAL,0
2026-01-15T07:25:30Z,SAT-1006,27.457,21.15,1511.6,0.8128,NOMINAL,0
2026-01-15T07:25:40Z,SAT-1000,27.668,21.91,1495.9,0.7459,NOMINAL,0
2026-01-15T07:25:50Z,SAT-1001,27.87,21.81,1525.3,0.6878,NOMINAL,0
2026-01-15T07:26:00Z,SAT-1002,28.102,21.92,1515.7,0.936,NOMINAL,0
2026-01-15T07:26:10Z,SAT-1003,28.445,22.12,1495.3,0.6215,NOMINAL,0
2026-01-15T07:26:20Z,SAT-1004,28.537,21.83,1468.8,0.991,NOMINAL,0
2026-01-15T07:26:30Z,SAT-1005,28.057,21.08,1526.4,0.7839,NOMINAL,0
2026-01-15T07:26:40Z,SAT-1006,28.109,21.25,1520.3,0.7524,NOMINAL,0
2026-01-15T07:26:50Z,SAT-1000,28.557,21.66,1483.9,0.6984,NOMINAL,0
2026-01-15T07:27:00Z,SAT-1001,27.335,21.69,1517.5,0.9243,NOMINAL,0
2026-01-15T07:27:10Z,SAT-1002,27.602,21.56,1499.4,0.7364,NOMINAL,0
2026-01-15T07:27:20Z,SAT-1003,28.17,21.54,1498.2,0.8397,NOMINAL,0
2026-01-15T07:27:30Z,SAT-1004,28.918,22.09,1504.3,0.9597,NOMINAL,0
2026-01-15T07:27:40Z,SAT-1005,28.043,21.81,1515.2,0.7865,NOMINAL,0
2026-01-15T07:27:50Z,SAT-1006,28.579,21.87,1475.8,0.7594,NOMINAL,0
2026-01-15T07:28:00Z,SAT-1000,27.427,21.68,1494.8,0.7171,NOMINAL,0
2026-01-15T07:28:10Z,SAT-1001,27.89,22.04,1483.8,0.8742,NOMINAL,0
2026-01-15T07:28:20Z,SAT-1002,27.486,22.25,1543.8,0.8709,NOMINAL,0
2026-01-15T07:28:30Z,SAT-1003,27.947,21.83,1511.9,0.8595,NOMINAL,0
2026-01-15T07:28:40Z,SAT-1004,27.905,21.73,1502.9,0.6505,NOMINAL,0
2026-01-15T07:28:50Z,SAT-1005,28.804,22.76,1493.7,0.7328,NOMINAL,0
2026-01-15T07:29:00Z,SAT-1006,27.86,21.82,1473.4,0.8576,NOMINAL,0
2026-01-15T07:29:10Z,SAT-1000,27.423,22.09,1502.4,0.9273,NOMINAL,0
2026-01-15T07:29:20Z,SAT-1001,28.02,22.16,1483.9,0.8133,NOMINAL,0
2026-01-15T07:29:30Z,SAT-1002,28.386,21.77,1505.9,0.9582,NOMINAL,0
2026-01-15T07:29:40Z,SAT-1003,27.938,21.73,1479.1,0.8372,NOMINAL,0
2026-01-15T07:29:50Z,SAT-1004,27.384,21.96,1475.0,0.9667,NOMINAL,0
2026-01-15T07:30:00Z,SAT-1005,27.813,20.03,1456.3,0.97,NOMINAL,0
2026-01-15T07:30:10Z,SAT-1006,27.714,20.43,1482.0,0.8842,NOMINAL,0
2026-01-15T07:30:20Z,SAT-1000,28.421,20.33,1494.5,0.8734,NOMINAL,0
2026-01-15T07:30:30Z,SAT-1001,27.713,19.44,1541.7,0.6924,NOMINAL,0
2026-01-15T07:30:40Z,SAT-1002,27.77,19.88,1503.0,0.9484,NOMINAL,0
2026-01-15T07:30:50Z,SAT-1003,28.487,20.05,1520.8,0.7594,NOMINAL,0
2026-01-15T07:31:00Z,SAT-1004,28.033,19.3,1522.5,0.7431,NOMINAL,0
2026-01-15T07:31:10Z,SAT-1005,27.824,20.1,1473.0,0.9452,NOMINAL,0
2026-01-15T07:31:20Z,SAT-1006,27.564,19.95,1735.4,0.8777,SAFE_HOLD,1
2026-01-15T07:31:30Z,SAT-1000,28.308,20.3,1477.2,0.7388,NOMINAL,0
2026-01-15T07:31:40Z,SAT-1001,28.038,20.26,1487.5,0.9588,NOMINAL,0
2026-01-15T07:31:50Z,SAT-1002,27.907,20.19,1519.5,0.8471,NOMINAL,0
2026-01-15T07:32:00Z,SAT-1003,27.965,19.88,1511.0,0.6733,NOMINAL,0
2026-01-15T07:32:10Z,SAT-1004,27.093,20.59,1667.2,0.6237,SAFE_HOLD,1
2026-01-15T07:32:20Z,SAT-1005,28.433,20.27,1527.4,0.9652,NOMINAL,0
2026-01-15T07:32:30Z,SAT-1006,28.155,20.26,1530.1,0.9046,NOMINAL,0
2026-01-15T07:32:40Z,SAT-1000,28.063,20.11,1539.7,0.8803,NOMINAL,0
2026-01-15T07:32:50Z,SAT-1001,28.336,20.6,1510.1,0.8162,NOMINAL,0
2026-01-15T07:33:00Z,SAT-1002,28.713,20.52,1475.2,0.9977,NOMINAL,0
2026-01-15T07:33:10Z,SAT-1003,28.106,20.6,1487.5,0.8218,NOMINAL,0
2026-01-15T07:33:20Z,SAT-1004,28.08,20.39,1538.7,0.7225,NOMINAL,0
2026-01-15T07:33:30Z,SAT-1005,27.811,20.58,1508.4,0.9968,NOMINAL,0
2026-01-15T07:33:40Z,SAT-1006,28.401,20.4,1502.1,0.8053,NOMINAL,0
2026-01-15T07:33:50Z,SAT-1000,27.724,20.34,1484.7,0.773,NOMINAL,0
2026-01-15T07:34:00Z,SAT-1001,28.07,19.95,1498.0,0.9448,NOMINAL,0
2026-01-15T07:34:10Z,SAT-1002,28.388,20.88,1568.4,0.7232,NOMINAL,0
2026-01-15T07:34:20Z,SAT-1003,27.549,20.78,1531.9,0.9285,NOMINAL,0
2026-01-15T07:34:30Z,SAT-1004,28.113,21.04,1474.5,0.8219,NOMINAL,0
2026-01-15T07:34:40Z,SAT-1005,27.443,19.71,1695.3,0.9859,SAFE_HOLD,1
2026-01-15T07:34:50Z,SAT-1006,27.706,20.16,1461.6,0.8176,NOMINAL,0
2026-01-15T07:35:00Z,SAT-1000,27.882,20.86,1470.7,0.7633,NOMINAL,0
2026-01-15T07:35:10Z,SAT-1001,28.503,20.5,1521.1,0.6826,NOMINAL,0
2026-01-15T07:35:20Z,SAT-1002,28.527,20.95,1495.8,0.9642,NOMINAL,0
2026-01-15T07:35:30Z,SAT-1003,27.608,20.39,1486.0,0.8248,NOMINAL,0
2026-01-15T07:35:40Z,SAT-1004,28.219,20.54,1500.8,0.6658,NOMINAL,0
2026-01-15T07:35:50Z,SAT-1005,27.232,20.72,1479.0,0.9535,NOMINAL,0
2026-01-15T07:36:00Z,SAT-1006,28.514,20.81,1552.9,0.7705,NOMINAL,0
2026-01-15T07:36:10Z,SAT-1000,28.018,21.01,1484.0,0.8981,NOMINAL,0
2026-01-15T07:36:20Z,SAT-1001,28.4,20.44,1504.4,0.8107,NOMINAL,0
2026-01-15T07:36:30Z,SAT-1002,28.68,21.46,1451.0,0.7501,NOMINAL,0
2026-01-15T07:36:40Z,SAT-1003,27.516,20.87,1486.3,0.6452,NOMINAL,0
2026-01-15T07:36:50Z,SAT-1004,27.812,21.13,1502.3,0.8295,NOMINAL,0
2026-01-15T07:37:00Z,SAT-1005,28.022,20.51,1546.1,0.8026,NOMINAL,0
2026-01-15T07:37:10Z,SAT-1006,27.532,20.88,1526.7,0.9534,NOMINAL,0
2026-01-15T07:37:20Z,SAT-1000,28.007,20.49,1517.5,0.629,NOMINAL,0
2026-01-15T07:37:30Z,SAT-1001,28.171,20.61,1521.5,0.6777,NOMINAL,0
2026-01-15T07:37:40Z,SAT-1002,27.457,20.67,1513.4,0.9498,NOMINAL,0
2026-01-15T07:37:50Z,SAT-1003,27.637,20.77,1510.4,0.7776,NOMINAL,0
2026-01-15T07:38:00Z,SAT-1004,28.251,20.59,1520.7,0.7386,NOMINAL,0
2026-01-15T07:38:10Z,SAT-1005,28.223,20.84,1479.0,0.9597,NOMINAL,0
2026-01-15T07:38:20Z,SAT-1006,27.643,20.93,1480.0,0.898,NOMINAL,0
2026-01-15T07:38:30Z,SAT-1000,28.304,21.14,1501.8,0.9542,NOMINAL,0
2026-01-15T07:38:40Z,SAT-1001,28.044,20.81,1486.7,0.9993,NOMINAL,0
2026-01-15T07:38:50Z,SAT-1002,27.643,20.87,1515.0,0.7118,NOMINAL,0
2026-01-15T07:39:00Z,SAT-1003,28.913,21.51,1471.4,0.995,NOMINAL,0
2026-01-15T07:39:10Z,SAT-1004,28.844,21.14,1526.9,0.9552,NOMINAL,0
2026-01-15T07:39:20Z,SAT-1005,27.73,21.04,1533.2,0.7148,NOMINAL,0
2026-01-15T07:39:30Z,SAT-1006,27.564,21.48,1523.8,0.6194,NOMINAL,0
2026-01-15T07:39:40Z,SAT-1000,28.116,21.49,1454.4,0.6858,NOMINAL,0
2026-01-15T07:39:50Z,SAT-1001,27.743,21.16,1506.8,0.7062,NOMINAL,0
2026-01-15T07:40:00Z,SAT-1002,27.995,21.9,1487.6,0.8999,NOMINAL,0
2026-01-15T07:40:10Z,SAT-1003,27.982,20.95,1494.6,0.9994,NOMINAL,0
2026-01-15T07:40:20Z,SAT-1004,28.148,20.97,1494.1,0.8414,NOMINAL,0
2026-01-15T07:40:30Z,SAT-1005,28.308,21.44,1546.1,0.7534,NOMINAL,0
2026-01-15T07:40:40Z,SAT-1006,28.484,21.25,1509.6,0.6479,NOMINAL,0
2026-01-15T07:40:50Z,SAT-1000,27.26,21.14,1504.7,0.7719,NOMINAL,0
2026-01-15T07:41:00Z,SAT-1001,28.457,21.51,1507.2,0.8101,NOMINAL,0
2026-01-15T07:41:10Z,SAT-1002,28.286,21.3,1484.9,0.7369,STANDBY,0
2026-01-15T07:41:20Z,SAT-1003,27.273,21.49,1467.3,0.8265,NOMINAL,0
2026-01-15T07:41:30Z,SAT-1004,27.699,21.64,1475.8,0.8378,NOMINAL,0
2026-01-15T07:41:40Z,SAT-1005,28.539,21.4,1511.0,0.7852,NOMINAL,0
2026-01-15T07:41:50Z,SAT-1006,28.294,21.35,1497.5,0.738,NOMINAL,0
2026-01-15T07:42:00Z,SAT-1000,27.766,21.73,1484.7,0.6403,NOMINAL,0
2026-01-15T07:42:10Z,SAT-1001,28.511,21.57,1508.4,0.8157,NOMINAL,0
2026-01-15T07:42:20Z,SAT-1002,28.145,21.02,1525.6,0.6221,NOMINAL,0
2026-01-15T07:42:30Z,SAT-1003,27.585,21.52,1509.6,0.7229,NOMINAL,0
2026-01-15T07:42:40Z,SAT-1004,28.204,21.53,1478.7,0.8788,NOMINAL,0
2026-01-15T07:42:50Z,SAT-1005,28.038,21.4,1484.1,0.7248,NOMINAL,0
2026-01-15T07:43:00Z,SAT-1006,27.203,21.36,1510.6,0.8249,NOMINAL,0
2026-01-15T07:43:10Z,SAT-1000,27.92,21.54,1505.2,0.7098,NOMINAL,0
2026-01-15T07:43:20Z,SAT-1001,28.263,21.88,1491.9,0.7744,NOMINAL,0
2026-01-15T07:43:30Z,SAT-1002,27.761,21.42,1493.8,0.8719,NOMINAL,0
2026-01-15T07:43:40Z,SAT-1003,27.79,22.09,1494.2,0.8796,NOMINAL,0
2026-01-15T07:43:50Z,SAT-1004,28.848,21.04,1471.9,0.6755,NOMINAL,0
2026-01-15T07:44:00Z,SAT-1005,28.115,21.45,1736.7,0.973,SAFE_HOLD,1
2026-01-15T07:44:10Z,SAT-1006,27.872,21.76,1532.0,0.8067,NOMINAL,0
2026-01-15T07:44:20Z,SAT-1000,28.24,21.55,1701.9,0.8969,SAFE_HOLD,1
2026-01-15T07:44:30Z,SAT-1001,28.225,21.2,1492.4,0.6103,NOMINAL,0
2026-01-15T07:44:40Z,SAT-1002,28.288,22.09,1490.2,0.9199,NOMINAL,0
2026-01-15T07:44:50Z,SAT-1003,27.505,21.8,1492.2,0.7692,STANDBY,0
2026-01-15T07:45:00Z,SAT-1004,28.388,21.78,1688.8,0.852,SAFE_HOLD,1
2026-01-15T07:45:10Z,SAT-1005,28.319,21.36,1496.3,0.7931,NOMINAL,0
2026-01-15T07:45:20Z,SAT-1006,28.078,21.78,1524.1,0.7938,NOMINAL,0
2026-01-15T07:45:30Z,SAT-1000,27.823,21.75,1494.8,0.9077,NOMINAL,0
2026-01-15T07:45:40Z,SAT-1001,27.596,22.0,1468.9,0.6949,NOMINAL,0
2026-01-15T07:45:50Z,SAT-1002,26.694,21.88,1507.1,0.749,NOMINAL,0
2026-01-15T07:46:00Z,SAT-1003,28.113,22.05,1486.7,0.7592,NOMINAL,0
2026-01-15T07:46:10Z,SAT-1004,27.845,21.99,1495.9,0.9356,STANDBY,0
2026-01-15T07:46:20Z,SAT-1005,27.773,22.2,1492.2,0.9121,NOMINAL,0
2026-01-15T07:46:30Z,SAT-1006,28.045,22.24,1489.8,0.6844,NOMINAL,0
2026-01-15T07:46:40Z,SAT-1000,27.763,20.27,1519.4,0.7893,NOMINAL,0
2026-01-15T07:46:50Z,SAT-1001,27.758,20.14,1495.8,0.9813,NOMINAL,0
2026-01-15T07:47:00Z,SAT-1002,27.356,19.99,1508.7,0.7525,NOMINAL,0
2026-01-15T07:47:10Z,SAT-1003,27.952,20.7,1534.6,0.7378,NOMINAL,0
2026-01-15T07:47:20Z,SAT-1004,27.588,20.22,1502.8,0.919,NOMINAL,0
2026-01-15T07:47:30Z,SAT-1005,28.511,19.67,1547.8,0.7629,NOMINAL,0
2026-01-15T07:47:40Z,SAT-1006,28.63,20.1,1534.4,0.8941,NOMINAL,0
2026-01-15T07:47:50Z,SAT-1000,27.711,20.58,1479.9,0.7741,NOMINAL,0
2026-01-15T07:48:00Z,SAT-1001,27.908,20.01,1469.2,0.6021,NOMINAL,0
2026-01-15T07:48:10Z,SAT-1002,28.381,20.42,1481.4,0.8424,NOMINAL,0
2026-01-15T07:48:20Z,SAT-1003,27.675,20.47,1483.7,0.9728,NOMINAL,0
2026-01-15T07:48:30Z,SAT-1004,28.211,20.09,1506.6,0.9575,NOMINAL,0
2026-01-15T07:48:40Z,SAT-1005,28.112,21.06,1529.3,0.7952,NOMINAL,0
2026-01-15T07:48:50Z,SAT-1006,28.054,19.89,1505.1,0.9152,NOMINAL,0
2026-01-15T07:49:00Z,SAT-1000,28.065,20.61,1536.6,0.8801,NOMINAL,0
2026-01-15T07:49:10Z,SAT-1001,28.586,20.22,1501.6,0.7886,NOMINAL,0
2026-01-15T07:49:20Z,SAT-1002,27.731,20.28,1526.7,0.8066,NOMINAL,0
2026-01-15T07:49:30Z,SAT-1003,27.403,20.11,1492.1,0.7752,STANDBY,0
2026-01-15T07:49:40Z,SAT-1004,28.279,20.18,1526.4,0.7354,NOMINAL,0
2026-01-15T07:49:50Z,SAT-1005,27.985,20.06,1680.3,0.624,SAFE_HOLD,1
2026-01-15T07:50:00Z,SAT-1006,28.328,20.1,1513.8,0.6627,NOMINAL,0
2026-01-15T07:50:10Z,SAT-1000,28.195,20.84,1507.2,0.9275,NOMINAL,0
2026-01-15T07:50:20Z,SAT-1001,28.452,19.82,1514.4,0.9894,NOMINAL,0
2026-01-15T07:50:30Z,SAT-1002,27.357,20.45,1492.1,0.8625,NOMINAL,0
2026-01-15T07:50:40Z,SAT-1003,27.702,20.22,1522.0,0.907,NOMINAL,0
2026-01-15T07:50:50Z,SAT-1004,28.372,20.35,1750.0,0.7322,SAFE_HOLD,1
2026-01-15T07:51:00Z,SAT-1005,27.745,20.45,1528.8,0.8807,NOMINAL,0
2026-01-15T07:51:10Z,SAT-1006,28.602,20.41,1493.8,0.839,NOMINAL,0
2026-01-15T07:51:20Z,SAT-1000,28.013,20.62,1512.8,0.9836,NOMINAL,0
2026-01-15T07:51:30Z,SAT-1001,27.854,20.5,1479.5,0.9859,NOMINAL,0
2026-01-15T07:51:40Z,SAT-1002,28.618,20.47,1494.5,0.6293,NOMINAL,0
2026-01-15T07:51:50Z,SAT-1003,27.767,20.82,1499.9,0.9402,NOMINAL,0
2026-01-15T07:52:00Z,SAT-1004,28.332,20.46,1678.5,0.7185,SAFE_HOLD,1
2026-01-15T07:52:10Z,SAT-1005,28.148,20.6,1474.9,0.7937,NOMINAL,0
2026-01-15T07:52:20Z,SAT-1006,27.374,20.47,1524.2,0.6338,NOMINAL,0
2026-01-15T07:52:30Z,SAT-1000,29.348,20.77,1509.6,0.6998,NOMINAL,0
2026-01-15T07:52:40Z,SAT-1001,27.973,21.12,1478.7,0.7179,NOMINAL,0
2026-01-15T07:52:50Z,SAT-1002,27.562,21.09,1476.9,0.6571,NOMINAL,0
2026-01-15T07:53:00Z,SAT-1003,28.369,20.79,1485.3,0.6421,NOMINAL,0
2026-01-15T07:53:10Z,SAT-1004,27.957,20.28,1488.7,0.6981,NOMINAL,0
2026-01-15T07:53:20Z,SAT-1005,27.908,21.18,1528.1,0.6727,NOMINAL,0
2026-01-15T07:53:30Z,SAT-1006,27.78,20.33,1503.8,0.8231,STANDBY,0
2026-01-15T07:53:40Z,SAT-1000,28.399,20.58,1496.9,0.7315,NOMINAL,0
2026-01-15T07:53:50Z,SAT-1001,28.229,20.9,1512.2,0.702,NOMINAL,0
2026-01-15T07:54:00Z,SAT-1002,28.022,21.02,1667.6,0.7983,SAFE_HOLD,1
2026-01-15T07:54:10Z,SAT-1003,28.091,21.05,1485.8,0.6911,NOMINAL,0
2026-01-15T07:54:20Z,SAT-1004,28.174,21.06,1467.3,0.9631,NOMINAL,0
2026-01-15T07:54:30Z,SAT-1005,28.368,21.7,1502.1,0.9192,NOMINAL,0
2026-01-15T07:54:40Z,SAT-1006,28.586,21.62,1721.0,0.9479,SAFE_HOLD,1
2026-01-15T07:54:50Z,SAT-1000,28.044,20.74,1531.1,0.8554,NOMINAL,0
2026-01-15T07:55:00Z,SAT-1001,28.279,20.71,1529.6,0.784,NOMINAL,0
2026-01-15T07:55:10Z,SAT-1002,28.084,20.66,1459.2,0.6862,NOMINAL,0
2026-01-15T07:55:20Z,SAT-1003,28.101,21.08,1467.9,0.8599,NOMINAL,0
2026-01-15T07:55:30Z,SAT-1004,27.661,20.71,1518.7,0.6689,NOMINAL,0
2026-01-15T07:55:40Z,SAT-1005,27.587,21.3,1477.5,0.9951,NOMINAL,0
2026-01-15T07:55:50Z,SAT-1006,27.902,21.0,1488.7,0.822,NOMINAL,0
2026-01-15T07:56:00Z,SAT-1000,28.391,21.05,1536.6,0.7109,STANDBY,0
2026-01-15T07:56:10Z,SAT-1001,27.848,21.0,1550.9,0.7708,NOMINAL,0
2026-01-15T07:56:20Z,SAT-1002,28.269,20.82,1471.5,0.8771,NOMINAL,0
2026-01-15T07:56:30Z,SAT-1003,27.495,20.98,1495.0,0.9617,NOMINAL,0
2026-01-15T07:56:40Z,SAT-1004,28.164,21.29,1493.5,0.7415,NOMINAL,0
2026-01-15T07:56:50Z,SAT-1005,27.816,21.33,1484.7,0.7159,NOMINAL,0
2026-01-15T07:57:00Z,SAT-1006,28.434,21.26,1497.8,0.849,NOMINAL,0
2026-01-15T07:57:10Z,SAT-1000,28.429,21.06,1510.0,0.8242,NOMINAL,0
2026-01-15T07:57:20Z,SAT-1001,28.448,20.79,1498.8,0.6363,NOMINAL,0
2026-01-15T07:57:30Z,SAT-1002,27.779,21.34,1493.9,0.6436,NOMINAL,0
2026-01-15T07:57:40Z,SAT-1003,27.967,21.53,1522.3,0.9753,NOMINAL,0
2026-01-15T07:57:50Z,SAT-1004,27.934,21.39,1500.7,0.7676,NOMINAL,0
2026-01-15T07:58:00Z,SAT-1005,27.896,21.11,1501.7,0.9509,NOMINAL,0
2026-01-15T07:58:10Z,SAT-1006,27.855,20.83,1478.9,0.8676,NOMINAL,0
2026-01-15T07:58:20Z,SAT-1000,27.734,21.53,1459.4,0.9681,NOMINAL,0
2026-01-15T07:58:30Z,SAT-1001,28.053,21.09,1736.3,0.814,SAFE_HOLD,1
2026-01-15T07:58:40Z,SAT-1002,28.061,21.82,1516.7,0.6707,NOMINAL,0
2026-01-15T07:58:50Z,SAT-1003,27.67,21.1,1524.9,0.6749,NOMINAL,0
2026-01-15T07:59:00Z,SAT-1004,28.426,21.44,1478.7,0.9608,NOMINAL,0
2026-01-15T07:59:10Z,SAT-1005,28.295,21.91,1497.3,0.9288,NOMINAL,0
2026-01-15T07:59:20Z,SAT-1006,28.133,21.34,1530.4,0.673,NOMINAL,0
2026-01-15T07:59:30Z,SAT-1000,27.639,21.74,1506.1,0.7984,NOMINAL,0
2026-01-15T07:59:40Z,SAT-1001,28.723,21.59,1485.5,0.9686,NOMINAL,0
2026-01-15T07:59:50Z,SAT-1002,27.682,21.77,1498.0,0.6937,NOMINAL,0
2026-01-15T08:00:00Z,SAT-1003,28.243,21.66,1722.8,0.7047,SAFE_HOLD,1
2026-01-15T08:00:10Z,SAT-1004,28.436,22.03,1518.3,0.9504,NOMINAL,0
2026-01-15T08:00:20Z,SAT-1005,28.393,22.03,1518.8,0.8287,NOMINAL,0
2026-01-15T08:00:30Z,SAT-1006,28.193,21.49,1498.3,0.8082,NOMINAL,0
2026-01-15T08:00:40Z,SAT-1000,28.297,21.35,1497.8,0.9045,NOMINAL,0
2026-01-15T08:00:50Z,SAT-1001,27.936,21.35,1516.2,0.9475,NOMINAL,0
2026-01-15T08:01:00Z,SAT-1002,27.663,21.76,1495.5,0.8733,NOMINAL,0
2026-01-15T08:01:10Z,SAT-1003,28.525,21.74,1472.7,0.6971,NOMINAL,0
2026-01-15T08:01:20Z,SAT-1004,27.724,21.78,1493.6,0.9778,NOMINAL,0
2026-01-15T08:01:30Z,SAT-1005,28.26,22.3,1503.9,0.6182,NOMINAL,0
2026-01-15T08:01:40Z,SAT-1006,27.826,21.69,1491.9,0.6259,NOMINAL,0
2026-01-15T08:01:50Z,SAT-1000,28.473,21.43,1479.7,0.9514,STANDBY,0
2026-01-15T08:02:00Z,SAT-1001,28.495,21.05,1514.3,0.9361,STANDBY,0
2026-01-15T08:02:10Z,SAT-1002,28.376,22.16,1490.7,0.7357,NOMINAL,0
2026-01-15T08:02:20Z,SAT-1003,28.332,21.83,1478.4,0.7715,NOMINAL,0
2026-01-15T08:02:30Z,SAT-1004,27.914,22.04,1457.0,0.6485,NOMINAL,0
2026-01-15T08:02:40Z,SAT-1005,27.888,21.98,1497.1,0.7279,NOMINAL,0
2026-01-15T08:02:50Z,SAT-1006,28.123,21.66,1467.7,0.6228,STANDBY,0
2026-01-15T08:03:00Z,SAT-1000,28.208,21.98,1491.7,0.7144,NOMINAL,0
2026-01-15T08:03:10Z,SAT-1001,27.81,21.96,1464.8,0.8021,STANDBY,0
2026-01-15T08:03:20Z,SAT-1002,27.603,19.61,1491.5,0.9587,NOMINAL,0
2026-01-15T08:03:30Z,SAT-1003,27.799,20.02,1464.6,0.913,NOMINAL,0
2026-01-15T08:03:40Z,SAT-1004,27.51,20.28,1711.2,0.8701,SAFE_HOLD,1
2026-01-15T08:03:50Z,SAT-1005,28.432,19.74,1462.3,0.9515,STANDBY,0
2026-01-15T08:04:00Z,SAT-1006,27.758,20.15,1541.2,0.6877,NOMINAL,0
2026-01-15T08:04:10Z,SAT-1000,27.498,19.87,1524.9,0.8082,NOMINAL,0
2026-01-15T08:04:20Z,SAT-1001,28.407,20.14,1514.2,0.8289,NOMINAL,0
2026-01-15T08:04:30Z,SAT-1002,28.731,20.16,1471.6,0.9963,NOMINAL,0
2026-01-15T08:04:40Z,SAT-1003,27.697,20.46,1699.1,0.74,SAFE_HOLD,1
2026-01-15T08:04:50Z,SAT-1004,27.991,20.24,1537.1,0.9337,NOMINAL,0
2026-01-15T08:05:00Z,SAT-1005,28.717,20.4,1471.4,0.9578,NOMINAL,0
2026-01-15T08:05:10Z,SAT-1006,28.572,20.3,1471.9,0.8914,NOMINAL,0
2026-01-15T08:05:20Z,SAT-1000,28.003,20.13,1523.8,0.7618,NOMINAL,0
2026-01-15T08:05:30Z,SAT-1001,27.953,19.87,1476.7,0.876,NOMINAL,0
2026-01-15T08:05:40Z,SAT-1002,28.029,19.91,1678.8,0.6819,SAFE_HOLD,1
2026-01-15T08:05:50Z,SAT-1003,28.368,19.88,1461.9,0.8959,NOMINAL,0
2026-01-15T08:06:00Z,SAT-1004,28.422,19.79,1517.3,0.9779,NOMINAL,0
2026-01-15T08:06:10Z,SAT-1005,27.883,20.2,1507.6,0.8413,NOMINAL,0
2026-01-15T08:06:20Z,SAT-1006,28.283,20.32,1492.5,0.9253,NOMINAL,0
2026-01-15T08:06:30Z,SAT-1000,28.038,20.14,1497.5,0.8577,NOMINAL,0
2026-01-15T08:06:40Z,SAT-1001,28.304,20.35,1524.3,0.8703,NOMINAL,0
2026-01-15T08:06:50Z,SAT-1002,27.878,20.54,1550.5,0.9616,NOMINAL,0
2026-01-15T08:07:00Z,SAT-1003,27.974,20.15,1475.6,0.8849,NOMINAL,0
2026-01-15T08:07:10Z,SAT-1004,27.878,20.26,1517.5,0.6271,NOMINAL,0
2026-01-15T08:07:20Z,SAT-1005,28.009,20.68,1542.8,0.8471,NOMINAL,0
2026-01-15T08:07:30Z,SAT-1006,28.234,20.4,1679.8,0.6837,SAFE_HOLD,1
2026-01-15T08:07:40Z,SAT-1000,28.616,20.28,1484.8,0.755,NOMINAL,0
2026-01-15T08:07:50Z,SAT-1001,28.487,20.53,1537.1,0.7478,NOMINAL,0
2026-01-15T08:08:00Z,SAT-1002,28.448,20.65,1498.8,0.6741,NOMINAL,0
2026-01-15T08:08:10Z,SAT-1003,27.563,20.97,1681.0,0.8709,SAFE_HOLD,1
2026-01-15T08:08:20Z,SAT-1004,28.201,20.57,1506.8,0.6854,NOMINAL,0
2026-01-15T08:08:30Z,SAT-1005,28.048,20.79,1492.7,0.9693,NOMINAL,0
2026-01-15T08:08:40Z,SAT-1006,28.099,20.43,1460.5,0.834,NOMINAL,0
2026-01-15T08:08:50Z,SAT-1000,27.391,20.32,1535.3,0.6888,NOMINAL,0
2026-01-15T08:09:00Z,SAT-1001,28.422,20.46,1544.0,0.739,NOMINAL,0
2026-01-15T08:09:10Z,SAT-1002,27.969,20.38,1490.8,0.7619,NOMINAL,0
2026-01-15T08:09:20Z,SAT-1003,28.497,20.08,1515.4,0.7038,NOMINAL,0
2026-01-15T08:09:30Z,SAT-1004,27.915,20.78,1510.3,0.691,NOMINAL,0
2026-01-15T08:09:40Z,SAT-1005,27.847,20.68,1518.6,0.9746,NOMINAL,0
2026-01-15T08:09:50Z,SAT-1006,27.995,20.18,1506.2,0.8022,NOMINAL,0
2026-01-15T08:10:00Z,SAT-1000,28.461,20.2,1483.1,0.9197,NOMINAL,0
2026-01-15T08:10:10Z,SAT-1001,27.957,20.46,1491.9,0.6088,NOMINAL,0
2026-01-15T08:10:20Z,SAT-1002,27.696,20.57,1508.4,0.9725,NOMINAL,0
2026-01-15T08:10:30Z,SAT-1003,28.09,21.25,1455.7,0.9764,NOMINAL,0
2026-01-15T08:10:40Z,SAT-1004,27.528,21.28,1493.3,0.6015,NOMINAL,0
2026-01-15T08:10:50Z,SAT-1005,28.002,20.97,1492.1,0.8495,NOMINAL,0
2026-01-15T08:11:00Z,SAT-1006,28.859,21.01,1521.9,0.7839,NOMINAL,0
2026-01-15T08:11:10Z,SAT-1000,28.635,21.35,1531.6,0.9432,NOMINAL,0
2026-01-15T08:11:20Z,SAT-1001,28.253,21.17,1514.4,0.693,NOMINAL,0
2026-01-15T08:11:30Z,SAT-1002,28.45,21.27,1497.1,0.9598,NOMINAL,0
2026-01-15T08:11:40Z,SAT-1003,28.243,21.89,1483.4,0.8665,NOMINAL,0
2026-01-15T08:11:50Z,SAT-1004,28.169,20.82,1450.8,0.8532,NOMINAL,0
2026-01-15T08:12:00Z,SAT-1005,27.691,20.59,1516.7,0.609,NOMINAL,0
2026-01-15T08:12:10Z,SAT-1006,28.157,21.18,1499.9,0.8179,NOMINAL,0
2026-01-15T08:12:20Z,SAT-1000,27.717,21.09,1496.6,0.7202,STANDBY,0
2026-01-15T08:12:30Z,SAT-1001,28.461,21.27,1739.9,0.9055,SAFE_HOLD,1
2026-01-15T08:12:40Z,SAT-1002,27.885,20.95,1476.6,0.8637,NOMINAL,0
2026-01-15T08:12:50Z,SAT-1003,28.29,21.07,1517.6,0.8406,NOMINAL,0
2026-01-15T08:13:00Z,SAT-1004,27.6,20.75,1457.2,0.825,NOMINAL,0
2026-01-15T08:13:10Z,SAT-1005,28.309,21.4,1500.4,0.9013,NOMINAL,0
2026-01-15T08:13:20Z,SAT-1006,28.266,21.22,1470.1,0.7158,NOMINAL,0
2026-01-15T08:13:30Z,SAT-1000,28.167,20.61,1473.7,0.7278,NOMINAL,0
2026-01-15T08:13:40Z,SAT-1001,27.924,21.13,1479.4,0.8277,NOMINAL,0
2026-01-15T08:13:50Z,SAT-1002,28.438,21.58,1518.3,0.6904,NOMINAL,0
2026-01-15T08:14:00Z,SAT-1003,27.947,21.57,1459.6,0.7626,STANDBY,0
2026-01-15T08:14:10Z,SAT-1004,27.749,21.06,1497.9,0.6359,NOMINAL,0
2026-01-15T08:14:20Z,SAT-1005,28.551,21.01,1493.2,0.7426,NOMINAL,0
2026-01-15T08:14:30Z,SAT-1006,28.338,21.39,1537.2,0.6194,NOMINAL,0
2026-01-15T08:14:40Z,SAT-1000,27.546,21.19,1483.7,0.8022,STANDBY,0
2026-01-15T08:14:50Z,SAT-1001,28.265,21.09,1507.2,0.7698,NOMINAL,0
2026-01-15T08:15:00Z,SAT-1002,27.854,21.41,1555.6,0.9913,NOMINAL,0
2026-01-15T08:15:10Z,SAT-1003,27.701,21.0,1506.4,0.6149,NOMINAL,0
2026-01-15T08:15:20Z,SAT-1004,27.305,21.55,1511.5,0.616,NOMINAL,0
2026-01-15T08:15:30Z,SAT-1005,27.414,21.22,1471.9,0.6356,NOMINAL,0
2026-01-15T08:15:40Z,SAT-1006,28.018,21.67,1504.0,0.7351,NOMINAL,0
2026-01-15T08:15:50Z,SAT-1000,28.448,21.46,1495.5,0.6172,NOMINAL,0
2026-01-15T08:16:00Z,SAT-1001,27.789,21.76,1513.6,0.9271,NOMINAL,0
2026-01-15T08:16:10Z,SAT-1002,27.507,21.26,1500.4,0.6587,STANDBY,0
2026-01-15T08:16:20Z,SAT-1003,28.265,21.82,1491.0,0.6012,NOMINAL,0
2026-01-15T08:16:30Z,SAT-1004,27.762,22.25,1500.4,0.953,NOMINAL,0
2026-01-15T08:16:40Z,SAT-1005,28.285,21.42,1513.8,0.6525,NOMINAL,0
2026-01-15T08:16:50Z,SAT-1006,28.56,22.01,1545.9,0.6123,NOMINAL,0
2026-01-15T08:17:00Z,SAT-1000,28.082,21.34,1501.8,0.748,NOMINAL,0
2026-01-15T08:17:10Z,SAT-1001,27.952,21.96,1517.1,0.8089,NOMINAL,0
2026-01-15T08:17:20Z,SAT-1002,27.798,21.77,1482.6,0.7393,NOMINAL,0
2026-01-15T08:17:30Z,SAT-1003,28.449,22.19,1534.1,0.6131,NOMINAL,0
2026-01-15T08:17:40Z,SAT-1004,27.956,21.54,1521.3,0.8016,NOMINAL,0
2026-01-15T08:17:50Z,SAT-1005,28.208,21.43,1539.3,0.8331,NOMINAL,0
2026-01-15T08:18:00Z,SAT-1006,27.857,21.62,1478.8,0.7081,NOMINAL,0
2026-01-15T08:18:10Z,SAT-1000,27.44,21.74,1502.0,0.6742,NOMINAL,0
2026-01-15T08:18:20Z,SAT-1001,28.454,21.42,1564.5,0.7356,NOMINAL,0
2026-01-15T08:18:30Z,SAT-1002,27.812,22.11,1477.0,0.9229,NOMINAL,0
2026-01-15T08:18:40Z,SAT-1003,28.88,21.94,1471.9,0.7176,NOMINAL,0
2026-01-15T08:18:50Z,SAT-1004,27.972,21.71,1481.1,0.9955,NOMINAL,0
2026-01-15T08:19:00Z,SAT-1005,27.143,21.54,1508.5,0.9154,NOMINAL,0
2026-01-15T08:19:10Z,SAT-1006,28.025,21.46,1491.5,0.7945,NOMINAL,0
2026-01-15T08:19:20Z,SAT-1000,27.714,21.8,1487.0,0.7674,NOMINAL,0
2026-01-15T08:19:30Z,SAT-1001,28.137,22.33,1465.8,0.9577,NOMINAL,0
2026-01-15T08:19:40Z,SAT-1002,27.525,21.77,1490.5,0.9245,NOMINAL,0
2026-01-15T08:19:50Z,SAT-1003,27.674,22.39,1519.4,0.9339,NOMINAL,0
