{
  "script": "q",
  "meta": {
    "n_servers": 4,
    "n_vms": 5,
    "require_all_on": true
  },
  "input": {
    "pi": [
      1.0,
      1.0,
      1.0,
      1.0
    ],
    "pd": [
      1.0,
      1.0,
      1.0,
      1.0
    ],
    "capacities": [
      11,
      11,
      11,
      10
    ],
    "vm_allocation_limits": [
      16,
      14,
      15,
      16,
      15
    ],
    "min_cpu_per_vm": 1.0
  },
  "qp_lp": "\\ This file has been generated by DOcplex\n\\ ENCODING=ISO-8859-1\n\\Problem name: qiskit_server\n\nMinimize\n obj: si0 + si1 + si2 + si3 + [ 2 vj0i0*uj0 + 2 vj0i1*uj0 + 2 vj0i2*uj0\n      + 2 vj0i3*uj0 + 2 vj1i0*uj1 + 2 vj1i1*uj1 + 2 vj1i2*uj1 + 2 vj1i3*uj1\n      + 2 vj2i0*uj2 + 2 vj2i1*uj2 + 2 vj2i2*uj2 + 2 vj2i3*uj2 + 2 vj3i0*uj3\n      + 2 vj3i1*uj3 + 2 vj3i2*uj3 + 2 vj3i3*uj3 + 2 vj4i0*uj4 + 2 vj4i1*uj4\n      + 2 vj4i2*uj4 + 2 vj4i3*uj4 ]/2\nSubject To\n cons_server_load_0: vj0i0 + vj1i0 + vj2i0 + vj3i0 + vj4i0 >= 10\n cons_server_load_1: vj0i1 + vj1i1 + vj2i1 + vj3i1 + vj4i1 >= 10\n cons_server_load_2: vj0i2 + vj1i2 + vj2i2 + vj3i2 + vj4i2 >= 10\n cons_server_load_3: vj0i3 + vj1i3 + vj2i3 + vj3i3 + vj4i3 >= 9\n cons_server_on_0: si0 = 1\n cons_server_on_1: si1 = 1\n cons_server_on_2: si2 = 1\n cons_server_on_3: si3 = 1\n cons_vm_alloc_0: vj0i0 + vj0i1 + vj0i2 + vj0i3 <= 16\n cons_vm_alloc_1: vj1i0 + vj1i1 + vj1i2 + vj1i3 <= 14\n cons_vm_alloc_2: vj2i0 + vj2i1 + vj2i2 + vj2i3 <= 15\n cons_vm_alloc_3: vj3i0 + vj3i1 + vj3i2 + vj3i3 <= 16\n cons_vm_alloc_4: vj4i0 + vj4i1 + vj4i2 + vj4i3 <= 15\n cons_min_cpu_vm_0: uj0 >= 1\n cons_min_cpu_vm_1: uj1 >= 1\n cons_min_cpu_vm_2: uj2 >= 1\n cons_min_cpu_vm_3: uj3 >= 1\n cons_min_cpu_vm_4: uj4 >= 1\n\nBounds\n 0 <= si0 <= 1\n 0 <= si1 <= 1\n 0 <= si2 <= 1\n 0 <= si3 <= 1\n 1 <= uj0\n 1 <= uj1\n 1 <= uj2\n 1 <= uj3\n 1 <= uj4\n\nBinaries\n si0 si1 si2 si3\nEnd\n",
  "classic": {
    "objective": 43.000072428205065,
    "status": "SUCCESS",
    "x": [
      1.0,
      1.0,
      1.0,
      1.0,
      1.435355928891146,
      0.2694965829222675,
      2.349504570225482,
      3.105608853845748,
      3.385838227931813,
      3.063110144818069,
      2.707763355796833,
      1.5228220819595435,
      1.9191228112578276,
      3.1003823112004945,
      3.9532641245041673,
      3.1628969085117515,
      1.8397250582689015,
      2.6008531898704517,
      0.40185886173768093,
      0.02268478729784313,
      1.419957973650312,
      0.9662301993937924,
      0.5876090877358366,
      1.1859873683851132,
      1.0,
      1.0,
      1.0,
      1.0,
      1.0
    ],
    "residuals": [
      0.00018507343740948795,
      0.0002551395258329541,
      0.00011297747134142672,
      4.915166856007381e-15
    ],
    "duration_seconds": 8.146804332965985
  },
  "quantum": {
    "objective": 43.000072428205065,
    "status": "SUCCESS",
    "x": [
      1.0,
      1.0,
      1.0,
      1.0,
      1.435355928891146,
      0.2694965829222675,
      2.349504570225482,
      3.105608853845748,
      3.385838227931813,
      3.063110144818069,
      2.707763355796833,
      1.5228220819595435,
      1.9191228112578276,
      3.1003823112004945,
      3.9532641245041673,
      3.1628969085117515,
      1.8397250582689015,
      2.6008531898704517,
      0.40185886173768093,
      0.02268478729784313,
      1.419957973650312,
      0.9662301993937924,
      0.5876090877358366,
      1.1859873683851132,
      1.0,
      1.0,
      1.0,
      1.0,
      1.0
    ],
    "residuals": [
      0.00018507343740948795,
      0.0002551395258329541,
      0.00011297747134142672,
      4.915166856007381e-15
    ],
    "duration_seconds": 22.447585999965668
  },
  "combined_image": "q_20260325_162531_results.png"
}