{
  "script": "q",
  "meta": {
    "n_servers": 1,
    "n_vms": 4,
    "require_all_on": true
  },
  "input": {
    "pi": [
      1.0
    ],
    "pd": [
      1.0
    ],
    "capacities": [
      11
    ],
    "vm_allocation_limits": [
      5,
      5,
      8,
      5
    ],
    "min_cpu_per_vm": 1.0
  },
  "qp_lp": "\\ This file has been generated by DOcplex\n\\ ENCODING=ISO-8859-1\n\\Problem name: qiskit_server\n\nMinimize\n obj: si0 + [ 2 vj0i0*uj0 + 2 vj1i0*uj1 + 2 vj2i0*uj2 + 2 vj3i0*uj3 ]/2\nSubject To\n cons_server_load_0: vj0i0 + vj1i0 + vj2i0 + vj3i0 >= 10\n cons_server_on_0: si0 = 1\n cons_vm_alloc_0: vj0i0 <= 5\n cons_vm_alloc_1: vj1i0 <= 5\n cons_vm_alloc_2: vj2i0 <= 8\n cons_vm_alloc_3: vj3i0 <= 5\n cons_min_cpu_vm_0: uj0 >= 1\n cons_min_cpu_vm_1: uj1 >= 1\n cons_min_cpu_vm_2: uj2 >= 1\n cons_min_cpu_vm_3: uj3 >= 1\n\nBounds\n 0 <= si0 <= 1\n 1 <= uj0\n 1 <= uj1\n 1 <= uj2\n 1 <= uj3\n\nBinaries\n si0\nEnd\n",
  "classic": {
    "objective": 11.000060638397823,
    "status": "SUCCESS",
    "x": [
      1.0,
      3.25050796923261,
      2.2491843787664374,
      2.250266507101408,
      2.250077700042482,
      1.0,
      1.0000014843232234,
      1.0000038240953364,
      1.0000053951490753
    ],
    "residuals": [
      1.1558734536176729e-07
    ],
    "duration_seconds": 0.3872447080211714
  },
  "quantum": {
    "objective": 11.000060638397823,
    "status": "SUCCESS",
    "x": [
      1.0,
      3.25050796923261,
      2.2491843787664374,
      2.250266507101408,
      2.250077700042482,
      1.0,
      1.0000014843232234,
      1.0000038240953364,
      1.0000053951490753
    ],
    "residuals": [
      1.1558734536176729e-07
    ],
    "duration_seconds": 1.5785263340221718
  },
  "combined_image": "q_20260325_162240_results.png"
}