{
  "script": "q",
  "meta": {
    "n_servers": 6,
    "n_vms": 4,
    "require_all_on": true
  },
  "input": {
    "pi": [
      1.0,
      1.0,
      1.0,
      1.0,
      1.0,
      1.0
    ],
    "pd": [
      1.0,
      1.0,
      1.0,
      1.0,
      1.0,
      1.0
    ],
    "capacities": [
      11,
      11,
      11,
      10,
      10,
      10
    ],
    "vm_allocation_limits": [
      22,
      19,
      21,
      20
    ],
    "min_cpu_per_vm": 1.0
  },
  "qp_lp": "\\ This file has been generated by DOcplex\n\\ ENCODING=ISO-8859-1\n\\Problem name: qiskit_server\n\nMinimize\n obj: si0 + si1 + si2 + si3 + si4 + si5 + [ 2 vj0i0*uj0 + 2 vj0i1*uj0\n      + 2 vj0i2*uj0 + 2 vj0i3*uj0 + 2 vj0i4*uj0 + 2 vj0i5*uj0 + 2 vj1i0*uj1\n      + 2 vj1i1*uj1 + 2 vj1i2*uj1 + 2 vj1i3*uj1 + 2 vj1i4*uj1 + 2 vj1i5*uj1\n      + 2 vj2i0*uj2 + 2 vj2i1*uj2 + 2 vj2i2*uj2 + 2 vj2i3*uj2 + 2 vj2i4*uj2\n      + 2 vj2i5*uj2 + 2 vj3i0*uj3 + 2 vj3i1*uj3 + 2 vj3i2*uj3 + 2 vj3i3*uj3\n      + 2 vj3i4*uj3 + 2 vj3i5*uj3 ]/2\nSubject To\n cons_server_load_0: vj0i0 + vj1i0 + vj2i0 + vj3i0 >= 10\n cons_server_load_1: vj0i1 + vj1i1 + vj2i1 + vj3i1 >= 10\n cons_server_load_2: vj0i2 + vj1i2 + vj2i2 + vj3i2 >= 10\n cons_server_load_3: vj0i3 + vj1i3 + vj2i3 + vj3i3 >= 9\n cons_server_load_4: vj0i4 + vj1i4 + vj2i4 + vj3i4 >= 9\n cons_server_load_5: vj0i5 + vj1i5 + vj2i5 + vj3i5 >= 9\n cons_server_on_0: si0 = 1\n cons_server_on_1: si1 = 1\n cons_server_on_2: si2 = 1\n cons_server_on_3: si3 = 1\n cons_server_on_4: si4 = 1\n cons_server_on_5: si5 = 1\n cons_vm_alloc_0: vj0i0 + vj0i1 + vj0i2 + vj0i3 + vj0i4 + vj0i5 <= 22\n cons_vm_alloc_1: vj1i0 + vj1i1 + vj1i2 + vj1i3 + vj1i4 + vj1i5 <= 19\n cons_vm_alloc_2: vj2i0 + vj2i1 + vj2i2 + vj2i3 + vj2i4 + vj2i5 <= 21\n cons_vm_alloc_3: vj3i0 + vj3i1 + vj3i2 + vj3i3 + vj3i4 + vj3i5 <= 20\n cons_min_cpu_vm_0: uj0 >= 1\n cons_min_cpu_vm_1: uj1 >= 1\n cons_min_cpu_vm_2: uj2 >= 1\n cons_min_cpu_vm_3: uj3 >= 1\n\nBounds\n 0 <= si0 <= 1\n 0 <= si1 <= 1\n 0 <= si2 <= 1\n 0 <= si3 <= 1\n 0 <= si4 <= 1\n 0 <= si5 <= 1\n 1 <= uj0\n 1 <= uj1\n 1 <= uj2\n 1 <= uj3\n\nBinaries\n si0 si1 si2 si3 si4 si5\nEnd\n",
  "classic": {
    "objective": 63.000154400144176,
    "status": "INFEASIBLE",
    "x": [
      1.0,
      1.0,
      1.0,
      1.0,
      1.0,
      1.0,
      2.8840142396387543,
      4.546722279474165,
      1.9726266587295314,
      4.401469787616856,
      2.2155620105489473,
      1.966635227523527,
      0.8095070581398662,
      2.2655514381538695,
      2.468254993066249,
      1.7878470519533105,
      2.666250764573309,
      4.0532429443496065,
      3.535945156962541,
      1.884180428253622,
      4.1276491793745755,
      2.8105673497457864,
      2.9948610464058696,
      1.0287263784918579,
      2.770584740442894,
      1.3035488596909774,
      1.4315160842797856,
      5.885295977370403e-05,
      1.123362026190822,
      1.9514698435776778,
      1.0,
      1.0,
      1.0,
      1.0
    ],
    "residuals": [
      0.0001581083670660216,
      0.00019690140278787416,
      0.000466272590370046,
      0.00011273441615226911,
      0.00010642035060167757,
      0.00022429527529146278,
      0.0003052392379161838,
      0.00013481508399077797,
      0.0001295930844438759,
      0.0001206158394689811,
      0.00012804024240280703,
      0.000190843100747972,
      9.19150418789496e-05
    ],
    "duration_seconds": 99.45079064399988
  },
  "quantum": {
    "objective": 63.000154400144176,
    "status": "INFEASIBLE",
    "x": [
      1.0,
      1.0,
      1.0,
      1.0,
      1.0,
      1.0,
      2.8840142396387543,
      4.546722279474165,
      1.9726266587295314,
      4.401469787616856,
      2.2155620105489473,
      1.966635227523527,
      0.8095070581398662,
      2.2655514381538695,
      2.468254993066249,
      1.7878470519533105,
      2.666250764573309,
      4.0532429443496065,
      3.535945156962541,
      1.884180428253622,
      4.1276491793745755,
      2.8105673497457864,
      2.9948610464058696,
      1.0287263784918579,
      2.770584740442894,
      1.3035488596909774,
      1.4315160842797856,
      5.885295977370403e-05,
      1.123362026190822,
      1.9514698435776778,
      1.0,
      1.0,
      1.0,
      1.0
    ],
    "residuals": [
      0.0001581083670660216,
      0.00019690140278787416,
      0.000466272590370046,
      0.00011273441615226911,
      0.00010642035060167757,
      0.00022429527529146278,
      0.0003052392379161838,
      0.00013481508399077797,
      0.0001295930844438759,
      0.0001206158394689811,
      0.00012804024240280703,
      0.000190843100747972,
      9.19150418789496e-05
    ],
    "duration_seconds": 511.05707260500003
  },
  "combined_image": "q_20260615_104810_results.png"
}