{
  "script": "q",
  "meta": {
    "n_servers": 3,
    "n_vms": 3,
    "require_all_on": true
  },
  "input": {
    "pi": [
      1.0,
      1.0,
      1.0
    ],
    "pd": [
      1.0,
      1.0,
      1.0
    ],
    "capacities": [
      11,
      11,
      11
    ],
    "vm_allocation_limits": [
      15,
      16,
      14
    ],
    "min_cpu_per_vm": 1.0
  },
  "qp_lp": "\\ This file has been generated by DOcplex\n\\ ENCODING=ISO-8859-1\n\\Problem name: qiskit_server\n\nMinimize\n obj: si0 + si1 + si2 + [ 2 vj0i0*uj0 + 2 vj0i1*uj0 + 2 vj0i2*uj0 + 2 vj1i0*uj1\n      + 2 vj1i1*uj1 + 2 vj1i2*uj1 + 2 vj2i0*uj2 + 2 vj2i1*uj2 + 2 vj2i2*uj2 ]/2\nSubject To\n cons_server_load_0: vj0i0 + vj1i0 + vj2i0 >= 10\n cons_server_load_1: vj0i1 + vj1i1 + vj2i1 >= 10\n cons_server_load_2: vj0i2 + vj1i2 + vj2i2 >= 10\n cons_server_on_0: si0 = 1\n cons_server_on_1: si1 = 1\n cons_server_on_2: si2 = 1\n cons_vm_alloc_0: vj0i0 + vj0i1 + vj0i2 <= 15\n cons_vm_alloc_1: vj1i0 + vj1i1 + vj1i2 <= 16\n cons_vm_alloc_2: vj2i0 + vj2i1 + vj2i2 <= 14\n cons_min_cpu_vm_0: uj0 >= 1\n cons_min_cpu_vm_1: uj1 >= 1\n cons_min_cpu_vm_2: uj2 >= 1\n\nBounds\n 0 <= si0 <= 1\n 0 <= si1 <= 1\n 0 <= si2 <= 1\n 1 <= uj0\n 1 <= uj1\n 1 <= uj2\n\nBinaries\n si0 si1 si2\nEnd\n",
  "classic": {
    "objective": 33.00011671857878,
    "status": "SUCCESS",
    "x": [
      1.0,
      1.0,
      1.0,
      0.8271387985864207,
      1.7509806209782426,
      2.9922184486999637,
      6.051897144078562,
      6.764576541832207,
      3.1828910821977403,
      3.120974523087969,
      1.484449017008915,
      3.8248904691022956,
      1.0,
      1.0,
      1.000011870614351
    ],
    "residuals": [
      7.24929005713193e-11
    ],
    "duration_seconds": 0.744104209006764
  },
  "quantum": {
    "objective": 33.00011671857878,
    "status": "SUCCESS",
    "x": [
      1.0,
      1.0,
      1.0,
      0.8271387985864207,
      1.7509806209782426,
      2.9922184486999637,
      6.051897144078562,
      6.764576541832207,
      3.1828910821977403,
      3.120974523087969,
      1.484449017008915,
      3.8248904691022956,
      1.0,
      1.0,
      1.000011870614351
    ],
    "residuals": [
      7.24929005713193e-11
    ],
    "duration_seconds": 2.765226415998768
  },
  "combined_image": "q_20260325_162349_results.png"
}