{
  "script": "q",
  "meta": {
    "n_servers": 5,
    "n_vms": 5,
    "require_all_on": true
  },
  "input": {
    "pi": [
      1.0,
      1.0,
      1.0,
      1.0,
      1.0
    ],
    "pd": [
      1.0,
      1.0,
      1.0,
      1.0,
      1.0
    ],
    "capacities": [
      11,
      11,
      11,
      10,
      10
    ],
    "vm_allocation_limits": [
      14,
      15,
      15,
      17,
      14
    ],
    "min_cpu_per_vm": 1.0
  },
  "qp_lp": "\\ This file has been generated by DOcplex\n\\ ENCODING=ISO-8859-1\n\\Problem name: qiskit_server\n\nMinimize\n obj: si0 + si1 + si2 + si3 + si4 + [ 2 vj0i0*uj0 + 2 vj0i1*uj0 + 2 vj0i2*uj0\n      + 2 vj0i3*uj0 + 2 vj0i4*uj0 + 2 vj1i0*uj1 + 2 vj1i1*uj1 + 2 vj1i2*uj1\n      + 2 vj1i3*uj1 + 2 vj1i4*uj1 + 2 vj2i0*uj2 + 2 vj2i1*uj2 + 2 vj2i2*uj2\n      + 2 vj2i3*uj2 + 2 vj2i4*uj2 + 2 vj3i0*uj3 + 2 vj3i1*uj3 + 2 vj3i2*uj3\n      + 2 vj3i3*uj3 + 2 vj3i4*uj3 + 2 vj4i0*uj4 + 2 vj4i1*uj4 + 2 vj4i2*uj4\n      + 2 vj4i3*uj4 + 2 vj4i4*uj4 ]/2\nSubject To\n cons_server_load_0: vj0i0 + vj1i0 + vj2i0 + vj3i0 + vj4i0 >= 10\n cons_server_load_1: vj0i1 + vj1i1 + vj2i1 + vj3i1 + vj4i1 >= 10\n cons_server_load_2: vj0i2 + vj1i2 + vj2i2 + vj3i2 + vj4i2 >= 10\n cons_server_load_3: vj0i3 + vj1i3 + vj2i3 + vj3i3 + vj4i3 >= 9\n cons_server_load_4: vj0i4 + vj1i4 + vj2i4 + vj3i4 + vj4i4 >= 9\n cons_server_on_0: si0 = 1\n cons_server_on_1: si1 = 1\n cons_server_on_2: si2 = 1\n cons_server_on_3: si3 = 1\n cons_server_on_4: si4 = 1\n cons_vm_alloc_0: vj0i0 + vj0i1 + vj0i2 + vj0i3 + vj0i4 <= 14\n cons_vm_alloc_1: vj1i0 + vj1i1 + vj1i2 + vj1i3 + vj1i4 <= 15\n cons_vm_alloc_2: vj2i0 + vj2i1 + vj2i2 + vj2i3 + vj2i4 <= 15\n cons_vm_alloc_3: vj3i0 + vj3i1 + vj3i2 + vj3i3 + vj3i4 <= 17\n cons_vm_alloc_4: vj4i0 + vj4i1 + vj4i2 + vj4i3 + vj4i4 <= 14\n cons_min_cpu_vm_0: uj0 >= 1\n cons_min_cpu_vm_1: uj1 >= 1\n cons_min_cpu_vm_2: uj2 >= 1\n cons_min_cpu_vm_3: uj3 >= 1\n cons_min_cpu_vm_4: uj4 >= 1\n\nBounds\n 0 <= si0 <= 1\n 0 <= si1 <= 1\n 0 <= si2 <= 1\n 0 <= si3 <= 1\n 0 <= si4 <= 1\n 1 <= uj0\n 1 <= uj1\n 1 <= uj2\n 1 <= uj3\n 1 <= uj4\n\nBinaries\n si0 si1 si2 si3 si4\nEnd\n",
  "classic": {
    "objective": 53.00047542839211,
    "status": "INFEASIBLE",
    "x": [
      1.0,
      1.0,
      1.0,
      1.0,
      1.0,
      0.9777525921476536,
      1.4545531452624365,
      2.3947624419107365,
      1.7720070725796493,
      1.7138181181202174,
      2.556152171088515,
      1.878993138654602,
      2.2116833620559335,
      1.981930621189267,
      1.8357575496159115,
      2.5393584442002948,
      2.978506680327729,
      3.2458435769754526,
      2.6309865028823762,
      2.6801144222928306,
      2.3278917027316313,
      3.072339640889885,
      2.1389119586435865,
      2.1035115269913782,
      2.1651590574589314,
      1.5988193965235769,
      0.615498839453562,
      0.00883778327009386,
      0.5118133830087396,
      0.6051815272115547,
      1.0000349785438858,
      1.0,
      1.0,
      1.0,
      1.0
    ],
    "residuals": [
      0.00010949951520154408,
      3.147732114028688e-13
    ],
    "duration_seconds": 12.343627939999806
  },
  "quantum": {
    "objective": 53.00047542839211,
    "status": "INFEASIBLE",
    "x": [
      1.0,
      1.0,
      1.0,
      1.0,
      1.0,
      0.9777525921476536,
      1.4545531452624365,
      2.3947624419107365,
      1.7720070725796493,
      1.7138181181202174,
      2.556152171088515,
      1.878993138654602,
      2.2116833620559335,
      1.981930621189267,
      1.8357575496159115,
      2.5393584442002948,
      2.978506680327729,
      3.2458435769754526,
      2.6309865028823762,
      2.6801144222928306,
      2.3278917027316313,
      3.072339640889885,
      2.1389119586435865,
      2.1035115269913782,
      2.1651590574589314,
      1.5988193965235769,
      0.615498839453562,
      0.00883778327009386,
      0.5118133830087396,
      0.6051815272115547,
      1.0000349785438858,
      1.0,
      1.0,
      1.0,
      1.0
    ],
    "residuals": [
      0.00010949951520154408,
      3.147732114028688e-13
    ],
    "duration_seconds": 40.21666918700021
  },
  "combined_image": "q_20260615_103528_results.png"
}