{
  "script": "q",
  "meta": {
    "n_servers": 2,
    "n_vms": 1,
    "require_all_on": true
  },
  "input": {
    "pi": [
      1.0,
      1.0
    ],
    "pd": [
      1.0,
      1.0
    ],
    "capacities": [
      11,
      11
    ],
    "vm_allocation_limits": [
      29
    ],
    "min_cpu_per_vm": 1.0
  },
  "qp_lp": "\\ This file has been generated by DOcplex\n\\ ENCODING=ISO-8859-1\n\\Problem name: qiskit_server\n\nMinimize\n obj: si0 + si1 + [ 2 vj0i0*uj0 + 2 vj0i1*uj0 ]/2\nSubject To\n cons_server_load_0: vj0i0 >= 10\n cons_server_load_1: vj0i1 >= 10\n cons_server_on_0: si0 = 1\n cons_server_on_1: si1 = 1\n cons_vm_alloc_0: vj0i0 + vj0i1 <= 29\n cons_min_cpu_vm_0: uj0 >= 1\n\nBounds\n 0 <= si0 <= 1\n 0 <= si1 <= 1\n 1 <= uj0\n\nBinaries\n si0 si1\nEnd\n",
  "classic": {
    "objective": 22.00000971193317,
    "status": "SUCCESS",
    "x": [
      1.0,
      1.0,
      10.000000000000002,
      10.000009711933169,
      1.0
    ],
    "residuals": [
      2.220446049250313e-16
    ],
    "duration_seconds": 0.16898900002706796
  },
  "quantum": {
    "objective": 22.00000971193317,
    "status": "SUCCESS",
    "x": [
      1.0,
      1.0,
      10.000000000000002,
      10.000009711933169,
      1.0
    ],
    "residuals": [
      2.220446049250313e-16
    ],
    "duration_seconds": 1.6357214580057189
  },
  "combined_image": "q_20260325_162257_results.png"
}