{
  "script": "q",
  "meta": {
    "n_servers": 2,
    "n_vms": 6,
    "require_all_on": true
  },
  "input": {
    "pi": [
      1.0,
      1.0
    ],
    "pd": [
      1.0,
      1.0
    ],
    "capacities": [
      11,
      11
    ],
    "vm_allocation_limits": [
      13,
      10,
      13,
      10,
      12,
      12
    ],
    "min_cpu_per_vm": 1.0
  },
  "qp_lp": "\\ This file has been generated by DOcplex\n\\ ENCODING=ISO-8859-1\n\\Problem name: qiskit_server\n\nMinimize\n obj: si0 + si1 + [ 2 vj0i0*uj0 + 2 vj0i1*uj0 + 2 vj1i0*uj1 + 2 vj1i1*uj1\n      + 2 vj2i0*uj2 + 2 vj2i1*uj2 + 2 vj3i0*uj3 + 2 vj3i1*uj3 + 2 vj4i0*uj4\n      + 2 vj4i1*uj4 + 2 vj5i0*uj5 + 2 vj5i1*uj5 ]/2\nSubject To\n cons_server_load_0: vj0i0 + vj1i0 + vj2i0 + vj3i0 + vj4i0 + vj5i0 >= 10\n cons_server_load_1: vj0i1 + vj1i1 + vj2i1 + vj3i1 + vj4i1 + vj5i1 >= 10\n cons_server_on_0: si0 = 1\n cons_server_on_1: si1 = 1\n cons_vm_alloc_0: vj0i0 + vj0i1 <= 13\n cons_vm_alloc_1: vj1i0 + vj1i1 <= 10\n cons_vm_alloc_2: vj2i0 + vj2i1 <= 13\n cons_vm_alloc_3: vj3i0 + vj3i1 <= 10\n cons_vm_alloc_4: vj4i0 + vj4i1 <= 12\n cons_vm_alloc_5: vj5i0 + vj5i1 <= 12\n cons_min_cpu_vm_0: uj0 >= 1\n cons_min_cpu_vm_1: uj1 >= 1\n cons_min_cpu_vm_2: uj2 >= 1\n cons_min_cpu_vm_3: uj3 >= 1\n cons_min_cpu_vm_4: uj4 >= 1\n cons_min_cpu_vm_5: uj5 >= 1\n\nBounds\n 0 <= si0 <= 1\n 0 <= si1 <= 1\n 1 <= uj0\n 1 <= uj1\n 1 <= uj2\n 1 <= uj3\n 1 <= uj4\n 1 <= uj5\n\nBinaries\n si0 si1\nEnd\n",
  "classic": {
    "objective": 22.000011578777027,
    "status": "INFEASIBLE",
    "x": [
      1.0,
      1.0,
      1.6829604575317252,
      1.6740156705119655,
      1.6476819429054952,
      1.7310899286941104,
      1.671784873135321,
      1.6480890855058508,
      1.714091631038107,
      1.6499884511946423,
      1.6284680634201227,
      1.6981493972669093,
      1.6550268231973453,
      1.5986652543754298,
      1.0,
      1.0,
      1.0,
      1.0,
      1.0,
      1.0
    ],
    "residuals": [
      1.1102230246251565e-16
    ],
    "duration_seconds": 1.9291457790000095
  },
  "quantum": {
    "objective": 22.000011578777027,
    "status": "INFEASIBLE",
    "x": [
      1.0,
      1.0,
      1.6829604575317252,
      1.6740156705119655,
      1.6476819429054952,
      1.7310899286941104,
      1.671784873135321,
      1.6480890855058508,
      1.714091631038107,
      1.6499884511946423,
      1.6284680634201227,
      1.6981493972669093,
      1.6550268231973453,
      1.5986652543754298,
      1.0,
      1.0,
      1.0,
      1.0,
      1.0,
      1.0
    ],
    "residuals": [
      1.1102230246251565e-16
    ],
    "duration_seconds": 4.0808645249999245
  },
  "combined_image": "q_20260615_102949_results.png"
}