{
  "script": "q",
  "meta": {
    "n_servers": 5,
    "n_vms": 3,
    "require_all_on": true
  },
  "input": {
    "pi": [
      1.0,
      1.0,
      1.0,
      1.0,
      1.0
    ],
    "pd": [
      1.0,
      1.0,
      1.0,
      1.0,
      1.0
    ],
    "capacities": [
      11,
      11,
      11,
      10,
      10
    ],
    "vm_allocation_limits": [
      23,
      22,
      21
    ],
    "min_cpu_per_vm": 1.0
  },
  "qp_lp": "\\ This file has been generated by DOcplex\n\\ ENCODING=ISO-8859-1\n\\Problem name: qiskit_server\n\nMinimize\n obj: si0 + si1 + si2 + si3 + si4 + [ 2 vj0i0*uj0 + 2 vj0i1*uj0 + 2 vj0i2*uj0\n      + 2 vj0i3*uj0 + 2 vj0i4*uj0 + 2 vj1i0*uj1 + 2 vj1i1*uj1 + 2 vj1i2*uj1\n      + 2 vj1i3*uj1 + 2 vj1i4*uj1 + 2 vj2i0*uj2 + 2 vj2i1*uj2 + 2 vj2i2*uj2\n      + 2 vj2i3*uj2 + 2 vj2i4*uj2 ]/2\nSubject To\n cons_server_load_0: vj0i0 + vj1i0 + vj2i0 >= 10\n cons_server_load_1: vj0i1 + vj1i1 + vj2i1 >= 10\n cons_server_load_2: vj0i2 + vj1i2 + vj2i2 >= 10\n cons_server_load_3: vj0i3 + vj1i3 + vj2i3 >= 9\n cons_server_load_4: vj0i4 + vj1i4 + vj2i4 >= 9\n cons_server_on_0: si0 = 1\n cons_server_on_1: si1 = 1\n cons_server_on_2: si2 = 1\n cons_server_on_3: si3 = 1\n cons_server_on_4: si4 = 1\n cons_vm_alloc_0: vj0i0 + vj0i1 + vj0i2 + vj0i3 + vj0i4 <= 23\n cons_vm_alloc_1: vj1i0 + vj1i1 + vj1i2 + vj1i3 + vj1i4 <= 22\n cons_vm_alloc_2: vj2i0 + vj2i1 + vj2i2 + vj2i3 + vj2i4 <= 21\n cons_min_cpu_vm_0: uj0 >= 1\n cons_min_cpu_vm_1: uj1 >= 1\n cons_min_cpu_vm_2: uj2 >= 1\n\nBounds\n 0 <= si0 <= 1\n 0 <= si1 <= 1\n 0 <= si2 <= 1\n 0 <= si3 <= 1\n 0 <= si4 <= 1\n 1 <= uj0\n 1 <= uj1\n 1 <= uj2\n\nBinaries\n si0 si1 si2 si3 si4\nEnd\n",
  "classic": {
    "objective": 53.00067910320867,
    "status": "SUCCESS",
    "x": [
      1.0,
      1.0,
      1.0,
      1.0,
      1.0,
      3.3625229591184516,
      3.269753013730036,
      3.315860202671973,
      3.001482227735628,
      3.0007234020501357,
      3.3111563266556914,
      3.4015987759824844,
      3.334175624285088,
      2.987368438549797,
      3.002824111866331,
      3.3263534949847346,
      3.328740864043151,
      3.3501867052472556,
      3.0114046042023905,
      2.9964946270387642,
      1.0,
      1.0000021029361794,
      1.0
    ],
    "residuals": [
      0.00017873304214900983,
      8.851274394356578e-05
    ],
    "duration_seconds": 2.37955279200105
  },
  "quantum": {
    "objective": 53.00067910320867,
    "status": "SUCCESS",
    "x": [
      1.0,
      1.0,
      1.0,
      1.0,
      1.0,
      3.3625229591184516,
      3.269753013730036,
      3.315860202671973,
      3.001482227735628,
      3.0007234020501357,
      3.3111563266556914,
      3.4015987759824844,
      3.334175624285088,
      2.987368438549797,
      3.002824111866331,
      3.3263534949847346,
      3.328740864043151,
      3.3501867052472556,
      3.0114046042023905,
      2.9964946270387642,
      1.0,
      1.0000021029361794,
      1.0
    ],
    "residuals": [
      0.00017873304214900983,
      8.851274394356578e-05
    ],
    "duration_seconds": 15.017419791955035
  },
  "combined_image": "q_20260325_162703_results.png"
}