{
  "script": "q",
  "meta": {
    "n_servers": 3,
    "n_vms": 3,
    "require_all_on": true
  },
  "input": {
    "pi": [
      1.0,
      1.0,
      1.0
    ],
    "pd": [
      1.0,
      1.0,
      1.0
    ],
    "capacities": [
      11,
      11,
      11
    ],
    "vm_allocation_limits": [
      15,
      16,
      14
    ],
    "min_cpu_per_vm": 1.0
  },
  "qp_lp": "\\ This file has been generated by DOcplex\n\\ ENCODING=ISO-8859-1\n\\Problem name: qiskit_server\n\nMinimize\n obj: si0 + si1 + si2 + [ 2 vj0i0*uj0 + 2 vj0i1*uj0 + 2 vj0i2*uj0 + 2 vj1i0*uj1\n      + 2 vj1i1*uj1 + 2 vj1i2*uj1 + 2 vj2i0*uj2 + 2 vj2i1*uj2 + 2 vj2i2*uj2 ]/2\nSubject To\n cons_server_load_0: vj0i0 + vj1i0 + vj2i0 >= 10\n cons_server_load_1: vj0i1 + vj1i1 + vj2i1 >= 10\n cons_server_load_2: vj0i2 + vj1i2 + vj2i2 >= 10\n cons_server_on_0: si0 = 1\n cons_server_on_1: si1 = 1\n cons_server_on_2: si2 = 1\n cons_vm_alloc_0: vj0i0 + vj0i1 + vj0i2 <= 15\n cons_vm_alloc_1: vj1i0 + vj1i1 + vj1i2 <= 16\n cons_vm_alloc_2: vj2i0 + vj2i1 + vj2i2 <= 14\n cons_min_cpu_vm_0: uj0 >= 1\n cons_min_cpu_vm_1: uj1 >= 1\n cons_min_cpu_vm_2: uj2 >= 1\n\nBounds\n 0 <= si0 <= 1\n 0 <= si1 <= 1\n 0 <= si2 <= 1\n 1 <= uj0\n 1 <= uj1\n 1 <= uj2\n\nBinaries\n si0 si1 si2\nEnd\n",
  "classic": {
    "objective": 32.99993411564361,
    "status": "INFEASIBLE",
    "x": [
      1.0,
      1.0,
      1.0,
      2.226949345840849,
      2.878012168398515,
      3.6432909941784377,
      2.6012967174592005,
      3.2417726743708584,
      1.419906253533327,
      5.171737092452535,
      3.8802115078920165,
      4.936757361517866,
      1.0,
      1.0,
      1.0
    ],
    "residuals": [
      7.493785588836749e-13
    ],
    "duration_seconds": 1.1422360679998746
  },
  "quantum": {
    "objective": 32.99993411564361,
    "status": "INFEASIBLE",
    "x": [
      1.0,
      1.0,
      1.0,
      2.226949345840849,
      2.878012168398515,
      3.6432909941784377,
      2.6012967174592005,
      3.2417726743708584,
      1.419906253533327,
      5.171737092452535,
      3.8802115078920165,
      4.936757361517866,
      1.0,
      1.0,
      1.0
    ],
    "residuals": [
      7.493785588836749e-13
    ],
    "duration_seconds": 4.424609340999723
  },
  "combined_image": "q_20260615_103013_results.png"
}