{
  "script": "q",
  "meta": {
    "n_servers": 4,
    "n_vms": 4,
    "require_all_on": true
  },
  "input": {
    "pi": [
      1.0,
      1.0,
      1.0,
      1.0
    ],
    "pd": [
      1.0,
      1.0,
      1.0,
      1.0
    ],
    "capacities": [
      11,
      11,
      11,
      10
    ],
    "vm_allocation_limits": [
      15,
      14,
      16,
      17
    ],
    "min_cpu_per_vm": 1.0
  },
  "qp_lp": "\\ This file has been generated by DOcplex\n\\ ENCODING=ISO-8859-1\n\\Problem name: qiskit_server\n\nMinimize\n obj: si0 + si1 + si2 + si3 + [ 2 vj0i0*uj0 + 2 vj0i1*uj0 + 2 vj0i2*uj0\n      + 2 vj0i3*uj0 + 2 vj1i0*uj1 + 2 vj1i1*uj1 + 2 vj1i2*uj1 + 2 vj1i3*uj1\n      + 2 vj2i0*uj2 + 2 vj2i1*uj2 + 2 vj2i2*uj2 + 2 vj2i3*uj2 + 2 vj3i0*uj3\n      + 2 vj3i1*uj3 + 2 vj3i2*uj3 + 2 vj3i3*uj3 ]/2\nSubject To\n cons_server_load_0: vj0i0 + vj1i0 + vj2i0 + vj3i0 >= 10\n cons_server_load_1: vj0i1 + vj1i1 + vj2i1 + vj3i1 >= 10\n cons_server_load_2: vj0i2 + vj1i2 + vj2i2 + vj3i2 >= 10\n cons_server_load_3: vj0i3 + vj1i3 + vj2i3 + vj3i3 >= 9\n cons_server_on_0: si0 = 1\n cons_server_on_1: si1 = 1\n cons_server_on_2: si2 = 1\n cons_server_on_3: si3 = 1\n cons_vm_alloc_0: vj0i0 + vj0i1 + vj0i2 + vj0i3 <= 15\n cons_vm_alloc_1: vj1i0 + vj1i1 + vj1i2 + vj1i3 <= 14\n cons_vm_alloc_2: vj2i0 + vj2i1 + vj2i2 + vj2i3 <= 16\n cons_vm_alloc_3: vj3i0 + vj3i1 + vj3i2 + vj3i3 <= 17\n cons_min_cpu_vm_0: uj0 >= 1\n cons_min_cpu_vm_1: uj1 >= 1\n cons_min_cpu_vm_2: uj2 >= 1\n cons_min_cpu_vm_3: uj3 >= 1\n\nBounds\n 0 <= si0 <= 1\n 0 <= si1 <= 1\n 0 <= si2 <= 1\n 0 <= si3 <= 1\n 1 <= uj0\n 1 <= uj1\n 1 <= uj2\n 1 <= uj3\n\nBinaries\n si0 si1 si2 si3\nEnd\n",
  "classic": {
    "objective": 42.9999826811556,
    "status": "INFEASIBLE",
    "x": [
      1.0,
      1.0,
      1.0,
      1.0,
      2.4854326525666552,
      2.4806540735992155,
      2.4828171793061364,
      2.245281838908205,
      2.57874227756211,
      2.529668170611585,
      2.490448711513223,
      2.239413295080187,
      2.4639583545032413,
      2.4956042546814285,
      2.493632076418864,
      2.273049723125511,
      2.4718389163217864,
      2.4940954813207385,
      2.533109982871254,
      2.2422356927654548,
      1.0,
      1.0,
      1.0,
      1.0
    ],
    "residuals": [
      9.26547021249283e-06
    ],
    "duration_seconds": 2.388061953000033
  },
  "quantum": {
    "objective": 42.9999826811556,
    "status": "INFEASIBLE",
    "x": [
      1.0,
      1.0,
      1.0,
      1.0,
      2.4854326525666552,
      2.4806540735992155,
      2.4828171793061364,
      2.245281838908205,
      2.57874227756211,
      2.529668170611585,
      2.490448711513223,
      2.239413295080187,
      2.4639583545032413,
      2.4956042546814285,
      2.493632076418864,
      2.273049723125511,
      2.4718389163217864,
      2.4940954813207385,
      2.533109982871254,
      2.2422356927654548,
      1.0,
      1.0,
      1.0,
      1.0
    ],
    "residuals": [
      9.26547021249283e-06
    ],
    "duration_seconds": 9.903968928999802
  },
  "combined_image": "q_20260615_103151_results.png"
}