{
  "script": "q",
  "meta": {
    "n_servers": 1,
    "n_vms": 6,
    "require_all_on": true
  },
  "input": {
    "pi": [
      1.0
    ],
    "pd": [
      1.0
    ],
    "capacities": [
      11
    ],
    "vm_allocation_limits": [
      6,
      8,
      6,
      8,
      7,
      5
    ],
    "min_cpu_per_vm": 1.0
  },
  "qp_lp": "\\ This file has been generated by DOcplex\n\\ ENCODING=ISO-8859-1\n\\Problem name: qiskit_server\n\nMinimize\n obj: si0 + [ 2 vj0i0*uj0 + 2 vj1i0*uj1 + 2 vj2i0*uj2 + 2 vj3i0*uj3\n      + 2 vj4i0*uj4 + 2 vj5i0*uj5 ]/2\nSubject To\n cons_server_load_0: vj0i0 + vj1i0 + vj2i0 + vj3i0 + vj4i0 + vj5i0 >= 10\n cons_server_on_0: si0 = 1\n cons_vm_alloc_0: vj0i0 <= 6\n cons_vm_alloc_1: vj1i0 <= 8\n cons_vm_alloc_2: vj2i0 <= 6\n cons_vm_alloc_3: vj3i0 <= 8\n cons_vm_alloc_4: vj4i0 <= 7\n cons_vm_alloc_5: vj5i0 <= 5\n cons_min_cpu_vm_0: uj0 >= 1\n cons_min_cpu_vm_1: uj1 >= 1\n cons_min_cpu_vm_2: uj2 >= 1\n cons_min_cpu_vm_3: uj3 >= 1\n cons_min_cpu_vm_4: uj4 >= 1\n cons_min_cpu_vm_5: uj5 >= 1\n\nBounds\n 0 <= si0 <= 1\n 1 <= uj0\n 1 <= uj1\n 1 <= uj2\n 1 <= uj3\n 1 <= uj4\n 1 <= uj5\n\nBinaries\n si0\nEnd\n",
  "classic": {
    "objective": 11.000067134743935,
    "status": "SUCCESS",
    "x": [
      1.0,
      5.3488945111088295,
      0.9062512624036252,
      0.9413506992955561,
      0.9625839545865134,
      0.9484644208273566,
      0.8924825971904452,
      1.0,
      1.0,
      1.0000116899364033,
      1.0000131934976682,
      1.0,
      1.0000179108844156
    ],
    "residuals": [
      1.491228474037598e-09
    ],
    "duration_seconds": 0.7630631669890136
  },
  "quantum": {
    "objective": 11.000067134743935,
    "status": "SUCCESS",
    "x": [
      1.0,
      5.3488945111088295,
      0.9062512624036252,
      0.9413506992955561,
      0.9625839545865134,
      0.9484644208273566,
      0.8924825971904452,
      1.0,
      1.0,
      1.0000116899364033,
      1.0000131934976682,
      1.0,
      1.0000179108844156
    ],
    "residuals": [
      1.491228474037598e-09
    ],
    "duration_seconds": 1.7412862500059418
  },
  "combined_image": "q_20260325_162251_results.png"
}