{
  "script": "q",
  "meta": {
    "n_servers": 6,
    "n_vms": 3,
    "require_all_on": true
  },
  "input": {
    "pi": [
      1.0,
      1.0,
      1.0,
      1.0,
      1.0,
      1.0
    ],
    "pd": [
      1.0,
      1.0,
      1.0,
      1.0,
      1.0,
      1.0
    ],
    "capacities": [
      11,
      11,
      11,
      10,
      10,
      10
    ],
    "vm_allocation_limits": [
      26,
      27,
      25
    ],
    "min_cpu_per_vm": 1.0
  },
  "qp_lp": "\\ This file has been generated by DOcplex\n\\ ENCODING=ISO-8859-1\n\\Problem name: qiskit_server\n\nMinimize\n obj: si0 + si1 + si2 + si3 + si4 + si5 + [ 2 vj0i0*uj0 + 2 vj0i1*uj0\n      + 2 vj0i2*uj0 + 2 vj0i3*uj0 + 2 vj0i4*uj0 + 2 vj0i5*uj0 + 2 vj1i0*uj1\n      + 2 vj1i1*uj1 + 2 vj1i2*uj1 + 2 vj1i3*uj1 + 2 vj1i4*uj1 + 2 vj1i5*uj1\n      + 2 vj2i0*uj2 + 2 vj2i1*uj2 + 2 vj2i2*uj2 + 2 vj2i3*uj2 + 2 vj2i4*uj2\n      + 2 vj2i5*uj2 ]/2\nSubject To\n cons_server_load_0: vj0i0 + vj1i0 + vj2i0 >= 10\n cons_server_load_1: vj0i1 + vj1i1 + vj2i1 >= 10\n cons_server_load_2: vj0i2 + vj1i2 + vj2i2 >= 10\n cons_server_load_3: vj0i3 + vj1i3 + vj2i3 >= 9\n cons_server_load_4: vj0i4 + vj1i4 + vj2i4 >= 9\n cons_server_load_5: vj0i5 + vj1i5 + vj2i5 >= 9\n cons_server_on_0: si0 = 1\n cons_server_on_1: si1 = 1\n cons_server_on_2: si2 = 1\n cons_server_on_3: si3 = 1\n cons_server_on_4: si4 = 1\n cons_server_on_5: si5 = 1\n cons_vm_alloc_0: vj0i0 + vj0i1 + vj0i2 + vj0i3 + vj0i4 + vj0i5 <= 26\n cons_vm_alloc_1: vj1i0 + vj1i1 + vj1i2 + vj1i3 + vj1i4 + vj1i5 <= 27\n cons_vm_alloc_2: vj2i0 + vj2i1 + vj2i2 + vj2i3 + vj2i4 + vj2i5 <= 25\n cons_min_cpu_vm_0: uj0 >= 1\n cons_min_cpu_vm_1: uj1 >= 1\n cons_min_cpu_vm_2: uj2 >= 1\n\nBounds\n 0 <= si0 <= 1\n 0 <= si1 <= 1\n 0 <= si2 <= 1\n 0 <= si3 <= 1\n 0 <= si4 <= 1\n 0 <= si5 <= 1\n 1 <= uj0\n 1 <= uj1\n 1 <= uj2\n\nBinaries\n si0 si1 si2 si3 si4 si5\nEnd\n",
  "classic": {
    "objective": 63.00075543152077,
    "status": "INFEASIBLE",
    "x": [
      1.0,
      1.0,
      1.0,
      1.0,
      1.0,
      1.0,
      2.5934034505768526,
      2.4948980853589364,
      2.138785103623351,
      3.186800841004219,
      3.2592747430336386,
      3.456062734273065,
      4.140736503184347,
      4.213663228926169,
      4.308350992321802,
      3.159450532103628,
      3.616483916780944,
      3.1687588401314244,
      3.265826920148925,
      3.291363679681925,
      3.552870394197646,
      2.6537742737928127,
      2.124226502735232,
      2.375130759104857,
      1.0,
      1.0,
      1.0000517824579351
    ],
    "residuals": [
      1.4006080568917666e-06
    ],
    "duration_seconds": 4.71861059999992
  },
  "quantum": {
    "objective": 63.00075543152077,
    "status": "INFEASIBLE",
    "x": [
      1.0,
      1.0,
      1.0,
      1.0,
      1.0,
      1.0,
      2.5934034505768526,
      2.4948980853589364,
      2.138785103623351,
      3.186800841004219,
      3.2592747430336386,
      3.456062734273065,
      4.140736503184347,
      4.213663228926169,
      4.308350992321802,
      3.159450532103628,
      3.616483916780944,
      3.1687588401314244,
      3.265826920148925,
      3.291363679681925,
      3.552870394197646,
      2.6537742737928127,
      2.124226502735232,
      2.375130759104857,
      1.0,
      1.0,
      1.0000517824579351
    ],
    "residuals": [
      1.4006080568917666e-06
    ],
    "duration_seconds": 37.16576873899976
  },
  "combined_image": "q_20260615_103756_results.png"
}