{
  "script": "q",
  "meta": {
    "n_servers": 4,
    "n_vms": 6,
    "require_all_on": true
  },
  "input": {
    "pi": [
      1.0,
      1.0,
      1.0,
      1.0
    ],
    "pd": [
      1.0,
      1.0,
      1.0,
      1.0
    ],
    "capacities": [
      11,
      11,
      11,
      10
    ],
    "vm_allocation_limits": [
      17,
      17,
      17,
      15,
      16,
      15
    ],
    "min_cpu_per_vm": 1.0
  },
  "qp_lp": "\\ This file has been generated by DOcplex\n\\ ENCODING=ISO-8859-1\n\\Problem name: qiskit_server\n\nMinimize\n obj: si0 + si1 + si2 + si3 + [ 2 vj0i0*uj0 + 2 vj0i1*uj0 + 2 vj0i2*uj0\n      + 2 vj0i3*uj0 + 2 vj1i0*uj1 + 2 vj1i1*uj1 + 2 vj1i2*uj1 + 2 vj1i3*uj1\n      + 2 vj2i0*uj2 + 2 vj2i1*uj2 + 2 vj2i2*uj2 + 2 vj2i3*uj2 + 2 vj3i0*uj3\n      + 2 vj3i1*uj3 + 2 vj3i2*uj3 + 2 vj3i3*uj3 + 2 vj4i0*uj4 + 2 vj4i1*uj4\n      + 2 vj4i2*uj4 + 2 vj4i3*uj4 + 2 vj5i0*uj5 + 2 vj5i1*uj5 + 2 vj5i2*uj5\n      + 2 vj5i3*uj5 ]/2\nSubject To\n cons_server_load_0: vj0i0 + vj1i0 + vj2i0 + vj3i0 + vj4i0 + vj5i0 >= 10\n cons_server_load_1: vj0i1 + vj1i1 + vj2i1 + vj3i1 + vj4i1 + vj5i1 >= 10\n cons_server_load_2: vj0i2 + vj1i2 + vj2i2 + vj3i2 + vj4i2 + vj5i2 >= 10\n cons_server_load_3: vj0i3 + vj1i3 + vj2i3 + vj3i3 + vj4i3 + vj5i3 >= 9\n cons_server_on_0: si0 = 1\n cons_server_on_1: si1 = 1\n cons_server_on_2: si2 = 1\n cons_server_on_3: si3 = 1\n cons_vm_alloc_0: vj0i0 + vj0i1 + vj0i2 + vj0i3 <= 17\n cons_vm_alloc_1: vj1i0 + vj1i1 + vj1i2 + vj1i3 <= 17\n cons_vm_alloc_2: vj2i0 + vj2i1 + vj2i2 + vj2i3 <= 17\n cons_vm_alloc_3: vj3i0 + vj3i1 + vj3i2 + vj3i3 <= 15\n cons_vm_alloc_4: vj4i0 + vj4i1 + vj4i2 + vj4i3 <= 16\n cons_vm_alloc_5: vj5i0 + vj5i1 + vj5i2 + vj5i3 <= 15\n cons_min_cpu_vm_0: uj0 >= 1\n cons_min_cpu_vm_1: uj1 >= 1\n cons_min_cpu_vm_2: uj2 >= 1\n cons_min_cpu_vm_3: uj3 >= 1\n cons_min_cpu_vm_4: uj4 >= 1\n cons_min_cpu_vm_5: uj5 >= 1\n\nBounds\n 0 <= si0 <= 1\n 0 <= si1 <= 1\n 0 <= si2 <= 1\n 0 <= si3 <= 1\n 1 <= uj0\n 1 <= uj1\n 1 <= uj2\n 1 <= uj3\n 1 <= uj4\n 1 <= uj5\n\nBinaries\n si0 si1 si2 si3\nEnd\n",
  "classic": {
    "objective": 43.00011165994968,
    "status": "INFEASIBLE",
    "x": [
      1.0,
      1.0,
      1.0,
      1.0,
      1.7000429777856512,
      1.6537030897514295,
      1.6603139289359183,
      1.500350570966582,
      1.6904217582124879,
      1.6640452719165182,
      1.6789269555681399,
      1.493963226821016,
      1.6750028715923524,
      1.6770798135790994,
      1.61157866581296,
      1.5094963588225283,
      1.640024230773262,
      1.6585818311413394,
      1.7104019847626855,
      1.5039012554458024,
      1.639321222886786,
      1.686757342154817,
      1.6534488096740587,
      1.496124894646988,
      1.655414830529906,
      1.6598322445389193,
      1.6851840537932912,
      1.4961934698371493,
      1.0,
      1.0,
      1.0,
      1.0,
      1.0,
      1.0
    ],
    "residuals": [
      8.255273715750032e-05
    ],
    "duration_seconds": 4.490112905999922
  },
  "quantum": {
    "objective": 43.00011165994968,
    "status": "INFEASIBLE",
    "x": [
      1.0,
      1.0,
      1.0,
      1.0,
      1.7000429777856512,
      1.6537030897514295,
      1.6603139289359183,
      1.500350570966582,
      1.6904217582124879,
      1.6640452719165182,
      1.6789269555681399,
      1.493963226821016,
      1.6750028715923524,
      1.6770798135790994,
      1.61157866581296,
      1.5094963588225283,
      1.640024230773262,
      1.6585818311413394,
      1.7104019847626855,
      1.5039012554458024,
      1.639321222886786,
      1.686757342154817,
      1.6534488096740587,
      1.496124894646988,
      1.655414830529906,
      1.6598322445389193,
      1.6851840537932912,
      1.4961934698371493,
      1.0,
      1.0,
      1.0,
      1.0,
      1.0,
      1.0
    ],
    "residuals": [
      8.255273715750032e-05
    ],
    "duration_seconds": 10.692355052000039
  },
  "combined_image": "q_20260615_103226_results.png"
}