{
  "script": "q",
  "meta": {
    "n_servers": 2,
    "n_vms": 4,
    "require_all_on": true
  },
  "input": {
    "pi": [
      1.0,
      1.0
    ],
    "pd": [
      1.0,
      1.0
    ],
    "capacities": [
      11,
      11
    ],
    "vm_allocation_limits": [
      12,
      10,
      10,
      13
    ],
    "min_cpu_per_vm": 1.0
  },
  "qp_lp": "\\ This file has been generated by DOcplex\n\\ ENCODING=ISO-8859-1\n\\Problem name: qiskit_server\n\nMinimize\n obj: si0 + si1 + [ 2 vj0i0*uj0 + 2 vj0i1*uj0 + 2 vj1i0*uj1 + 2 vj1i1*uj1\n      + 2 vj2i0*uj2 + 2 vj2i1*uj2 + 2 vj3i0*uj3 + 2 vj3i1*uj3 ]/2\nSubject To\n cons_server_load_0: vj0i0 + vj1i0 + vj2i0 + vj3i0 >= 10\n cons_server_load_1: vj0i1 + vj1i1 + vj2i1 + vj3i1 >= 10\n cons_server_on_0: si0 = 1\n cons_server_on_1: si1 = 1\n cons_vm_alloc_0: vj0i0 + vj0i1 <= 12\n cons_vm_alloc_1: vj1i0 + vj1i1 <= 10\n cons_vm_alloc_2: vj2i0 + vj2i1 <= 10\n cons_vm_alloc_3: vj3i0 + vj3i1 <= 13\n cons_min_cpu_vm_0: uj0 >= 1\n cons_min_cpu_vm_1: uj1 >= 1\n cons_min_cpu_vm_2: uj2 >= 1\n cons_min_cpu_vm_3: uj3 >= 1\n\nBounds\n 0 <= si0 <= 1\n 0 <= si1 <= 1\n 1 <= uj0\n 1 <= uj1\n 1 <= uj2\n 1 <= uj3\n\nBinaries\n si0 si1\nEnd\n",
  "classic": {
    "objective": 22.000007187841675,
    "status": "SUCCESS",
    "x": [
      1.0,
      1.0,
      2.5119122521383628,
      2.4932771419500823,
      2.475557280028153,
      2.5198842857293724,
      2.482868230345565,
      2.5110778173334953,
      2.5296694253295944,
      2.4757607549870495,
      1.0,
      1.0,
      1.0,
      1.0
    ],
    "residuals": [
      3.3964870359337596e-05
    ],
    "duration_seconds": 0.5987789169885218
  },
  "quantum": {
    "objective": 22.000007187841675,
    "status": "SUCCESS",
    "x": [
      1.0,
      1.0,
      2.5119122521383628,
      2.4932771419500823,
      2.475557280028153,
      2.5198842857293724,
      2.482868230345565,
      2.5110778173334953,
      2.5296694253295944,
      2.4757607549870495,
      1.0,
      1.0,
      1.0,
      1.0
    ],
    "residuals": [
      3.3964870359337596e-05
    ],
    "duration_seconds": 2.2719368750113063
  },
  "combined_image": "q_20260325_162312_results.png"
}