{
  "script": "q",
  "meta": {
    "n_servers": 2,
    "n_vms": 4,
    "require_all_on": true
  },
  "input": {
    "pi": [
      1.0,
      1.0
    ],
    "pd": [
      1.0,
      1.0
    ],
    "capacities": [
      11,
      11
    ],
    "vm_allocation_limits": [
      12,
      10,
      10,
      13
    ],
    "min_cpu_per_vm": 1.0
  },
  "qp_lp": "\\ This file has been generated by DOcplex\n\\ ENCODING=ISO-8859-1\n\\Problem name: qiskit_server\n\nMinimize\n obj: si0 + si1 + [ 2 vj0i0*uj0 + 2 vj0i1*uj0 + 2 vj1i0*uj1 + 2 vj1i1*uj1\n      + 2 vj2i0*uj2 + 2 vj2i1*uj2 + 2 vj3i0*uj3 + 2 vj3i1*uj3 ]/2\nSubject To\n cons_server_load_0: vj0i0 + vj1i0 + vj2i0 + vj3i0 >= 10\n cons_server_load_1: vj0i1 + vj1i1 + vj2i1 + vj3i1 >= 10\n cons_server_on_0: si0 = 1\n cons_server_on_1: si1 = 1\n cons_vm_alloc_0: vj0i0 + vj0i1 <= 12\n cons_vm_alloc_1: vj1i0 + vj1i1 <= 10\n cons_vm_alloc_2: vj2i0 + vj2i1 <= 10\n cons_vm_alloc_3: vj3i0 + vj3i1 <= 13\n cons_min_cpu_vm_0: uj0 >= 1\n cons_min_cpu_vm_1: uj1 >= 1\n cons_min_cpu_vm_2: uj2 >= 1\n cons_min_cpu_vm_3: uj3 >= 1\n\nBounds\n 0 <= si0 <= 1\n 0 <= si1 <= 1\n 1 <= uj0\n 1 <= uj1\n 1 <= uj2\n 1 <= uj3\n\nBinaries\n si0 si1\nEnd\n",
  "classic": {
    "objective": 22.000098472886766,
    "status": "INFEASIBLE",
    "x": [
      1.0,
      1.0,
      2.7698202651624753,
      3.341923445279668,
      2.5083173399819745,
      2.0879716931114,
      2.3323503172507167,
      2.1617323926249132,
      2.3895781895160018,
      2.4083699876257922,
      1.0,
      1.0,
      1.0000077529355986,
      1.0
    ],
    "residuals": [
      2.006847917839695e-05
    ],
    "duration_seconds": 1.3397552729998097
  },
  "quantum": {
    "objective": 22.000098472886766,
    "status": "INFEASIBLE",
    "x": [
      1.0,
      1.0,
      2.7698202651624753,
      3.341923445279668,
      2.5083173399819745,
      2.0879716931114,
      2.3323503172507167,
      2.1617323926249132,
      2.3895781895160018,
      2.4083699876257922,
      1.0,
      1.0,
      1.0000077529355986,
      1.0
    ],
    "residuals": [
      2.006847917839695e-05
    ],
    "duration_seconds": 3.398358690999885
  },
  "combined_image": "q_20260615_102900_results.png"
}