{
  "script": "q",
  "meta": {
    "n_servers": 3,
    "n_vms": 4,
    "require_all_on": true
  },
  "input": {
    "pi": [
      1.0,
      1.0,
      1.0
    ],
    "pd": [
      1.0,
      1.0,
      1.0
    ],
    "capacities": [
      11,
      11,
      11
    ],
    "vm_allocation_limits": [
      15,
      14,
      17,
      16
    ],
    "min_cpu_per_vm": 1.0
  },
  "qp_lp": "\\ This file has been generated by DOcplex\n\\ ENCODING=ISO-8859-1\n\\Problem name: qiskit_server\n\nMinimize\n obj: si0 + si1 + si2 + [ 2 vj0i0*uj0 + 2 vj0i1*uj0 + 2 vj0i2*uj0 + 2 vj1i0*uj1\n      + 2 vj1i1*uj1 + 2 vj1i2*uj1 + 2 vj2i0*uj2 + 2 vj2i1*uj2 + 2 vj2i2*uj2\n      + 2 vj3i0*uj3 + 2 vj3i1*uj3 + 2 vj3i2*uj3 ]/2\nSubject To\n cons_server_load_0: vj0i0 + vj1i0 + vj2i0 + vj3i0 >= 10\n cons_server_load_1: vj0i1 + vj1i1 + vj2i1 + vj3i1 >= 10\n cons_server_load_2: vj0i2 + vj1i2 + vj2i2 + vj3i2 >= 10\n cons_server_on_0: si0 = 1\n cons_server_on_1: si1 = 1\n cons_server_on_2: si2 = 1\n cons_vm_alloc_0: vj0i0 + vj0i1 + vj0i2 <= 15\n cons_vm_alloc_1: vj1i0 + vj1i1 + vj1i2 <= 14\n cons_vm_alloc_2: vj2i0 + vj2i1 + vj2i2 <= 17\n cons_vm_alloc_3: vj3i0 + vj3i1 + vj3i2 <= 16\n cons_min_cpu_vm_0: uj0 >= 1\n cons_min_cpu_vm_1: uj1 >= 1\n cons_min_cpu_vm_2: uj2 >= 1\n cons_min_cpu_vm_3: uj3 >= 1\n\nBounds\n 0 <= si0 <= 1\n 0 <= si1 <= 1\n 0 <= si2 <= 1\n 1 <= uj0\n 1 <= uj1\n 1 <= uj2\n 1 <= uj3\n\nBinaries\n si0 si1 si2\nEnd\n",
  "classic": {
    "objective": 32.9999748553455,
    "status": "INFEASIBLE",
    "x": [
      1.0,
      1.0,
      1.0,
      5.340519836839411,
      3.838442922540429,
      3.131222363889761,
      2.402788675673324,
      1.970766928766927,
      2.9851659456691833,
      3.536241712594933e-06,
      2.783142331118233,
      2.8882400879156296,
      2.256699576016376,
      1.4076125131222206,
      0.9953701375522893,
      1.0,
      1.0,
      1.0,
      1.0
    ],
    "residuals": [
      0.00012010571796603557,
      8.093393420352926e-06
    ],
    "duration_seconds": 3.629057954000018
  },
  "quantum": {
    "objective": 32.9999748553455,
    "status": "INFEASIBLE",
    "x": [
      1.0,
      1.0,
      1.0,
      5.340519836839411,
      3.838442922540429,
      3.131222363889761,
      2.402788675673324,
      1.970766928766927,
      2.9851659456691833,
      3.536241712594933e-06,
      2.783142331118233,
      2.8882400879156296,
      2.256699576016376,
      1.4076125131222206,
      0.9953701375522893,
      1.0,
      1.0,
      1.0,
      1.0
    ],
    "residuals": [
      0.00012010571796603557,
      8.093393420352926e-06
    ],
    "duration_seconds": 10.981363423999937
  },
  "combined_image": "q_20260615_103031_results.png"
}