{
  "script": "q",
  "meta": {
    "n_servers": 5,
    "n_vms": 4,
    "require_all_on": true
  },
  "input": {
    "pi": [
      1.0,
      1.0,
      1.0,
      1.0,
      1.0
    ],
    "pd": [
      1.0,
      1.0,
      1.0,
      1.0,
      1.0
    ],
    "capacities": [
      11,
      11,
      11,
      10,
      10
    ],
    "vm_allocation_limits": [
      16,
      18,
      15,
      15
    ],
    "min_cpu_per_vm": 1.0
  },
  "qp_lp": "\\ This file has been generated by DOcplex\n\\ ENCODING=ISO-8859-1\n\\Problem name: qiskit_server\n\nMinimize\n obj: si0 + si1 + si2 + si3 + si4 + [ 2 vj0i0*uj0 + 2 vj0i1*uj0 + 2 vj0i2*uj0\n      + 2 vj0i3*uj0 + 2 vj0i4*uj0 + 2 vj1i0*uj1 + 2 vj1i1*uj1 + 2 vj1i2*uj1\n      + 2 vj1i3*uj1 + 2 vj1i4*uj1 + 2 vj2i0*uj2 + 2 vj2i1*uj2 + 2 vj2i2*uj2\n      + 2 vj2i3*uj2 + 2 vj2i4*uj2 + 2 vj3i0*uj3 + 2 vj3i1*uj3 + 2 vj3i2*uj3\n      + 2 vj3i3*uj3 + 2 vj3i4*uj3 ]/2\nSubject To\n cons_server_load_0: vj0i0 + vj1i0 + vj2i0 + vj3i0 >= 10\n cons_server_load_1: vj0i1 + vj1i1 + vj2i1 + vj3i1 >= 10\n cons_server_load_2: vj0i2 + vj1i2 + vj2i2 + vj3i2 >= 10\n cons_server_load_3: vj0i3 + vj1i3 + vj2i3 + vj3i3 >= 9\n cons_server_load_4: vj0i4 + vj1i4 + vj2i4 + vj3i4 >= 9\n cons_server_on_0: si0 = 1\n cons_server_on_1: si1 = 1\n cons_server_on_2: si2 = 1\n cons_server_on_3: si3 = 1\n cons_server_on_4: si4 = 1\n cons_vm_alloc_0: vj0i0 + vj0i1 + vj0i2 + vj0i3 + vj0i4 <= 16\n cons_vm_alloc_1: vj1i0 + vj1i1 + vj1i2 + vj1i3 + vj1i4 <= 18\n cons_vm_alloc_2: vj2i0 + vj2i1 + vj2i2 + vj2i3 + vj2i4 <= 15\n cons_vm_alloc_3: vj3i0 + vj3i1 + vj3i2 + vj3i3 + vj3i4 <= 15\n cons_min_cpu_vm_0: uj0 >= 1\n cons_min_cpu_vm_1: uj1 >= 1\n cons_min_cpu_vm_2: uj2 >= 1\n cons_min_cpu_vm_3: uj3 >= 1\n\nBounds\n 0 <= si0 <= 1\n 0 <= si1 <= 1\n 0 <= si2 <= 1\n 0 <= si3 <= 1\n 0 <= si4 <= 1\n 1 <= uj0\n 1 <= uj1\n 1 <= uj2\n 1 <= uj3\n\nBinaries\n si0 si1 si2 si3 si4\nEnd\n",
  "classic": {
    "objective": 53.00060133871982,
    "status": "INFEASIBLE",
    "x": [
      1.0,
      1.0,
      1.0,
      1.0,
      1.0,
      2.5154708334705576,
      2.486651504142631,
      2.4964944275696404,
      2.2288496622518825,
      2.221411524104342,
      2.520899149187158,
      2.5022529673689626,
      2.4500099757849765,
      2.2923432800800185,
      2.2783198910063294,
      2.4827915653969543,
      2.5222178362104724,
      2.5240354344577702,
      2.240196332349446,
      2.275466937730585,
      2.480853000656095,
      2.4889154433808596,
      2.529872179587197,
      2.238509169148195,
      2.2247510822948184,
      1.000024198300635,
      1.0,
      1.0,
      1.0
    ],
    "residuals": [
      8.456563439020388e-05
    ],
    "duration_seconds": 3.133421300000009
  },
  "quantum": {
    "objective": 53.00060133871982,
    "status": "INFEASIBLE",
    "x": [
      1.0,
      1.0,
      1.0,
      1.0,
      1.0,
      2.5154708334705576,
      2.486651504142631,
      2.4964944275696404,
      2.2288496622518825,
      2.221411524104342,
      2.520899149187158,
      2.5022529673689626,
      2.4500099757849765,
      2.2923432800800185,
      2.2783198910063294,
      2.4827915653969543,
      2.5222178362104724,
      2.5240354344577702,
      2.240196332349446,
      2.275466937730585,
      2.480853000656095,
      2.4889154433808596,
      2.529872179587197,
      2.238509169148195,
      2.2247510822948184,
      1.000024198300635,
      1.0,
      1.0,
      1.0
    ],
    "residuals": [
      8.456563439020388e-05
    ],
    "duration_seconds": 16.353621302999727
  },
  "combined_image": "q_20260615_103432_results.png"
}