{
  "script": "q",
  "meta": {
    "n_servers": 4,
    "n_vms": 1,
    "require_all_on": true
  },
  "input": {
    "pi": [
      1.0,
      1.0,
      1.0,
      1.0
    ],
    "pd": [
      1.0,
      1.0,
      1.0,
      1.0
    ],
    "capacities": [
      11,
      11,
      11,
      10
    ],
    "vm_allocation_limits": [
      52
    ],
    "min_cpu_per_vm": 1.0
  },
  "qp_lp": "\\ This file has been generated by DOcplex\n\\ ENCODING=ISO-8859-1\n\\Problem name: qiskit_server\n\nMinimize\n obj: si0 + si1 + si2 + si3 + [ 2 vj0i0*uj0 + 2 vj0i1*uj0 + 2 vj0i2*uj0\n      + 2 vj0i3*uj0 ]/2\nSubject To\n cons_server_load_0: vj0i0 >= 10\n cons_server_load_1: vj0i1 >= 10\n cons_server_load_2: vj0i2 >= 10\n cons_server_load_3: vj0i3 >= 9\n cons_server_on_0: si0 = 1\n cons_server_on_1: si1 = 1\n cons_server_on_2: si2 = 1\n cons_server_on_3: si3 = 1\n cons_vm_alloc_0: vj0i0 + vj0i1 + vj0i2 + vj0i3 <= 52\n cons_min_cpu_vm_0: uj0 >= 1\n\nBounds\n 0 <= si0 <= 1\n 0 <= si1 <= 1\n 0 <= si2 <= 1\n 0 <= si3 <= 1\n 1 <= uj0\n\nBinaries\n si0 si1 si2 si3\nEnd\n",
  "classic": {
    "objective": 42.99999576377473,
    "status": "INFEASIBLE",
    "x": [
      1.0,
      1.0,
      1.0,
      1.0,
      10.000015947129457,
      9.999997598058567,
      9.999993484246342,
      8.999988734340358,
      1.0
    ],
    "residuals": [
      7.908607122580502e-06
    ],
    "duration_seconds": 0.5448739860003116
  },
  "quantum": {
    "objective": 42.99999576377473,
    "status": "INFEASIBLE",
    "x": [
      1.0,
      1.0,
      1.0,
      1.0,
      10.000015947129457,
      9.999997598058567,
      9.999993484246342,
      8.999988734340358,
      1.0
    ],
    "residuals": [
      7.908607122580502e-06
    ],
    "duration_seconds": 6.087510273999669
  },
  "combined_image": "q_20260615_103108_results.png"
}