{
  "script": "q",
  "meta": {
    "n_servers": 2,
    "n_vms": 2,
    "require_all_on": true
  },
  "input": {
    "pi": [
      1.0,
      1.0
    ],
    "pd": [
      1.0,
      1.0
    ],
    "capacities": [
      11,
      11
    ],
    "vm_allocation_limits": [
      17,
      16
    ],
    "min_cpu_per_vm": 1.0
  },
  "qp_lp": "\\ This file has been generated by DOcplex\n\\ ENCODING=ISO-8859-1\n\\Problem name: qiskit_server\n\nMinimize\n obj: si0 + si1 + [ 2 vj0i0*uj0 + 2 vj0i1*uj0 + 2 vj1i0*uj1 + 2 vj1i1*uj1 ]/2\nSubject To\n cons_server_load_0: vj0i0 + vj1i0 >= 10\n cons_server_load_1: vj0i1 + vj1i1 >= 10\n cons_server_on_0: si0 = 1\n cons_server_on_1: si1 = 1\n cons_vm_alloc_0: vj0i0 + vj0i1 <= 17\n cons_vm_alloc_1: vj1i0 + vj1i1 <= 16\n cons_min_cpu_vm_0: uj0 >= 1\n cons_min_cpu_vm_1: uj1 >= 1\n\nBounds\n 0 <= si0 <= 1\n 0 <= si1 <= 1\n 1 <= uj0\n 1 <= uj1\n\nBinaries\n si0 si1\nEnd\n",
  "classic": {
    "objective": 21.99999912792282,
    "status": "INFEASIBLE",
    "x": [
      1.0,
      1.0,
      4.999620604489079,
      5.000596964942734,
      5.000378546565869,
      4.999403011925136,
      1.0,
      1.0
    ],
    "residuals": [
      0.0
    ],
    "duration_seconds": 0.4508099370000309
  },
  "quantum": {
    "objective": 21.99999912792282,
    "status": "INFEASIBLE",
    "x": [
      1.0,
      1.0,
      4.999620604489079,
      5.000596964942734,
      5.000378546565869,
      4.999403011925136,
      1.0,
      1.0
    ],
    "residuals": [
      0.0
    ],
    "duration_seconds": 2.821408266999697
  },
  "combined_image": "q_20260615_102845_results.png"
}