{
  "script": "q",
  "meta": {
    "n_servers": 4,
    "n_vms": 2,
    "require_all_on": true
  },
  "input": {
    "pi": [
      1.0,
      1.0,
      1.0,
      1.0
    ],
    "pd": [
      1.0,
      1.0,
      1.0,
      1.0
    ],
    "capacities": [
      11,
      11,
      11,
      10
    ],
    "vm_allocation_limits": [
      28,
      27
    ],
    "min_cpu_per_vm": 1.0
  },
  "qp_lp": "\\ This file has been generated by DOcplex\n\\ ENCODING=ISO-8859-1\n\\Problem name: qiskit_server\n\nMinimize\n obj: si0 + si1 + si2 + si3 + [ 2 vj0i0*uj0 + 2 vj0i1*uj0 + 2 vj0i2*uj0\n      + 2 vj0i3*uj0 + 2 vj1i0*uj1 + 2 vj1i1*uj1 + 2 vj1i2*uj1 + 2 vj1i3*uj1 ]/2\nSubject To\n cons_server_load_0: vj0i0 + vj1i0 >= 10\n cons_server_load_1: vj0i1 + vj1i1 >= 10\n cons_server_load_2: vj0i2 + vj1i2 >= 10\n cons_server_load_3: vj0i3 + vj1i3 >= 9\n cons_server_on_0: si0 = 1\n cons_server_on_1: si1 = 1\n cons_server_on_2: si2 = 1\n cons_server_on_3: si3 = 1\n cons_vm_alloc_0: vj0i0 + vj0i1 + vj0i2 + vj0i3 <= 28\n cons_vm_alloc_1: vj1i0 + vj1i1 + vj1i2 + vj1i3 <= 27\n cons_min_cpu_vm_0: uj0 >= 1\n cons_min_cpu_vm_1: uj1 >= 1\n\nBounds\n 0 <= si0 <= 1\n 0 <= si1 <= 1\n 0 <= si2 <= 1\n 0 <= si3 <= 1\n 1 <= uj0\n 1 <= uj1\n\nBinaries\n si0 si1 si2 si3\nEnd\n",
  "classic": {
    "objective": 43.000004376148155,
    "status": "SUCCESS",
    "x": [
      1.0,
      1.0,
      1.0,
      1.0,
      4.976691366910421,
      4.929478292120843,
      4.975904894830112,
      4.468246228551022,
      5.023312265702338,
      5.070522451414552,
      5.024095105169888,
      4.531753771448979,
      1.0,
      1.0
    ],
    "residuals": [
      0.00014682959573142444,
      1.0068612793954889e-12
    ],
    "duration_seconds": 1.1578572920407169
  },
  "quantum": {
    "objective": 43.000004376148155,
    "status": "SUCCESS",
    "x": [
      1.0,
      1.0,
      1.0,
      1.0,
      4.976691366910421,
      4.929478292120843,
      4.975904894830112,
      4.468246228551022,
      5.023312265702338,
      5.070522451414552,
      5.024095105169888,
      4.531753771448979,
      1.0,
      1.0
    ],
    "residuals": [
      0.00014682959573142444,
      1.0068612793954889e-12
    ],
    "duration_seconds": 8.227567041001748
  },
  "combined_image": "q_20260325_162436_results.png"
}