{
  "script": "q",
  "meta": {
    "n_servers": 2,
    "n_vms": 6,
    "require_all_on": true
  },
  "input": {
    "pi": [
      1.0,
      1.0
    ],
    "pd": [
      1.0,
      1.0
    ],
    "capacities": [
      11,
      11
    ],
    "vm_allocation_limits": [
      13,
      10,
      13,
      10,
      12,
      12
    ],
    "min_cpu_per_vm": 1.0
  },
  "qp_lp": "\\ This file has been generated by DOcplex\n\\ ENCODING=ISO-8859-1\n\\Problem name: qiskit_server\n\nMinimize\n obj: si0 + si1 + [ 2 vj0i0*uj0 + 2 vj0i1*uj0 + 2 vj1i0*uj1 + 2 vj1i1*uj1\n      + 2 vj2i0*uj2 + 2 vj2i1*uj2 + 2 vj3i0*uj3 + 2 vj3i1*uj3 + 2 vj4i0*uj4\n      + 2 vj4i1*uj4 + 2 vj5i0*uj5 + 2 vj5i1*uj5 ]/2\nSubject To\n cons_server_load_0: vj0i0 + vj1i0 + vj2i0 + vj3i0 + vj4i0 + vj5i0 >= 10\n cons_server_load_1: vj0i1 + vj1i1 + vj2i1 + vj3i1 + vj4i1 + vj5i1 >= 10\n cons_server_on_0: si0 = 1\n cons_server_on_1: si1 = 1\n cons_vm_alloc_0: vj0i0 + vj0i1 <= 13\n cons_vm_alloc_1: vj1i0 + vj1i1 <= 10\n cons_vm_alloc_2: vj2i0 + vj2i1 <= 13\n cons_vm_alloc_3: vj3i0 + vj3i1 <= 10\n cons_vm_alloc_4: vj4i0 + vj4i1 <= 12\n cons_vm_alloc_5: vj5i0 + vj5i1 <= 12\n cons_min_cpu_vm_0: uj0 >= 1\n cons_min_cpu_vm_1: uj1 >= 1\n cons_min_cpu_vm_2: uj2 >= 1\n cons_min_cpu_vm_3: uj3 >= 1\n cons_min_cpu_vm_4: uj4 >= 1\n cons_min_cpu_vm_5: uj5 >= 1\n\nBounds\n 0 <= si0 <= 1\n 0 <= si1 <= 1\n 1 <= uj0\n 1 <= uj1\n 1 <= uj2\n 1 <= uj3\n 1 <= uj4\n 1 <= uj5\n\nBinaries\n si0 si1\nEnd\n",
  "classic": {
    "objective": 22.000607319415472,
    "status": "SUCCESS",
    "x": [
      1.0,
      1.0,
      1.665923714744324,
      1.6682092163194615,
      1.668353329163792,
      1.6637542702706871,
      1.665384498340375,
      1.6659864557708992,
      1.6700920683680298,
      1.6737523548159823,
      1.665869988280693,
      1.6640104459908196,
      1.6643764011027857,
      1.6646357281478144,
      1.0,
      1.0000776829955476,
      1.0,
      1.0,
      1.0,
      1.0
    ],
    "residuals": [
      0.00015124459283236277,
      1.9948550939665274e-05
    ],
    "duration_seconds": 1.9278283750172704
  },
  "quantum": {
    "objective": 22.000607319415472,
    "status": "SUCCESS",
    "x": [
      1.0,
      1.0,
      1.665923714744324,
      1.6682092163194615,
      1.668353329163792,
      1.6637542702706871,
      1.665384498340375,
      1.6659864557708992,
      1.6700920683680298,
      1.6737523548159823,
      1.665869988280693,
      1.6640104459908196,
      1.6643764011027857,
      1.6646357281478144,
      1.0,
      1.0000776829955476,
      1.0,
      1.0,
      1.0,
      1.0
    ],
    "residuals": [
      0.00015124459283236277,
      1.9948550939665274e-05
    ],
    "duration_seconds": 4.681295792048331
  },
  "combined_image": "q_20260325_162326_results.png"
}