{
  "script": "q",
  "meta": {
    "n_servers": 4,
    "n_vms": 3,
    "require_all_on": true
  },
  "input": {
    "pi": [
      1.0,
      1.0,
      1.0,
      1.0
    ],
    "pd": [
      1.0,
      1.0,
      1.0,
      1.0
    ],
    "capacities": [
      11,
      11,
      11,
      10
    ],
    "vm_allocation_limits": [
      18,
      19,
      17
    ],
    "min_cpu_per_vm": 1.0
  },
  "qp_lp": "\\ This file has been generated by DOcplex\n\\ ENCODING=ISO-8859-1\n\\Problem name: qiskit_server\n\nMinimize\n obj: si0 + si1 + si2 + si3 + [ 2 vj0i0*uj0 + 2 vj0i1*uj0 + 2 vj0i2*uj0\n      + 2 vj0i3*uj0 + 2 vj1i0*uj1 + 2 vj1i1*uj1 + 2 vj1i2*uj1 + 2 vj1i3*uj1\n      + 2 vj2i0*uj2 + 2 vj2i1*uj2 + 2 vj2i2*uj2 + 2 vj2i3*uj2 ]/2\nSubject To\n cons_server_load_0: vj0i0 + vj1i0 + vj2i0 >= 10\n cons_server_load_1: vj0i1 + vj1i1 + vj2i1 >= 10\n cons_server_load_2: vj0i2 + vj1i2 + vj2i2 >= 10\n cons_server_load_3: vj0i3 + vj1i3 + vj2i3 >= 9\n cons_server_on_0: si0 = 1\n cons_server_on_1: si1 = 1\n cons_server_on_2: si2 = 1\n cons_server_on_3: si3 = 1\n cons_vm_alloc_0: vj0i0 + vj0i1 + vj0i2 + vj0i3 <= 18\n cons_vm_alloc_1: vj1i0 + vj1i1 + vj1i2 + vj1i3 <= 19\n cons_vm_alloc_2: vj2i0 + vj2i1 + vj2i2 + vj2i3 <= 17\n cons_min_cpu_vm_0: uj0 >= 1\n cons_min_cpu_vm_1: uj1 >= 1\n cons_min_cpu_vm_2: uj2 >= 1\n\nBounds\n 0 <= si0 <= 1\n 0 <= si1 <= 1\n 0 <= si2 <= 1\n 0 <= si3 <= 1\n 1 <= uj0\n 1 <= uj1\n 1 <= uj2\n\nBinaries\n si0 si1 si2 si3\nEnd\n",
  "classic": {
    "objective": 43.000077410470915,
    "status": "SUCCESS",
    "x": [
      1.0,
      1.0,
      1.0,
      1.0,
      2.9202345823630416,
      4.079158745760144,
      3.6162247465066972,
      3.5808649915125392,
      3.7793129703331343,
      2.876902668626252,
      3.7789947965123942,
      5.351637506052029,
      3.3004803967935668,
      3.04395787342563,
      2.6047860170374104,
      0.06752211554807763,
      1.0,
      1.0,
      1.0
    ],
    "residuals": [
      3.3265754085090033e-12
    ],
    "duration_seconds": 1.8962435570001617
  },
  "quantum": {
    "objective": 43.000077410470915,
    "status": "SUCCESS",
    "x": [
      1.0,
      1.0,
      1.0,
      1.0,
      2.9202345823630416,
      4.079158745760144,
      3.6162247465066972,
      3.5808649915125392,
      3.7793129703331343,
      2.876902668626252,
      3.7789947965123942,
      5.351637506052029,
      3.3004803967935668,
      3.04395787342563,
      2.6047860170374104,
      0.06752211554807763,
      1.0,
      1.0,
      1.0
    ],
    "residuals": [
      3.3265754085090033e-12
    ],
    "duration_seconds": 8.273287841000183
  },
  "combined_image": "q_20260615_103136_results.png"
}