{
  "script": "q",
  "meta": {
    "n_servers": 5,
    "n_vms": 2,
    "require_all_on": true
  },
  "input": {
    "pi": [
      1.0,
      1.0,
      1.0,
      1.0,
      1.0
    ],
    "pd": [
      1.0,
      1.0,
      1.0,
      1.0,
      1.0
    ],
    "capacities": [
      11,
      11,
      11,
      10,
      10
    ],
    "vm_allocation_limits": [
      32,
      33
    ],
    "min_cpu_per_vm": 1.0
  },
  "qp_lp": "\\ This file has been generated by DOcplex\n\\ ENCODING=ISO-8859-1\n\\Problem name: qiskit_server\n\nMinimize\n obj: si0 + si1 + si2 + si3 + si4 + [ 2 vj0i0*uj0 + 2 vj0i1*uj0 + 2 vj0i2*uj0\n      + 2 vj0i3*uj0 + 2 vj0i4*uj0 + 2 vj1i0*uj1 + 2 vj1i1*uj1 + 2 vj1i2*uj1\n      + 2 vj1i3*uj1 + 2 vj1i4*uj1 ]/2\nSubject To\n cons_server_load_0: vj0i0 + vj1i0 >= 10\n cons_server_load_1: vj0i1 + vj1i1 >= 10\n cons_server_load_2: vj0i2 + vj1i2 >= 10\n cons_server_load_3: vj0i3 + vj1i3 >= 9\n cons_server_load_4: vj0i4 + vj1i4 >= 9\n cons_server_on_0: si0 = 1\n cons_server_on_1: si1 = 1\n cons_server_on_2: si2 = 1\n cons_server_on_3: si3 = 1\n cons_server_on_4: si4 = 1\n cons_vm_alloc_0: vj0i0 + vj0i1 + vj0i2 + vj0i3 + vj0i4 <= 32\n cons_vm_alloc_1: vj1i0 + vj1i1 + vj1i2 + vj1i3 + vj1i4 <= 33\n cons_min_cpu_vm_0: uj0 >= 1\n cons_min_cpu_vm_1: uj1 >= 1\n\nBounds\n 0 <= si0 <= 1\n 0 <= si1 <= 1\n 0 <= si2 <= 1\n 0 <= si3 <= 1\n 0 <= si4 <= 1\n 1 <= uj0\n 1 <= uj1\n\nBinaries\n si0 si1 si2 si3 si4\nEnd\n",
  "classic": {
    "objective": 53.000000000199066,
    "status": "SUCCESS",
    "x": [
      1.0,
      1.0,
      1.0,
      1.0,
      1.0,
      5.000000193000832,
      4.9999987182674746,
      4.999999891038079,
      4.5000000109688525,
      4.49999907895345,
      4.999999807113393,
      5.000001281732526,
      5.000000108961921,
      4.499999989057835,
      4.5000009211046965,
      1.0000000000000002,
      1.0
    ],
    "residuals": [
      2.4068450053311988e-12
    ],
    "duration_seconds": 0.8239744580350816
  },
  "quantum": {
    "objective": 53.000000000199066,
    "status": "SUCCESS",
    "x": [
      1.0,
      1.0,
      1.0,
      1.0,
      1.0,
      5.000000193000832,
      4.9999987182674746,
      4.999999891038079,
      4.5000000109688525,
      4.49999907895345,
      4.999999807113393,
      5.000001281732526,
      5.000000108961921,
      4.499999989057835,
      4.5000009211046965,
      1.0000000000000002,
      1.0
    ],
    "residuals": [
      2.4068450053311988e-12
    ],
    "duration_seconds": 6.460744374955539
  },
  "combined_image": "q_20260325_162642_results.png"
}