{
  "script": "q",
  "meta": {
    "n_servers": 3,
    "n_vms": 5,
    "require_all_on": true
  },
  "input": {
    "pi": [
      1.0,
      1.0,
      1.0
    ],
    "pd": [
      1.0,
      1.0,
      1.0
    ],
    "capacities": [
      11,
      11,
      11
    ],
    "vm_allocation_limits": [
      17,
      16,
      15,
      16,
      16
    ],
    "min_cpu_per_vm": 1.0
  },
  "qp_lp": "\\ This file has been generated by DOcplex\n\\ ENCODING=ISO-8859-1\n\\Problem name: qiskit_server\n\nMinimize\n obj: si0 + si1 + si2 + [ 2 vj0i0*uj0 + 2 vj0i1*uj0 + 2 vj0i2*uj0 + 2 vj1i0*uj1\n      + 2 vj1i1*uj1 + 2 vj1i2*uj1 + 2 vj2i0*uj2 + 2 vj2i1*uj2 + 2 vj2i2*uj2\n      + 2 vj3i0*uj3 + 2 vj3i1*uj3 + 2 vj3i2*uj3 + 2 vj4i0*uj4 + 2 vj4i1*uj4\n      + 2 vj4i2*uj4 ]/2\nSubject To\n cons_server_load_0: vj0i0 + vj1i0 + vj2i0 + vj3i0 + vj4i0 >= 10\n cons_server_load_1: vj0i1 + vj1i1 + vj2i1 + vj3i1 + vj4i1 >= 10\n cons_server_load_2: vj0i2 + vj1i2 + vj2i2 + vj3i2 + vj4i2 >= 10\n cons_server_on_0: si0 = 1\n cons_server_on_1: si1 = 1\n cons_server_on_2: si2 = 1\n cons_vm_alloc_0: vj0i0 + vj0i1 + vj0i2 <= 17\n cons_vm_alloc_1: vj1i0 + vj1i1 + vj1i2 <= 16\n cons_vm_alloc_2: vj2i0 + vj2i1 + vj2i2 <= 15\n cons_vm_alloc_3: vj3i0 + vj3i1 + vj3i2 <= 16\n cons_vm_alloc_4: vj4i0 + vj4i1 + vj4i2 <= 16\n cons_min_cpu_vm_0: uj0 >= 1\n cons_min_cpu_vm_1: uj1 >= 1\n cons_min_cpu_vm_2: uj2 >= 1\n cons_min_cpu_vm_3: uj3 >= 1\n cons_min_cpu_vm_4: uj4 >= 1\n\nBounds\n 0 <= si0 <= 1\n 0 <= si1 <= 1\n 0 <= si2 <= 1\n 1 <= uj0\n 1 <= uj1\n 1 <= uj2\n 1 <= uj3\n 1 <= uj4\n\nBinaries\n si0 si1 si2\nEnd\n",
  "classic": {
    "objective": 32.999973738527125,
    "status": "INFEASIBLE",
    "x": [
      1.0,
      1.0,
      1.0,
      2.0014969283375104,
      2.0008110286747525,
      1.945457801078073,
      1.976748322588585,
      1.9475555042052872,
      2.058103001720893,
      2.043052528968096,
      2.015800155161437,
      1.9502932328473885,
      2.021591210912106,
      2.002340828695434,
      2.0285710279588685,
      1.957124306653612,
      2.0334670852999372,
      2.017560775425144,
      1.0,
      1.0,
      1.0,
      1.0,
      1.0
    ],
    "residuals": [
      5.222892607548829e-06
    ],
    "duration_seconds": 2.7292143680001573
  },
  "quantum": {
    "objective": 32.999973738527125,
    "status": "INFEASIBLE",
    "x": [
      1.0,
      1.0,
      1.0,
      2.0014969283375104,
      2.0008110286747525,
      1.945457801078073,
      1.976748322588585,
      1.9475555042052872,
      2.058103001720893,
      2.043052528968096,
      2.015800155161437,
      1.9502932328473885,
      2.021591210912106,
      2.002340828695434,
      2.0285710279588685,
      1.957124306653612,
      2.0334670852999372,
      2.017560775425144,
      1.0,
      1.0,
      1.0,
      1.0,
      1.0
    ],
    "residuals": [
      5.222892607548829e-06
    ],
    "duration_seconds": 7.48884998099993
  },
  "combined_image": "q_20260615_103044_results.png"
}