{
  "script": "q",
  "meta": {
    "n_servers": 1,
    "n_vms": 4,
    "require_all_on": true
  },
  "input": {
    "pi": [
      1.0
    ],
    "pd": [
      1.0
    ],
    "capacities": [
      11
    ],
    "vm_allocation_limits": [
      5,
      5,
      8,
      5
    ],
    "min_cpu_per_vm": 1.0
  },
  "qp_lp": "\\ This file has been generated by DOcplex\n\\ ENCODING=ISO-8859-1\n\\Problem name: qiskit_server\n\nMinimize\n obj: si0 + [ 2 vj0i0*uj0 + 2 vj1i0*uj1 + 2 vj2i0*uj2 + 2 vj3i0*uj3 ]/2\nSubject To\n cons_server_load_0: vj0i0 + vj1i0 + vj2i0 + vj3i0 >= 10\n cons_server_on_0: si0 = 1\n cons_vm_alloc_0: vj0i0 <= 5\n cons_vm_alloc_1: vj1i0 <= 5\n cons_vm_alloc_2: vj2i0 <= 8\n cons_vm_alloc_3: vj3i0 <= 5\n cons_min_cpu_vm_0: uj0 >= 1\n cons_min_cpu_vm_1: uj1 >= 1\n cons_min_cpu_vm_2: uj2 >= 1\n cons_min_cpu_vm_3: uj3 >= 1\n\nBounds\n 0 <= si0 <= 1\n 1 <= uj0\n 1 <= uj1\n 1 <= uj2\n 1 <= uj3\n\nBinaries\n si0\nEnd\n",
  "classic": {
    "objective": 10.99994,
    "status": "INFEASIBLE",
    "x": [
      1.0,
      3.2505774614840286,
      2.249246034356508,
      2.250272946552543,
      2.2498435576069213,
      1.0,
      1.0,
      1.0,
      1.0
    ],
    "residuals": [
      0.0
    ],
    "duration_seconds": 0.6343150919997242
  },
  "quantum": {
    "objective": 10.99994,
    "status": "INFEASIBLE",
    "x": [
      1.0,
      3.2505774614840286,
      2.249246034356508,
      2.250272946552543,
      2.2498435576069213,
      1.0,
      1.0,
      1.0,
      1.0
    ],
    "residuals": [
      0.0
    ],
    "duration_seconds": 2.16103530700002
  },
  "combined_image": "q_20260615_102820_results.png"
}