{
  "script": "q",
  "meta": {
    "n_servers": 5,
    "n_vms": 3,
    "require_all_on": true
  },
  "input": {
    "pi": [
      1.0,
      1.0,
      1.0,
      1.0,
      1.0
    ],
    "pd": [
      1.0,
      1.0,
      1.0,
      1.0,
      1.0
    ],
    "capacities": [
      11,
      11,
      11,
      10,
      10
    ],
    "vm_allocation_limits": [
      23,
      22,
      21
    ],
    "min_cpu_per_vm": 1.0
  },
  "qp_lp": "\\ This file has been generated by DOcplex\n\\ ENCODING=ISO-8859-1\n\\Problem name: qiskit_server\n\nMinimize\n obj: si0 + si1 + si2 + si3 + si4 + [ 2 vj0i0*uj0 + 2 vj0i1*uj0 + 2 vj0i2*uj0\n      + 2 vj0i3*uj0 + 2 vj0i4*uj0 + 2 vj1i0*uj1 + 2 vj1i1*uj1 + 2 vj1i2*uj1\n      + 2 vj1i3*uj1 + 2 vj1i4*uj1 + 2 vj2i0*uj2 + 2 vj2i1*uj2 + 2 vj2i2*uj2\n      + 2 vj2i3*uj2 + 2 vj2i4*uj2 ]/2\nSubject To\n cons_server_load_0: vj0i0 + vj1i0 + vj2i0 >= 10\n cons_server_load_1: vj0i1 + vj1i1 + vj2i1 >= 10\n cons_server_load_2: vj0i2 + vj1i2 + vj2i2 >= 10\n cons_server_load_3: vj0i3 + vj1i3 + vj2i3 >= 9\n cons_server_load_4: vj0i4 + vj1i4 + vj2i4 >= 9\n cons_server_on_0: si0 = 1\n cons_server_on_1: si1 = 1\n cons_server_on_2: si2 = 1\n cons_server_on_3: si3 = 1\n cons_server_on_4: si4 = 1\n cons_vm_alloc_0: vj0i0 + vj0i1 + vj0i2 + vj0i3 + vj0i4 <= 23\n cons_vm_alloc_1: vj1i0 + vj1i1 + vj1i2 + vj1i3 + vj1i4 <= 22\n cons_vm_alloc_2: vj2i0 + vj2i1 + vj2i2 + vj2i3 + vj2i4 <= 21\n cons_min_cpu_vm_0: uj0 >= 1\n cons_min_cpu_vm_1: uj1 >= 1\n cons_min_cpu_vm_2: uj2 >= 1\n\nBounds\n 0 <= si0 <= 1\n 0 <= si1 <= 1\n 0 <= si2 <= 1\n 0 <= si3 <= 1\n 0 <= si4 <= 1\n 1 <= uj0\n 1 <= uj1\n 1 <= uj2\n\nBinaries\n si0 si1 si2 si3 si4\nEnd\n",
  "classic": {
    "objective": 52.999980792900274,
    "status": "INFEASIBLE",
    "x": [
      1.0,
      1.0,
      1.0,
      1.0,
      1.0,
      3.337391000755436,
      3.332994024516308,
      3.349887835209672,
      3.004623077143926,
      3.0004859770900763,
      3.3277124858230294,
      3.328562518018073,
      3.3255082808942293,
      2.9922523742645755,
      3.0005771885678834,
      3.3348914073903435,
      3.3384286840157973,
      3.324617553440797,
      3.0031179495903357,
      2.9989304361797915,
      1.0,
      1.0,
      1.0
    ],
    "residuals": [
      0.00010119862150013945,
      0.00017050554935635792,
      0.00010000381141800966,
      8.032658846231755e-05
    ],
    "duration_seconds": 9.787317991000236
  },
  "quantum": {
    "objective": 52.999980792900274,
    "status": "INFEASIBLE",
    "x": [
      1.0,
      1.0,
      1.0,
      1.0,
      1.0,
      3.337391000755436,
      3.332994024516308,
      3.349887835209672,
      3.004623077143926,
      3.0004859770900763,
      3.3277124858230294,
      3.328562518018073,
      3.3255082808942293,
      2.9922523742645755,
      3.0005771885678834,
      3.3348914073903435,
      3.3384286840157973,
      3.324617553440797,
      3.0031179495903357,
      2.9989304361797915,
      1.0,
      1.0,
      1.0
    ],
    "residuals": [
      0.00010119862150013945,
      0.00017050554935635792,
      0.00010000381141800966,
      8.032658846231755e-05
    ],
    "duration_seconds": 58.15981312200029
  },
  "combined_image": "q_20260615_103409_results.png"
}