{
  "script": "q",
  "meta": {
    "n_servers": 3,
    "n_vms": 6,
    "require_all_on": true
  },
  "input": {
    "pi": [
      1.0,
      1.0,
      1.0
    ],
    "pd": [
      1.0,
      1.0,
      1.0
    ],
    "capacities": [
      11,
      11,
      11
    ],
    "vm_allocation_limits": [
      15,
      16,
      14,
      15,
      15,
      15
    ],
    "min_cpu_per_vm": 1.0
  },
  "qp_lp": "\\ This file has been generated by DOcplex\n\\ ENCODING=ISO-8859-1\n\\Problem name: qiskit_server\n\nMinimize\n obj: si0 + si1 + si2 + [ 2 vj0i0*uj0 + 2 vj0i1*uj0 + 2 vj0i2*uj0 + 2 vj1i0*uj1\n      + 2 vj1i1*uj1 + 2 vj1i2*uj1 + 2 vj2i0*uj2 + 2 vj2i1*uj2 + 2 vj2i2*uj2\n      + 2 vj3i0*uj3 + 2 vj3i1*uj3 + 2 vj3i2*uj3 + 2 vj4i0*uj4 + 2 vj4i1*uj4\n      + 2 vj4i2*uj4 + 2 vj5i0*uj5 + 2 vj5i1*uj5 + 2 vj5i2*uj5 ]/2\nSubject To\n cons_server_load_0: vj0i0 + vj1i0 + vj2i0 + vj3i0 + vj4i0 + vj5i0 >= 10\n cons_server_load_1: vj0i1 + vj1i1 + vj2i1 + vj3i1 + vj4i1 + vj5i1 >= 10\n cons_server_load_2: vj0i2 + vj1i2 + vj2i2 + vj3i2 + vj4i2 + vj5i2 >= 10\n cons_server_on_0: si0 = 1\n cons_server_on_1: si1 = 1\n cons_server_on_2: si2 = 1\n cons_vm_alloc_0: vj0i0 + vj0i1 + vj0i2 <= 15\n cons_vm_alloc_1: vj1i0 + vj1i1 + vj1i2 <= 16\n cons_vm_alloc_2: vj2i0 + vj2i1 + vj2i2 <= 14\n cons_vm_alloc_3: vj3i0 + vj3i1 + vj3i2 <= 15\n cons_vm_alloc_4: vj4i0 + vj4i1 + vj4i2 <= 15\n cons_vm_alloc_5: vj5i0 + vj5i1 + vj5i2 <= 15\n cons_min_cpu_vm_0: uj0 >= 1\n cons_min_cpu_vm_1: uj1 >= 1\n cons_min_cpu_vm_2: uj2 >= 1\n cons_min_cpu_vm_3: uj3 >= 1\n cons_min_cpu_vm_4: uj4 >= 1\n cons_min_cpu_vm_5: uj5 >= 1\n\nBounds\n 0 <= si0 <= 1\n 0 <= si1 <= 1\n 0 <= si2 <= 1\n 1 <= uj0\n 1 <= uj1\n 1 <= uj2\n 1 <= uj3\n 1 <= uj4\n 1 <= uj5\n\nBinaries\n si0 si1 si2\nEnd\n",
  "classic": {
    "objective": 33.00002461431639,
    "status": "SUCCESS",
    "x": [
      1.0,
      1.0,
      1.0,
      1.400952512206725,
      1.4170735670744603,
      1.4535139240360093,
      1.6525095140512236,
      1.5265589245363278,
      1.6979965220055298,
      1.762680607088866,
      2.0810230357688364,
      1.6233177133235217,
      1.7416221068629623,
      1.8440497348352318,
      1.0969055936667147,
      1.7239285667620783,
      1.56406133277071,
      2.046280425100423,
      1.7183066930281465,
      1.5672334050144339,
      2.0820028081615094,
      1.0,
      1.0,
      1.0000013952794746,
      1.0,
      1.0,
      1.0
    ],
    "residuals": [
      0.00026620131622574213,
      3.9865374884082583e-05
    ],
    "duration_seconds": 3.632194417004939
  },
  "quantum": {
    "objective": 33.00002461431639,
    "status": "SUCCESS",
    "x": [
      1.0,
      1.0,
      1.0,
      1.400952512206725,
      1.4170735670744603,
      1.4535139240360093,
      1.6525095140512236,
      1.5265589245363278,
      1.6979965220055298,
      1.762680607088866,
      2.0810230357688364,
      1.6233177133235217,
      1.7416221068629623,
      1.8440497348352318,
      1.0969055936667147,
      1.7239285667620783,
      1.56406133277071,
      2.046280425100423,
      1.7183066930281465,
      1.5672334050144339,
      2.0820028081615094,
      1.0,
      1.0,
      1.0000013952794746,
      1.0,
      1.0,
      1.0
    ],
    "residuals": [
      0.00026620131622574213,
      3.9865374884082583e-05
    ],
    "duration_seconds": 8.01620654197177
  },
  "combined_image": "q_20260325_162417_results.png"
}