{
  "script": "q",
  "meta": {
    "n_servers": 1,
    "n_vms": 6,
    "require_all_on": true
  },
  "input": {
    "pi": [
      1.0
    ],
    "pd": [
      1.0
    ],
    "capacities": [
      11
    ],
    "vm_allocation_limits": [
      6,
      8,
      6,
      8,
      7,
      5
    ],
    "min_cpu_per_vm": 1.0
  },
  "qp_lp": "\\ This file has been generated by DOcplex\n\\ ENCODING=ISO-8859-1\n\\Problem name: qiskit_server\n\nMinimize\n obj: si0 + [ 2 vj0i0*uj0 + 2 vj1i0*uj1 + 2 vj2i0*uj2 + 2 vj3i0*uj3\n      + 2 vj4i0*uj4 + 2 vj5i0*uj5 ]/2\nSubject To\n cons_server_load_0: vj0i0 + vj1i0 + vj2i0 + vj3i0 + vj4i0 + vj5i0 >= 10\n cons_server_on_0: si0 = 1\n cons_vm_alloc_0: vj0i0 <= 6\n cons_vm_alloc_1: vj1i0 <= 8\n cons_vm_alloc_2: vj2i0 <= 6\n cons_vm_alloc_3: vj3i0 <= 8\n cons_vm_alloc_4: vj4i0 <= 7\n cons_vm_alloc_5: vj5i0 <= 5\n cons_min_cpu_vm_0: uj0 >= 1\n cons_min_cpu_vm_1: uj1 >= 1\n cons_min_cpu_vm_2: uj2 >= 1\n cons_min_cpu_vm_3: uj3 >= 1\n cons_min_cpu_vm_4: uj4 >= 1\n cons_min_cpu_vm_5: uj5 >= 1\n\nBounds\n 0 <= si0 <= 1\n 1 <= uj0\n 1 <= uj1\n 1 <= uj2\n 1 <= uj3\n 1 <= uj4\n 1 <= uj5\n\nBinaries\n si0\nEnd\n",
  "classic": {
    "objective": 11.00001467652351,
    "status": "INFEASIBLE",
    "x": [
      1.0,
      5.11599331894485,
      0.9801478570721551,
      0.879059228372713,
      0.0663866289479192,
      1.7589741664733924,
      1.1994261615353445,
      1.0,
      1.000003777289732,
      1.0000069142501982,
      1.0000058136009384,
      1.0000057818036383,
      1.0000058184912708
    ],
    "residuals": [
      1.067861345349641e-06
    ],
    "duration_seconds": 1.2387460989998544
  },
  "quantum": {
    "objective": 11.00001467652351,
    "status": "INFEASIBLE",
    "x": [
      1.0,
      5.11599331894485,
      0.9801478570721551,
      0.879059228372713,
      0.0663866289479192,
      1.7589741664733924,
      1.1994261615353445,
      1.0,
      1.000003777289732,
      1.0000069142501982,
      1.0000058136009384,
      1.0000057818036383,
      1.0000058184912708
    ],
    "residuals": [
      1.067861345349641e-06
    ],
    "duration_seconds": 2.708986897000159
  },
  "combined_image": "q_20260615_102833_results.png"
}