{
  "script": "q",
  "meta": {
    "n_servers": 3,
    "n_vms": 6,
    "require_all_on": true
  },
  "input": {
    "pi": [
      1.0,
      1.0,
      1.0
    ],
    "pd": [
      1.0,
      1.0,
      1.0
    ],
    "capacities": [
      11,
      11,
      11
    ],
    "vm_allocation_limits": [
      15,
      16,
      14,
      15,
      15,
      15
    ],
    "min_cpu_per_vm": 1.0
  },
  "qp_lp": "\\ This file has been generated by DOcplex\n\\ ENCODING=ISO-8859-1\n\\Problem name: qiskit_server\n\nMinimize\n obj: si0 + si1 + si2 + [ 2 vj0i0*uj0 + 2 vj0i1*uj0 + 2 vj0i2*uj0 + 2 vj1i0*uj1\n      + 2 vj1i1*uj1 + 2 vj1i2*uj1 + 2 vj2i0*uj2 + 2 vj2i1*uj2 + 2 vj2i2*uj2\n      + 2 vj3i0*uj3 + 2 vj3i1*uj3 + 2 vj3i2*uj3 + 2 vj4i0*uj4 + 2 vj4i1*uj4\n      + 2 vj4i2*uj4 + 2 vj5i0*uj5 + 2 vj5i1*uj5 + 2 vj5i2*uj5 ]/2\nSubject To\n cons_server_load_0: vj0i0 + vj1i0 + vj2i0 + vj3i0 + vj4i0 + vj5i0 >= 10\n cons_server_load_1: vj0i1 + vj1i1 + vj2i1 + vj3i1 + vj4i1 + vj5i1 >= 10\n cons_server_load_2: vj0i2 + vj1i2 + vj2i2 + vj3i2 + vj4i2 + vj5i2 >= 10\n cons_server_on_0: si0 = 1\n cons_server_on_1: si1 = 1\n cons_server_on_2: si2 = 1\n cons_vm_alloc_0: vj0i0 + vj0i1 + vj0i2 <= 15\n cons_vm_alloc_1: vj1i0 + vj1i1 + vj1i2 <= 16\n cons_vm_alloc_2: vj2i0 + vj2i1 + vj2i2 <= 14\n cons_vm_alloc_3: vj3i0 + vj3i1 + vj3i2 <= 15\n cons_vm_alloc_4: vj4i0 + vj4i1 + vj4i2 <= 15\n cons_vm_alloc_5: vj5i0 + vj5i1 + vj5i2 <= 15\n cons_min_cpu_vm_0: uj0 >= 1\n cons_min_cpu_vm_1: uj1 >= 1\n cons_min_cpu_vm_2: uj2 >= 1\n cons_min_cpu_vm_3: uj3 >= 1\n cons_min_cpu_vm_4: uj4 >= 1\n cons_min_cpu_vm_5: uj5 >= 1\n\nBounds\n 0 <= si0 <= 1\n 0 <= si1 <= 1\n 0 <= si2 <= 1\n 1 <= uj0\n 1 <= uj1\n 1 <= uj2\n 1 <= uj3\n 1 <= uj4\n 1 <= uj5\n\nBinaries\n si0 si1 si2\nEnd\n",
  "classic": {
    "objective": 33.00071533308156,
    "status": "INFEASIBLE",
    "x": [
      1.0,
      1.0,
      1.0,
      1.8610973779734563,
      1.673244240451701,
      2.0915265116779764,
      1.2269130579407628,
      1.9269660614161381,
      1.4020512724513574,
      1.9834625901790972,
      2.1652827734101496,
      1.6961275067937804,
      1.444707547054353,
      1.4949715419780059,
      1.7964679935203491,
      1.6642542421725566,
      1.3638285871871991,
      1.5975873441818145,
      1.8194190030196578,
      1.3755933242816976,
      1.4162205431032708,
      1.0000017864580917,
      1.0,
      1.0,
      1.0,
      1.0002126748932978,
      1.0
    ],
    "residuals": [
      8.444022235795221e-05
    ],
    "duration_seconds": 3.616799076999996
  },
  "quantum": {
    "objective": 33.00071533308156,
    "status": "INFEASIBLE",
    "x": [
      1.0,
      1.0,
      1.0,
      1.8610973779734563,
      1.673244240451701,
      2.0915265116779764,
      1.2269130579407628,
      1.9269660614161381,
      1.4020512724513574,
      1.9834625901790972,
      2.1652827734101496,
      1.6961275067937804,
      1.444707547054353,
      1.4949715419780059,
      1.7964679935203491,
      1.6642542421725566,
      1.3638285871871991,
      1.5975873441818145,
      1.8194190030196578,
      1.3755933242816976,
      1.4162205431032708,
      1.0000017864580917,
      1.0,
      1.0,
      1.0,
      1.0002126748932978,
      1.0
    ],
    "residuals": [
      8.444022235795221e-05
    ],
    "duration_seconds": 7.811522689999947
  },
  "combined_image": "q_20260615_103058_results.png"
}