{
  "script": "q",
  "meta": {
    "n_servers": 2,
    "n_vms": 5,
    "require_all_on": true
  },
  "input": {
    "pi": [
      1.0,
      1.0
    ],
    "pd": [
      1.0,
      1.0
    ],
    "capacities": [
      11,
      11
    ],
    "vm_allocation_limits": [
      10,
      12,
      12,
      12,
      10
    ],
    "min_cpu_per_vm": 1.0
  },
  "qp_lp": "\\ This file has been generated by DOcplex\n\\ ENCODING=ISO-8859-1\n\\Problem name: qiskit_server\n\nMinimize\n obj: si0 + si1 + [ 2 vj0i0*uj0 + 2 vj0i1*uj0 + 2 vj1i0*uj1 + 2 vj1i1*uj1\n      + 2 vj2i0*uj2 + 2 vj2i1*uj2 + 2 vj3i0*uj3 + 2 vj3i1*uj3 + 2 vj4i0*uj4\n      + 2 vj4i1*uj4 ]/2\nSubject To\n cons_server_load_0: vj0i0 + vj1i0 + vj2i0 + vj3i0 + vj4i0 >= 10\n cons_server_load_1: vj0i1 + vj1i1 + vj2i1 + vj3i1 + vj4i1 >= 10\n cons_server_on_0: si0 = 1\n cons_server_on_1: si1 = 1\n cons_vm_alloc_0: vj0i0 + vj0i1 <= 10\n cons_vm_alloc_1: vj1i0 + vj1i1 <= 12\n cons_vm_alloc_2: vj2i0 + vj2i1 <= 12\n cons_vm_alloc_3: vj3i0 + vj3i1 <= 12\n cons_vm_alloc_4: vj4i0 + vj4i1 <= 10\n cons_min_cpu_vm_0: uj0 >= 1\n cons_min_cpu_vm_1: uj1 >= 1\n cons_min_cpu_vm_2: uj2 >= 1\n cons_min_cpu_vm_3: uj3 >= 1\n cons_min_cpu_vm_4: uj4 >= 1\n\nBounds\n 0 <= si0 <= 1\n 0 <= si1 <= 1\n 1 <= uj0\n 1 <= uj1\n 1 <= uj2\n 1 <= uj3\n 1 <= uj4\n\nBinaries\n si0 si1\nEnd\n",
  "classic": {
    "objective": 21.99994093185949,
    "status": "INFEASIBLE",
    "x": [
      1.0,
      1.0,
      1.9523946980339097,
      2.053921780613294,
      2.0408369782769875,
      1.9652196867648446,
      2.008638877427231,
      1.9999407217158658,
      2.0007870441018976,
      2.018784735819012,
      1.997335916151302,
      1.9620804929551467,
      1.0,
      1.0,
      1.0,
      1.0,
      1.0
    ],
    "residuals": [
      0.0011548118240751614,
      0.00013729818006433985,
      0.00011134257538134986,
      0.00010512222891187623,
      0.00010094800414080788,
      0.00010904104700942867,
      5.3406211257843965e-05
    ],
    "duration_seconds": 10.389536638000209
  },
  "quantum": {
    "objective": 21.99994093185949,
    "status": "INFEASIBLE",
    "x": [
      1.0,
      1.0,
      1.9523946980339097,
      2.053921780613294,
      2.0408369782769875,
      1.9652196867648446,
      2.008638877427231,
      1.9999407217158658,
      2.0007870441018976,
      2.018784735819012,
      1.997335916151302,
      1.9620804929551467,
      1.0,
      1.0,
      1.0,
      1.0,
      1.0
    ],
    "residuals": [
      0.0011548118240751614,
      0.00013729818006433985,
      0.00011134257538134986,
      0.00010512222891187623,
      0.00010094800414080788,
      0.00010904104700942867,
      5.3406211257843965e-05
    ],
    "duration_seconds": 26.562304093999956
  },
  "combined_image": "q_20260615_102940_results.png"
}