{
  "script": "q",
  "meta": {
    "n_servers": 6,
    "n_vms": 4,
    "require_all_on": true
  },
  "input": {
    "pi": [
      1.0,
      1.0,
      1.0,
      1.0,
      1.0,
      1.0
    ],
    "pd": [
      1.0,
      1.0,
      1.0,
      1.0,
      1.0,
      1.0
    ],
    "capacities": [
      11,
      11,
      11,
      10,
      10,
      10
    ],
    "vm_allocation_limits": [
      22,
      19,
      21,
      20
    ],
    "min_cpu_per_vm": 1.0
  },
  "qp_lp": "\\ This file has been generated by DOcplex\n\\ ENCODING=ISO-8859-1\n\\Problem name: qiskit_server\n\nMinimize\n obj: si0 + si1 + si2 + si3 + si4 + si5 + [ 2 vj0i0*uj0 + 2 vj0i1*uj0\n      + 2 vj0i2*uj0 + 2 vj0i3*uj0 + 2 vj0i4*uj0 + 2 vj0i5*uj0 + 2 vj1i0*uj1\n      + 2 vj1i1*uj1 + 2 vj1i2*uj1 + 2 vj1i3*uj1 + 2 vj1i4*uj1 + 2 vj1i5*uj1\n      + 2 vj2i0*uj2 + 2 vj2i1*uj2 + 2 vj2i2*uj2 + 2 vj2i3*uj2 + 2 vj2i4*uj2\n      + 2 vj2i5*uj2 + 2 vj3i0*uj3 + 2 vj3i1*uj3 + 2 vj3i2*uj3 + 2 vj3i3*uj3\n      + 2 vj3i4*uj3 + 2 vj3i5*uj3 ]/2\nSubject To\n cons_server_load_0: vj0i0 + vj1i0 + vj2i0 + vj3i0 >= 10\n cons_server_load_1: vj0i1 + vj1i1 + vj2i1 + vj3i1 >= 10\n cons_server_load_2: vj0i2 + vj1i2 + vj2i2 + vj3i2 >= 10\n cons_server_load_3: vj0i3 + vj1i3 + vj2i3 + vj3i3 >= 9\n cons_server_load_4: vj0i4 + vj1i4 + vj2i4 + vj3i4 >= 9\n cons_server_load_5: vj0i5 + vj1i5 + vj2i5 + vj3i5 >= 9\n cons_server_on_0: si0 = 1\n cons_server_on_1: si1 = 1\n cons_server_on_2: si2 = 1\n cons_server_on_3: si3 = 1\n cons_server_on_4: si4 = 1\n cons_server_on_5: si5 = 1\n cons_vm_alloc_0: vj0i0 + vj0i1 + vj0i2 + vj0i3 + vj0i4 + vj0i5 <= 22\n cons_vm_alloc_1: vj1i0 + vj1i1 + vj1i2 + vj1i3 + vj1i4 + vj1i5 <= 19\n cons_vm_alloc_2: vj2i0 + vj2i1 + vj2i2 + vj2i3 + vj2i4 + vj2i5 <= 21\n cons_vm_alloc_3: vj3i0 + vj3i1 + vj3i2 + vj3i3 + vj3i4 + vj3i5 <= 20\n cons_min_cpu_vm_0: uj0 >= 1\n cons_min_cpu_vm_1: uj1 >= 1\n cons_min_cpu_vm_2: uj2 >= 1\n cons_min_cpu_vm_3: uj3 >= 1\n\nBounds\n 0 <= si0 <= 1\n 0 <= si1 <= 1\n 0 <= si2 <= 1\n 0 <= si3 <= 1\n 0 <= si4 <= 1\n 0 <= si5 <= 1\n 1 <= uj0\n 1 <= uj1\n 1 <= uj2\n 1 <= uj3\n\nBinaries\n si0 si1 si2 si3 si4 si5\nEnd\n",
  "classic": {
    "objective": 63.000364887443304,
    "status": "SUCCESS",
    "x": [
      1.0,
      1.0,
      1.0,
      1.0,
      1.0,
      1.0,
      0.2217641891960825,
      2.6163930379971374,
      2.586361557270301,
      2.08314623394702,
      2.8850116729941218,
      3.3165747203093536,
      4.54309315978,
      2.379770564539867,
      2.5932623919319164,
      2.317289885774675,
      1.0027128713892688,
      0.3993236655430098,
      2.185569101222864,
      2.6106902426943273,
      2.4407084036008433,
      2.298156762832993,
      2.4170774569314024,
      3.369643738800859,
      3.0497244225599727,
      2.3932807539070593,
      2.37972053603071,
      2.3014336441575316,
      2.695197998685208,
      1.914457875346778,
      1.0,
      1.0,
      1.0,
      1.0
    ],
    "residuals": [
      0.00018281941080716303,
      3.759771478553889e-05
    ],
    "duration_seconds": 5.520965458010323
  },
  "quantum": {
    "objective": 63.000364887443304,
    "status": "SUCCESS",
    "x": [
      1.0,
      1.0,
      1.0,
      1.0,
      1.0,
      1.0,
      0.2217641891960825,
      2.6163930379971374,
      2.586361557270301,
      2.08314623394702,
      2.8850116729941218,
      3.3165747203093536,
      4.54309315978,
      2.379770564539867,
      2.5932623919319164,
      2.317289885774675,
      1.0027128713892688,
      0.3993236655430098,
      2.185569101222864,
      2.6106902426943273,
      2.4407084036008433,
      2.298156762832993,
      2.4170774569314024,
      3.369643738800859,
      3.0497244225599727,
      2.3932807539070593,
      2.37972053603071,
      2.3014336441575316,
      2.695197998685208,
      1.914457875346778,
      1.0,
      1.0,
      1.0,
      1.0
    ],
    "residuals": [
      0.00018281941080716303,
      3.759771478553889e-05
    ],
    "duration_seconds": 41.87840370897902
  },
  "combined_image": "q_20260325_163055_results.png"
}