{
  "script": "q",
  "meta": {
    "n_servers": 3,
    "n_vms": 5,
    "require_all_on": true
  },
  "input": {
    "pi": [
      1.0,
      1.0,
      1.0
    ],
    "pd": [
      1.0,
      1.0,
      1.0
    ],
    "capacities": [
      11,
      11,
      11
    ],
    "vm_allocation_limits": [
      17,
      16,
      15,
      16,
      16
    ],
    "min_cpu_per_vm": 1.0
  },
  "qp_lp": "\\ This file has been generated by DOcplex\n\\ ENCODING=ISO-8859-1\n\\Problem name: qiskit_server\n\nMinimize\n obj: si0 + si1 + si2 + [ 2 vj0i0*uj0 + 2 vj0i1*uj0 + 2 vj0i2*uj0 + 2 vj1i0*uj1\n      + 2 vj1i1*uj1 + 2 vj1i2*uj1 + 2 vj2i0*uj2 + 2 vj2i1*uj2 + 2 vj2i2*uj2\n      + 2 vj3i0*uj3 + 2 vj3i1*uj3 + 2 vj3i2*uj3 + 2 vj4i0*uj4 + 2 vj4i1*uj4\n      + 2 vj4i2*uj4 ]/2\nSubject To\n cons_server_load_0: vj0i0 + vj1i0 + vj2i0 + vj3i0 + vj4i0 >= 10\n cons_server_load_1: vj0i1 + vj1i1 + vj2i1 + vj3i1 + vj4i1 >= 10\n cons_server_load_2: vj0i2 + vj1i2 + vj2i2 + vj3i2 + vj4i2 >= 10\n cons_server_on_0: si0 = 1\n cons_server_on_1: si1 = 1\n cons_server_on_2: si2 = 1\n cons_vm_alloc_0: vj0i0 + vj0i1 + vj0i2 <= 17\n cons_vm_alloc_1: vj1i0 + vj1i1 + vj1i2 <= 16\n cons_vm_alloc_2: vj2i0 + vj2i1 + vj2i2 <= 15\n cons_vm_alloc_3: vj3i0 + vj3i1 + vj3i2 <= 16\n cons_vm_alloc_4: vj4i0 + vj4i1 + vj4i2 <= 16\n cons_min_cpu_vm_0: uj0 >= 1\n cons_min_cpu_vm_1: uj1 >= 1\n cons_min_cpu_vm_2: uj2 >= 1\n cons_min_cpu_vm_3: uj3 >= 1\n cons_min_cpu_vm_4: uj4 >= 1\n\nBounds\n 0 <= si0 <= 1\n 0 <= si1 <= 1\n 0 <= si2 <= 1\n 1 <= uj0\n 1 <= uj1\n 1 <= uj2\n 1 <= uj3\n 1 <= uj4\n\nBinaries\n si0 si1 si2\nEnd\n",
  "classic": {
    "objective": 33.00001163716166,
    "status": "SUCCESS",
    "x": [
      1.0,
      1.0,
      1.0,
      2.0037802489535386,
      2.0112530811152154,
      2.0168472905968318,
      1.9788579490114295,
      2.027220928184406,
      2.054951817104545,
      2.068894868398717,
      1.947128732642172,
      1.9610389299859547,
      1.9657190066819241,
      1.9783371656268351,
      2.015639079667247,
      1.9827479269543897,
      2.036060092431371,
      1.9515331470431805,
      1.0000002275847268,
      1.0,
      1.0,
      1.0,
      1.0
    ],
    "residuals": [
      2.416151856072284e-06
    ],
    "duration_seconds": 1.159285457979422
  },
  "quantum": {
    "objective": 33.00001163716166,
    "status": "SUCCESS",
    "x": [
      1.0,
      1.0,
      1.0,
      2.0037802489535386,
      2.0112530811152154,
      2.0168472905968318,
      1.9788579490114295,
      2.027220928184406,
      2.054951817104545,
      2.068894868398717,
      1.947128732642172,
      1.9610389299859547,
      1.9657190066819241,
      1.9783371656268351,
      2.015639079667247,
      1.9827479269543897,
      2.036060092431371,
      1.9515331470431805,
      1.0000002275847268,
      1.0,
      1.0,
      1.0,
      1.0
    ],
    "residuals": [
      2.416151856072284e-06
    ],
    "duration_seconds": 3.163694541028235
  },
  "combined_image": "q_20260325_162403_results.png"
}