{
  "script": "q",
  "meta": {
    "n_servers": 5,
    "n_vms": 4,
    "require_all_on": true
  },
  "input": {
    "pi": [
      1.0,
      1.0,
      1.0,
      1.0,
      1.0
    ],
    "pd": [
      1.0,
      1.0,
      1.0,
      1.0,
      1.0
    ],
    "capacities": [
      11,
      11,
      11,
      10,
      10
    ],
    "vm_allocation_limits": [
      16,
      18,
      15,
      15
    ],
    "min_cpu_per_vm": 1.0
  },
  "qp_lp": "\\ This file has been generated by DOcplex\n\\ ENCODING=ISO-8859-1\n\\Problem name: qiskit_server\n\nMinimize\n obj: si0 + si1 + si2 + si3 + si4 + [ 2 vj0i0*uj0 + 2 vj0i1*uj0 + 2 vj0i2*uj0\n      + 2 vj0i3*uj0 + 2 vj0i4*uj0 + 2 vj1i0*uj1 + 2 vj1i1*uj1 + 2 vj1i2*uj1\n      + 2 vj1i3*uj1 + 2 vj1i4*uj1 + 2 vj2i0*uj2 + 2 vj2i1*uj2 + 2 vj2i2*uj2\n      + 2 vj2i3*uj2 + 2 vj2i4*uj2 + 2 vj3i0*uj3 + 2 vj3i1*uj3 + 2 vj3i2*uj3\n      + 2 vj3i3*uj3 + 2 vj3i4*uj3 ]/2\nSubject To\n cons_server_load_0: vj0i0 + vj1i0 + vj2i0 + vj3i0 >= 10\n cons_server_load_1: vj0i1 + vj1i1 + vj2i1 + vj3i1 >= 10\n cons_server_load_2: vj0i2 + vj1i2 + vj2i2 + vj3i2 >= 10\n cons_server_load_3: vj0i3 + vj1i3 + vj2i3 + vj3i3 >= 9\n cons_server_load_4: vj0i4 + vj1i4 + vj2i4 + vj3i4 >= 9\n cons_server_on_0: si0 = 1\n cons_server_on_1: si1 = 1\n cons_server_on_2: si2 = 1\n cons_server_on_3: si3 = 1\n cons_server_on_4: si4 = 1\n cons_vm_alloc_0: vj0i0 + vj0i1 + vj0i2 + vj0i3 + vj0i4 <= 16\n cons_vm_alloc_1: vj1i0 + vj1i1 + vj1i2 + vj1i3 + vj1i4 <= 18\n cons_vm_alloc_2: vj2i0 + vj2i1 + vj2i2 + vj2i3 + vj2i4 <= 15\n cons_vm_alloc_3: vj3i0 + vj3i1 + vj3i2 + vj3i3 + vj3i4 <= 15\n cons_min_cpu_vm_0: uj0 >= 1\n cons_min_cpu_vm_1: uj1 >= 1\n cons_min_cpu_vm_2: uj2 >= 1\n cons_min_cpu_vm_3: uj3 >= 1\n\nBounds\n 0 <= si0 <= 1\n 0 <= si1 <= 1\n 0 <= si2 <= 1\n 0 <= si3 <= 1\n 0 <= si4 <= 1\n 1 <= uj0\n 1 <= uj1\n 1 <= uj2\n 1 <= uj3\n\nBinaries\n si0 si1 si2 si3 si4\nEnd\n",
  "classic": {
    "objective": 53.00126921990754,
    "status": "SUCCESS",
    "x": [
      1.0,
      1.0,
      1.0,
      1.0,
      1.0,
      0.9097580360942427,
      1.7185088107075,
      1.8181349337460342,
      1.0835881985403468,
      2.9258189188144756,
      2.273335528550258,
      2.6224113703298753,
      2.985992634921141,
      2.894082474952876,
      3.5073660116396694,
      1.438437288950191,
      2.225457447558481,
      2.1723064969471126,
      2.8994234575389384,
      2.5673166186461356,
      5.378962556649185,
      3.4336223714041445,
      3.0236834779547648,
      2.1229058689678393,
      0.00015671699432420275,
      1.0,
      1.0,
      1.0,
      1.0
    ],
    "residuals": [
      4.964792933402488e-05
    ],
    "duration_seconds": 2.1197518330300227
  },
  "quantum": {
    "objective": 53.00126921990754,
    "status": "SUCCESS",
    "x": [
      1.0,
      1.0,
      1.0,
      1.0,
      1.0,
      0.9097580360942427,
      1.7185088107075,
      1.8181349337460342,
      1.0835881985403468,
      2.9258189188144756,
      2.273335528550258,
      2.6224113703298753,
      2.985992634921141,
      2.894082474952876,
      3.5073660116396694,
      1.438437288950191,
      2.225457447558481,
      2.1723064969471126,
      2.8994234575389384,
      2.5673166186461356,
      5.378962556649185,
      3.4336223714041445,
      3.0236834779547648,
      2.1229058689678393,
      0.00015671699432420275,
      1.0,
      1.0,
      1.0,
      1.0
    ],
    "residuals": [
      4.964792933402488e-05
    ],
    "duration_seconds": 7.451766790996771
  },
  "combined_image": "q_20260325_162715_results.png"
}