{
  "script": "q",
  "meta": {
    "n_servers": 4,
    "n_vms": 6,
    "require_all_on": true
  },
  "input": {
    "pi": [
      1.0,
      1.0,
      1.0,
      1.0
    ],
    "pd": [
      1.0,
      1.0,
      1.0,
      1.0
    ],
    "capacities": [
      11,
      11,
      11,
      10
    ],
    "vm_allocation_limits": [
      17,
      17,
      17,
      15,
      16,
      15
    ],
    "min_cpu_per_vm": 1.0
  },
  "qp_lp": "\\ This file has been generated by DOcplex\n\\ ENCODING=ISO-8859-1\n\\Problem name: qiskit_server\n\nMinimize\n obj: si0 + si1 + si2 + si3 + [ 2 vj0i0*uj0 + 2 vj0i1*uj0 + 2 vj0i2*uj0\n      + 2 vj0i3*uj0 + 2 vj1i0*uj1 + 2 vj1i1*uj1 + 2 vj1i2*uj1 + 2 vj1i3*uj1\n      + 2 vj2i0*uj2 + 2 vj2i1*uj2 + 2 vj2i2*uj2 + 2 vj2i3*uj2 + 2 vj3i0*uj3\n      + 2 vj3i1*uj3 + 2 vj3i2*uj3 + 2 vj3i3*uj3 + 2 vj4i0*uj4 + 2 vj4i1*uj4\n      + 2 vj4i2*uj4 + 2 vj4i3*uj4 + 2 vj5i0*uj5 + 2 vj5i1*uj5 + 2 vj5i2*uj5\n      + 2 vj5i3*uj5 ]/2\nSubject To\n cons_server_load_0: vj0i0 + vj1i0 + vj2i0 + vj3i0 + vj4i0 + vj5i0 >= 10\n cons_server_load_1: vj0i1 + vj1i1 + vj2i1 + vj3i1 + vj4i1 + vj5i1 >= 10\n cons_server_load_2: vj0i2 + vj1i2 + vj2i2 + vj3i2 + vj4i2 + vj5i2 >= 10\n cons_server_load_3: vj0i3 + vj1i3 + vj2i3 + vj3i3 + vj4i3 + vj5i3 >= 9\n cons_server_on_0: si0 = 1\n cons_server_on_1: si1 = 1\n cons_server_on_2: si2 = 1\n cons_server_on_3: si3 = 1\n cons_vm_alloc_0: vj0i0 + vj0i1 + vj0i2 + vj0i3 <= 17\n cons_vm_alloc_1: vj1i0 + vj1i1 + vj1i2 + vj1i3 <= 17\n cons_vm_alloc_2: vj2i0 + vj2i1 + vj2i2 + vj2i3 <= 17\n cons_vm_alloc_3: vj3i0 + vj3i1 + vj3i2 + vj3i3 <= 15\n cons_vm_alloc_4: vj4i0 + vj4i1 + vj4i2 + vj4i3 <= 16\n cons_vm_alloc_5: vj5i0 + vj5i1 + vj5i2 + vj5i3 <= 15\n cons_min_cpu_vm_0: uj0 >= 1\n cons_min_cpu_vm_1: uj1 >= 1\n cons_min_cpu_vm_2: uj2 >= 1\n cons_min_cpu_vm_3: uj3 >= 1\n cons_min_cpu_vm_4: uj4 >= 1\n cons_min_cpu_vm_5: uj5 >= 1\n\nBounds\n 0 <= si0 <= 1\n 0 <= si1 <= 1\n 0 <= si2 <= 1\n 0 <= si3 <= 1\n 1 <= uj0\n 1 <= uj1\n 1 <= uj2\n 1 <= uj3\n 1 <= uj4\n 1 <= uj5\n\nBinaries\n si0 si1 si2 si3\nEnd\n",
  "classic": {
    "objective": 43.00098115998679,
    "status": "SUCCESS",
    "x": [
      1.0,
      1.0,
      1.0,
      1.0,
      6.967681541648832e-05,
      0.9174850041875781,
      1.37147695375885,
      1.4360710574060236,
      2.533505126827953,
      2.603541429863564,
      2.2885810256631323,
      1.3630554570335442,
      2.837290550033763,
      1.6166787273718333,
      1.6543311048234735,
      2.1431809760740697,
      1.820934401519434,
      2.537874283620083,
      1.3868497735896155,
      1.0774389588619107,
      1.5315996504916534,
      1.516420032459885,
      1.807918379249891,
      1.4088759465824765,
      1.2767239659137044,
      0.8080388210925845,
      1.4912568746831167,
      1.5715838807264475,
      1.0,
      1.0,
      1.0,
      1.0,
      1.0000317808855161,
      1.0
    ],
    "residuals": [
      0.00017256924495452018,
      0.00026154073545012066,
      0.00015948448171308226,
      0.0004459954773247158,
      7.503904343218157e-05
    ],
    "duration_seconds": 15.079627791012172
  },
  "quantum": {
    "objective": 43.00098115998679,
    "status": "SUCCESS",
    "x": [
      1.0,
      1.0,
      1.0,
      1.0,
      6.967681541648832e-05,
      0.9174850041875781,
      1.37147695375885,
      1.4360710574060236,
      2.533505126827953,
      2.603541429863564,
      2.2885810256631323,
      1.3630554570335442,
      2.837290550033763,
      1.6166787273718333,
      1.6543311048234735,
      2.1431809760740697,
      1.820934401519434,
      2.537874283620083,
      1.3868497735896155,
      1.0774389588619107,
      1.5315996504916534,
      1.516420032459885,
      1.807918379249891,
      1.4088759465824765,
      1.2767239659137044,
      0.8080388210925845,
      1.4912568746831167,
      1.5715838807264475,
      1.0,
      1.0,
      1.0,
      1.0,
      1.0000317808855161,
      1.0
    ],
    "residuals": [
      0.00017256924495452018,
      0.00026154073545012066,
      0.00015948448171308226,
      0.0004459954773247158,
      7.503904343218157e-05
    ],
    "duration_seconds": 31.639835499983747
  },
  "combined_image": "q_20260325_162621_results.png"
}