{
  "script": "q",
  "meta": {
    "n_servers": 3,
    "n_vms": 4,
    "require_all_on": true
  },
  "input": {
    "pi": [
      1.0,
      1.0,
      1.0
    ],
    "pd": [
      1.0,
      1.0,
      1.0
    ],
    "capacities": [
      11,
      11,
      11
    ],
    "vm_allocation_limits": [
      15,
      14,
      17,
      16
    ],
    "min_cpu_per_vm": 1.0
  },
  "qp_lp": "\\ This file has been generated by DOcplex\n\\ ENCODING=ISO-8859-1\n\\Problem name: qiskit_server\n\nMinimize\n obj: si0 + si1 + si2 + [ 2 vj0i0*uj0 + 2 vj0i1*uj0 + 2 vj0i2*uj0 + 2 vj1i0*uj1\n      + 2 vj1i1*uj1 + 2 vj1i2*uj1 + 2 vj2i0*uj2 + 2 vj2i1*uj2 + 2 vj2i2*uj2\n      + 2 vj3i0*uj3 + 2 vj3i1*uj3 + 2 vj3i2*uj3 ]/2\nSubject To\n cons_server_load_0: vj0i0 + vj1i0 + vj2i0 + vj3i0 >= 10\n cons_server_load_1: vj0i1 + vj1i1 + vj2i1 + vj3i1 >= 10\n cons_server_load_2: vj0i2 + vj1i2 + vj2i2 + vj3i2 >= 10\n cons_server_on_0: si0 = 1\n cons_server_on_1: si1 = 1\n cons_server_on_2: si2 = 1\n cons_vm_alloc_0: vj0i0 + vj0i1 + vj0i2 <= 15\n cons_vm_alloc_1: vj1i0 + vj1i1 + vj1i2 <= 14\n cons_vm_alloc_2: vj2i0 + vj2i1 + vj2i2 <= 17\n cons_vm_alloc_3: vj3i0 + vj3i1 + vj3i2 <= 16\n cons_min_cpu_vm_0: uj0 >= 1\n cons_min_cpu_vm_1: uj1 >= 1\n cons_min_cpu_vm_2: uj2 >= 1\n cons_min_cpu_vm_3: uj3 >= 1\n\nBounds\n 0 <= si0 <= 1\n 0 <= si1 <= 1\n 0 <= si2 <= 1\n 1 <= uj0\n 1 <= uj1\n 1 <= uj2\n 1 <= uj3\n\nBinaries\n si0 si1 si2\nEnd\n",
  "classic": {
    "objective": 33.00007868694807,
    "status": "SUCCESS",
    "x": [
      1.0,
      1.0,
      1.0,
      3.836040411790004,
      0.7572752305651722,
      1.7966006187535144,
      3.113521168100508,
      3.5712081723273306,
      0.26229398058881204,
      0.11848036942168289,
      1.8929049735248808e-06,
      2.422863937977633,
      2.9319580506878067,
      5.671534379548852,
      5.518253671004008,
      1.0,
      1.0000067371700954,
      1.0,
      1.0
    ],
    "residuals": [
      2.3381655730900753e-05
    ],
    "duration_seconds": 1.0124384589726105
  },
  "quantum": {
    "objective": 33.00007868694807,
    "status": "SUCCESS",
    "x": [
      1.0,
      1.0,
      1.0,
      3.836040411790004,
      0.7572752305651722,
      1.7966006187535144,
      3.113521168100508,
      3.5712081723273306,
      0.26229398058881204,
      0.11848036942168289,
      1.8929049735248808e-06,
      2.422863937977633,
      2.9319580506878067,
      5.671534379548852,
      5.518253671004008,
      1.0,
      1.0000067371700954,
      1.0,
      1.0
    ],
    "residuals": [
      2.3381655730900753e-05
    ],
    "duration_seconds": 2.947300542029552
  },
  "combined_image": "q_20260325_162356_results.png"
}