{
  "script": "q",
  "meta": {
    "n_servers": 1,
    "n_vms": 2,
    "require_all_on": true
  },
  "input": {
    "pi": [
      1.0
    ],
    "pd": [
      1.0
    ],
    "capacities": [
      11
    ],
    "vm_allocation_limits": [
      8,
      10
    ],
    "min_cpu_per_vm": 1.0
  },
  "qp_lp": "\\ This file has been generated by DOcplex\n\\ ENCODING=ISO-8859-1\n\\Problem name: qiskit_server\n\nMinimize\n obj: si0 + [ 2 vj0i0*uj0 + 2 vj1i0*uj1 ]/2\nSubject To\n cons_server_load_0: vj0i0 + vj1i0 >= 10\n cons_server_on_0: si0 = 1\n cons_vm_alloc_0: vj0i0 <= 8\n cons_vm_alloc_1: vj1i0 <= 10\n cons_min_cpu_vm_0: uj0 >= 1\n cons_min_cpu_vm_1: uj1 >= 1\n\nBounds\n 0 <= si0 <= 1\n 1 <= uj0\n 1 <= uj1\n\nBinaries\n si0\nEnd\n",
  "classic": {
    "objective": 11.000000000000007,
    "status": "SUCCESS",
    "x": [
      1.0,
      6.658396776599789,
      3.341603223400212,
      1.0000000000000007,
      1.0000000000000004
    ],
    "residuals": [
      0.0
    ],
    "duration_seconds": 0.23554735399966376
  },
  "quantum": {
    "objective": 11.000000000000007,
    "status": "SUCCESS",
    "x": [
      1.0,
      6.658396776599789,
      3.341603223400212,
      1.0000000000000007,
      1.0000000000000004
    ],
    "residuals": [
      0.0
    ],
    "duration_seconds": 1.7824166199998217
  },
  "combined_image": "q_20260615_102808_results.png"
}