{
  "script": "q",
  "meta": {
    "n_servers": 4,
    "n_vms": 5,
    "require_all_on": true
  },
  "input": {
    "pi": [
      1.0,
      1.0,
      1.0,
      1.0
    ],
    "pd": [
      1.0,
      1.0,
      1.0,
      1.0
    ],
    "capacities": [
      11,
      11,
      11,
      10
    ],
    "vm_allocation_limits": [
      16,
      14,
      15,
      16,
      15
    ],
    "min_cpu_per_vm": 1.0
  },
  "qp_lp": "\\ This file has been generated by DOcplex\n\\ ENCODING=ISO-8859-1\n\\Problem name: qiskit_server\n\nMinimize\n obj: si0 + si1 + si2 + si3 + [ 2 vj0i0*uj0 + 2 vj0i1*uj0 + 2 vj0i2*uj0\n      + 2 vj0i3*uj0 + 2 vj1i0*uj1 + 2 vj1i1*uj1 + 2 vj1i2*uj1 + 2 vj1i3*uj1\n      + 2 vj2i0*uj2 + 2 vj2i1*uj2 + 2 vj2i2*uj2 + 2 vj2i3*uj2 + 2 vj3i0*uj3\n      + 2 vj3i1*uj3 + 2 vj3i2*uj3 + 2 vj3i3*uj3 + 2 vj4i0*uj4 + 2 vj4i1*uj4\n      + 2 vj4i2*uj4 + 2 vj4i3*uj4 ]/2\nSubject To\n cons_server_load_0: vj0i0 + vj1i0 + vj2i0 + vj3i0 + vj4i0 >= 10\n cons_server_load_1: vj0i1 + vj1i1 + vj2i1 + vj3i1 + vj4i1 >= 10\n cons_server_load_2: vj0i2 + vj1i2 + vj2i2 + vj3i2 + vj4i2 >= 10\n cons_server_load_3: vj0i3 + vj1i3 + vj2i3 + vj3i3 + vj4i3 >= 9\n cons_server_on_0: si0 = 1\n cons_server_on_1: si1 = 1\n cons_server_on_2: si2 = 1\n cons_server_on_3: si3 = 1\n cons_vm_alloc_0: vj0i0 + vj0i1 + vj0i2 + vj0i3 <= 16\n cons_vm_alloc_1: vj1i0 + vj1i1 + vj1i2 + vj1i3 <= 14\n cons_vm_alloc_2: vj2i0 + vj2i1 + vj2i2 + vj2i3 <= 15\n cons_vm_alloc_3: vj3i0 + vj3i1 + vj3i2 + vj3i3 <= 16\n cons_vm_alloc_4: vj4i0 + vj4i1 + vj4i2 + vj4i3 <= 15\n cons_min_cpu_vm_0: uj0 >= 1\n cons_min_cpu_vm_1: uj1 >= 1\n cons_min_cpu_vm_2: uj2 >= 1\n cons_min_cpu_vm_3: uj3 >= 1\n cons_min_cpu_vm_4: uj4 >= 1\n\nBounds\n 0 <= si0 <= 1\n 0 <= si1 <= 1\n 0 <= si2 <= 1\n 0 <= si3 <= 1\n 1 <= uj0\n 1 <= uj1\n 1 <= uj2\n 1 <= uj3\n 1 <= uj4\n\nBinaries\n si0 si1 si2 si3\nEnd\n",
  "classic": {
    "objective": 43.001385236830934,
    "status": "SUCCESS",
    "x": [
      1.0,
      1.0,
      1.0,
      1.0,
      1.23774951000405,
      0.011400308966901149,
      0.4669055729542131,
      1.7017331253165553,
      0.8883705122343292,
      2.702209334853769,
      1.8185060434816793,
      0.6752416596378441,
      1.7932320513098734,
      2.680079260899958,
      3.8826934226005068,
      1.5236927229922912,
      2.7927020943138237,
      3.3617384625993982,
      2.324525115012307,
      2.7311160566037596,
      3.2882566396467228,
      1.2453725553312094,
      1.5074800848173038,
      2.368323129515973,
      1.0000163597269625,
      1.0000002727748458,
      1.0,
      1.0,
      1.0
    ],
    "residuals": [
      3.78345244596306e-05
    ],
    "duration_seconds": 3.8658844280002995
  },
  "quantum": {
    "objective": 43.001385236830934,
    "status": "SUCCESS",
    "x": [
      1.0,
      1.0,
      1.0,
      1.0,
      1.23774951000405,
      0.011400308966901149,
      0.4669055729542131,
      1.7017331253165553,
      0.8883705122343292,
      2.702209334853769,
      1.8185060434816793,
      0.6752416596378441,
      1.7932320513098734,
      2.680079260899958,
      3.8826934226005068,
      1.5236927229922912,
      2.7927020943138237,
      3.3617384625993982,
      2.324525115012307,
      2.7311160566037596,
      3.2882566396467228,
      1.2453725553312094,
      1.5074800848173038,
      2.368323129515973,
      1.0000163597269625,
      1.0000002727748458,
      1.0,
      1.0,
      1.0
    ],
    "residuals": [
      3.78345244596306e-05
    ],
    "duration_seconds": 10.15707922699994
  },
  "combined_image": "q_20260615_103208_results.png"
}